sentence_id,group_id,split
0,g_0,train
1,g_1,validation
2,g_2,train
3,g_3,train
4,g_4,validation
5,g_5,train
6,g_6,validation
7,g_7,validation
8,g_8,train
9,g_9,train
10,g_10,train
11,g_11,validation
12,g_12,train
13,g_13,train
14,g_14,train
15,g_15,train
16,g_16,train
17,g_17,train
18,g_18,train
19,g_19,train
20,g_20,validation
21,g_21,train
22,g_22,train
23,g_23,train
24,g_24,train
25,g_25,validation
26,g_26,train
27,g_27,train
28,g_28,train
29,g_29,train
30,g_30,train
31,g_31,test
32,g_32,train
33,g_33,train
34,g_34,train
35,g_35,train
36,g_36,test
37,g_37,train
38,g_38,train
39,g_39,train
40,g_40,train
41,g_41,validation
42,g_42,train
43,g_43,validation
44,g_44,train
45,g_45,train
46,g_46,train
47,g_47,train
48,g_48,train
49,g_49,train
50,g_50,train
51,g_51,train
52,g_52,train
53,g_53,train
54,g_54,train
55,g_55,train
56,g_56,train
57,g_57,train
58,g_58,train
59,g_59,train
60,g_60,train
62,g_62,train
63,g_63,test
64,g_64,train
65,g_65,test
66,g_66,train
67,g_67,train
68,g_68,train
69,g_69,validation
70,g_70,train
71,g_71,train
72,g_72,train
73,g_73,train
74,g_74,train
75,g_75,train
76,g_76,train
77,g_77,train
78,g_78,test
79,g_79,validation
80,g_80,train
81,g_81,train
82,g_82,train
83,g_83,train
84,g_84,train
85,g_85,train
86,g_86,train
87,g_87,test
88,g_88,train
89,g_89,train
90,g_90,train
91,g_91,train
92,g_92,test
93,g_93,validation
94,g_94,validation
95,g_95,train
96,g_96,train
97,g_97,test
98,g_98,train
99,g_99,train
100,g_100,test
101,g_101,train
102,g_102,train
103,g_103,validation
104,g_104,train
105,g_105,train
106,g_106,train
107,g_107,validation
108,g_108,train
109,g_109,train
110,g_110,test
111,g_111,train
112,g_112,train
113,g_113,train
114,g_114,validation
115,g_115,train
116,g_116,train
117,g_117,train
118,g_118,train
119,g_119,train
120,g_120,train
121,g_121,test
122,g_122,train
123,g_123,train
124,g_124,train
125,g_125,train
126,g_126,validation
127,g_127,train
128,g_128,train
129,g_129,train
130,g_130,train
131,g_131,train
132,g_132,train
133,g_133,train
134,g_134,train
135,g_135,train
136,g_136,test
137,g_137,train
138,g_138,train
139,g_139,train
140,g_140,train
141,g_141,validation
142,g_142,validation
143,g_143,train
144,g_144,train
145,g_145,train
146,g_146,train
147,g_147,train
148,g_148,train
149,g_149,train
150,g_150,train
151,g_151,train
152,g_152,test
153,g_153,train
154,g_154,validation
155,g_155,train
156,g_156,train
157,g_157,train
158,g_158,train
159,g_159,train
160,g_160,train
161,g_161,validation
162,g_162,train
163,g_163,train
164,g_164,train
165,g_165,train
166,g_166,train
167,g_167,train
168,g_168,validation
169,g_169,train
170,g_170,validation
171,g_171,test
172,g_172,train
173,g_173,train
174,g_174,train
175,g_175,train
176,g_176,test
177,g_177,train
178,g_178,train
179,g_179,train
180,g_180,train
181,g_181,train
182,g_182,validation
183,g_183,train
184,g_184,test
185,g_185,train
186,g_186,train
187,g_187,train
188,g_188,train
189,g_189,train
190,g_190,train
191,g_191,train
192,g_192,train
193,g_193,test
194,g_194,train
195,g_195,validation
196,g_196,test
197,g_197,train
198,g_198,validation
199,g_199,train
200,g_200,train
201,g_201,train
202,g_202,train
203,g_203,train
204,g_204,validation
205,g_205,train
206,g_206,train
207,g_207,train
208,g_208,test
209,g_209,train
210,g_210,train
211,g_211,validation
212,g_212,train
213,g_213,train
214,g_214,train
215,g_215,train
216,g_216,train
217,g_217,train
218,g_218,test
219,g_219,train
220,g_220,train
221,g_221,train
222,g_222,train
223,g_223,train
224,g_224,train
225,g_225,train
226,g_226,validation
227,g_227,train
228,g_228,train
229,g_229,train
230,g_230,train
231,g_231,test
232,g_232,train
233,g_233,train
234,g_234,train
235,g_235,train
236,g_236,validation
237,g_237,train
238,g_238,train
239,g_239,train
240,g_240,train
241,g_241,train
242,g_242,train
243,g_243,test
244,g_244,train
245,g_245,test
246,g_246,train
247,g_247,train
248,g_248,train
249,g_249,train
250,g_250,train
251,g_251,train
252,g_252,train
253,g_253,train
254,g_254,train
255,g_255,train
256,g_256,train
257,g_257,train
258,g_258,train
259,g_259,train
260,g_260,train
261,g_261,train
262,g_262,train
263,g_263,validation
264,g_264,test
265,g_265,train
266,g_266,validation
267,g_267,train
268,g_268,train
269,g_269,train
270,g_270,train
271,g_271,train
272,g_272,train
273,g_273,test
274,g_274,train
275,g_275,train
276,g_276,train
277,g_277,train
278,g_278,train
279,g_279,train
280,g_280,train
281,g_281,test
282,g_282,train
283,g_283,train
284,g_284,train
285,g_285,train
286,g_286,train
287,g_287,train
288,g_288,train
289,g_289,train
290,g_290,validation
291,g_291,train
292,g_292,train
293,g_293,train
294,g_294,train
295,g_295,train
296,g_296,validation
297,g_297,train
298,g_298,train
299,g_299,train
300,g_300,train
301,g_301,train
302,g_302,test
303,g_303,train
304,g_304,train
305,g_305,train
306,g_306,train
307,g_307,train
308,g_308,train
309,g_309,train
310,g_310,train
311,g_311,train
312,g_312,train
313,g_313,test
314,g_314,train
315,g_315,train
316,g_316,test
317,g_317,train
318,g_318,train
319,g_319,train
320,g_320,train
321,g_321,validation
322,g_322,test
323,g_323,train
324,g_324,train
325,g_325,test
326,g_326,train
327,g_327,test
328,g_328,validation
329,g_329,train
330,g_330,train
331,g_331,train
332,g_332,train
333,g_333,train
334,g_334,train
335,g_335,train
336,g_336,validation
337,g_337,train
338,g_338,train
339,g_339,train
340,g_340,train
341,g_341,validation
342,g_342,train
343,g_343,train
344,g_344,train
345,g_345,test
346,g_346,test
347,g_347,train
348,g_348,train
349,g_349,train
350,g_350,train
351,g_351,train
352,g_352,train
353,g_353,validation
354,g_354,train
355,g_355,train
356,g_356,train
357,g_357,validation
358,g_358,train
359,g_359,train
360,g_360,train
361,g_361,train
362,g_362,train
363,g_363,validation
364,g_364,test
365,g_365,train
366,g_366,validation
367,g_367,train
368,g_368,train
369,g_369,test
370,g_370,train
371,g_371,train
372,g_372,train
373,g_373,train
374,g_374,train
375,g_375,train
376,g_376,test
377,g_377,test
378,g_378,train
379,g_379,train
380,g_380,test
381,g_381,test
382,g_382,train
383,g_383,train
384,g_384,train
385,g_385,train
386,g_386,validation
387,g_387,train
388,g_388,validation
389,g_389,train
390,g_390,train
391,g_391,validation
392,g_392,train
393,g_393,train
394,g_394,train
395,g_395,train
396,g_396,train
397,g_397,train
398,g_398,train
399,g_399,train
400,g_400,train
401,g_401,test
402,g_402,train
403,g_403,train
404,g_404,train
405,g_405,train
406,g_406,train
407,g_407,train
408,g_408,train
409,g_409,train
410,g_410,train
411,g_411,train
412,g_412,train
413,g_413,train
414,g_414,train
415,g_415,train
416,g_416,train
417,g_417,train
418,g_418,train
419,g_419,train
420,g_420,train
421,g_421,train
422,g_422,train
423,g_423,train
424,g_424,train
425,g_425,train
426,g_426,train
427,g_427,train
428,g_428,train
429,g_429,train
430,g_430,train
431,g_431,train
432,g_432,train
433,g_433,train
434,g_434,train
435,g_435,train
436,g_436,train
437,g_437,train
438,g_438,train
439,g_439,train
440,g_440,train
441,g_441,train
442,g_442,train
443,g_443,train
444,g_444,train
445,g_445,validation
446,g_446,train
447,g_447,validation
448,g_448,test
449,g_449,train
450,g_450,train
451,g_451,train
452,g_452,test
453,g_453,train
454,g_454,train
455,g_455,train
456,g_456,train
457,g_457,test
458,g_458,train
459,g_459,validation
460,g_460,train
461,g_461,train
462,g_462,train
463,g_463,train
464,g_464,train
465,g_465,validation
466,g_466,train
467,g_467,train
468,g_468,test
469,g_469,train
470,g_470,train
471,g_471,train
472,g_472,train
473,g_473,train
474,g_474,train
475,g_475,train
476,g_476,train
477,g_477,train
478,g_478,train
479,g_479,train
480,g_480,train
481,g_481,train
482,g_482,train
483,g_483,train
484,g_484,train
485,g_485,train
486,g_486,train
487,g_487,train
488,g_488,train
489,g_489,train
490,g_490,train
491,g_491,train
492,g_492,train
493,g_493,train
494,g_494,train
495,g_495,train
496,g_496,train
497,g_497,validation
498,g_498,train
499,g_499,train
500,g_500,train
501,g_501,test
502,g_502,train
503,g_503,train
504,g_504,train
505,g_505,train
506,g_506,train
507,g_507,test
508,g_508,test
509,g_509,train
510,g_510,train
511,g_511,train
512,g_512,train
513,g_513,train
514,g_514,train
515,g_515,train
516,g_516,train
517,g_517,train
518,g_518,train
519,g_519,train
520,g_520,test
521,g_521,train
522,g_522,train
523,g_523,train
524,g_524,train
525,g_525,train
526,g_526,train
527,g_527,train
528,g_528,test
529,g_529,train
530,g_530,train
531,g_531,test
532,g_532,train
533,g_533,train
534,g_534,train
535,g_535,train
536,g_536,validation
537,g_537,test
538,g_538,train
539,g_539,train
540,g_540,train
541,g_541,train
542,g_542,train
543,g_543,train
544,g_544,train
545,g_545,train
546,g_546,train
547,g_547,train
548,g_548,train
549,g_549,train
550,g_550,test
551,g_551,validation
552,g_552,train
553,g_553,train
554,g_554,train
555,g_555,train
556,g_556,validation
557,g_557,train
558,g_558,test
559,g_559,train
560,g_560,test
561,g_561,train
562,g_562,train
563,g_563,train
564,g_564,train
565,g_565,train
566,g_566,test
567,g_567,train
568,g_568,train
569,g_569,train
570,g_570,validation
571,g_571,test
572,g_572,train
573,g_573,train
574,g_574,train
575,g_575,train
576,g_576,train
577,g_577,train
578,g_578,train
579,g_579,validation
580,g_580,validation
581,g_581,train
582,g_582,train
583,g_583,train
584,g_584,train
585,g_585,train
586,g_586,train
587,g_587,train
588,g_588,train
589,g_589,train
590,g_590,train
591,g_591,validation
592,g_592,test
593,g_593,train
594,g_594,train
595,g_595,train
596,g_596,train
597,g_597,train
598,g_598,train
599,g_599,train
600,g_600,train
601,g_601,train
602,g_602,train
603,g_603,train
604,g_604,test
605,g_605,train
606,g_606,validation
607,g_607,train
608,g_608,train
609,g_609,train
610,g_610,train
611,g_611,train
612,g_612,train
613,g_613,train
614,g_614,train
615,g_615,train
616,g_616,train
617,g_617,train
618,g_618,train
619,g_619,train
620,g_620,test
621,g_621,train
622,g_622,test
623,g_623,train
624,g_624,train
625,g_625,train
626,g_626,train
627,g_627,train
628,g_628,train
629,g_629,train
630,g_630,train
631,g_631,train
632,g_632,validation
633,g_633,train
634,g_634,validation
635,g_635,train
636,g_636,train
637,g_637,test
638,g_638,train
639,g_639,train
640,g_640,train
641,g_641,test
642,g_642,train
643,g_643,test
644,g_644,test
645,g_645,train
646,g_646,train
647,g_647,train
648,g_648,train
649,g_649,train
650,g_650,train
651,g_651,train
652,g_652,train
653,g_653,train
654,g_654,train
655,g_655,train
656,g_656,train
657,g_657,validation
658,g_658,train
659,g_659,train
660,g_660,validation
661,g_661,train
662,g_662,train
663,g_663,test
664,g_664,train
665,g_665,train
666,g_666,test
667,g_667,train
668,g_668,train
669,g_669,validation
670,g_670,test
671,g_671,train
672,g_672,test
673,g_673,train
674,g_674,train
675,g_675,train
676,g_676,train
677,g_677,train
678,g_678,test
679,g_679,train
680,g_680,train
681,g_681,train
682,g_682,train
683,g_683,train
684,g_684,test
685,g_685,train
686,g_686,train
687,g_687,train
688,g_688,train
689,g_689,train
690,g_690,validation
691,g_691,train
692,g_692,train
693,g_693,train
694,g_694,validation
695,g_695,test
696,g_696,train
697,g_697,train
698,g_698,test
699,g_699,train
700,g_700,train
701,g_701,train
702,g_702,train
703,g_703,train
704,g_704,train
705,g_705,validation
706,g_706,train
707,g_707,train
708,g_708,train
709,g_709,train
710,g_710,validation
711,g_711,train
712,g_712,train
713,g_713,train
714,g_714,train
715,g_715,validation
716,g_716,train
717,g_717,train
718,g_718,train
719,g_719,train
720,g_720,train
721,g_721,test
722,g_722,train
723,g_723,validation
724,g_724,test
725,g_725,train
726,g_726,train
727,g_727,train
728,g_728,train
729,g_729,train
730,g_730,train
731,g_731,validation
732,g_732,train
733,g_733,train
734,g_734,train
735,g_735,train
736,g_736,train
737,g_737,train
738,g_738,train
739,g_739,train
740,g_740,train
741,g_741,train
742,g_742,test
743,g_743,train
744,g_744,train
745,g_745,train
746,g_746,validation
747,g_747,test
748,g_748,train
749,g_749,test
750,g_750,train
751,g_751,train
752,g_752,train
753,g_753,train
754,g_754,train
755,g_755,train
756,g_648,train
757,g_757,train
758,g_758,train
759,g_759,validation
760,g_760,train
761,g_761,train
762,g_762,train
763,g_763,train
764,g_764,train
765,g_765,test
766,g_766,train
767,g_767,train
768,g_768,train
769,g_769,train
770,g_770,train
771,g_771,test
772,g_772,train
773,g_773,train
774,g_774,train
775,g_775,train
776,g_776,validation
777,g_777,validation
778,g_778,train
779,g_779,validation
780,g_780,train
781,g_781,train
782,g_782,train
783,g_783,train
784,g_784,train
785,g_785,train
786,g_786,train
787,g_787,train
788,g_788,validation
789,g_789,train
790,g_790,train
791,g_791,test
792,g_792,train
793,g_793,train
794,g_794,train
795,g_795,validation
796,g_796,train
797,g_797,train
798,g_798,train
799,g_799,train
800,g_800,train
801,g_801,validation
802,g_802,validation
803,g_803,train
804,g_804,train
805,g_805,train
806,g_806,train
807,g_807,train
808,g_808,validation
809,g_809,train
810,g_810,train
811,g_811,train
812,g_812,train
813,g_813,validation
814,g_814,train
815,g_815,train
816,g_816,validation
817,g_817,validation
818,g_818,test
819,g_819,train
820,g_820,validation
821,g_821,train
822,g_822,validation
823,g_823,test
824,g_824,train
825,g_825,test
826,g_826,train
827,g_827,train
828,g_828,train
829,g_829,test
830,g_830,train
831,g_831,train
832,g_832,train
833,g_833,train
834,g_834,train
835,g_835,validation
836,g_836,train
837,g_837,train
838,g_838,train
839,g_839,validation
840,g_840,validation
841,g_841,train
842,g_842,train
843,g_843,train
844,g_844,train
845,g_845,train
846,g_846,train
847,g_847,train
848,g_848,train
849,g_849,train
850,g_850,train
851,g_851,test
852,g_852,train
853,g_853,train
854,g_854,train
855,g_855,train
856,g_856,train
857,g_857,train
858,g_858,train
859,g_859,train
860,g_860,train
861,g_861,train
862,g_862,train
863,g_863,train
864,g_864,train
865,g_865,train
866,g_866,train
867,g_867,train
868,g_868,train
869,g_869,train
870,g_870,train
871,g_871,train
872,g_872,train
873,g_873,train
874,g_874,validation
875,g_875,train
876,g_876,train
877,g_877,train
878,g_878,validation
879,g_879,train
880,g_880,validation
881,g_881,train
882,g_882,train
883,g_883,train
884,g_884,train
885,g_885,validation
886,g_886,train
887,g_887,train
888,g_888,validation
889,g_889,validation
890,g_890,train
891,g_891,train
892,g_892,train
893,g_893,train
894,g_894,validation
895,g_895,train
896,g_896,train
897,g_897,test
898,g_898,train
899,g_899,train
900,g_900,train
901,g_901,train
902,g_902,train
903,g_903,train
904,g_904,test
905,g_905,train
906,g_906,train
907,g_907,train
908,g_908,train
909,g_909,train
910,g_910,train
911,g_911,train
912,g_912,train
913,g_913,train
914,g_914,train
915,g_915,train
916,g_916,train
917,g_917,train
918,g_918,train
919,g_919,train
920,g_920,train
921,g_921,train
922,g_922,train
923,g_923,train
924,g_924,train
925,g_925,train
926,g_926,train
927,g_927,train
928,g_928,train
929,g_929,train
930,g_930,validation
931,g_931,validation
932,g_932,train
933,g_933,train
934,g_934,train
935,g_935,test
936,g_936,train
937,g_937,train
938,g_938,train
939,g_939,validation
940,g_940,validation
941,g_941,train
942,g_942,train
943,g_943,validation
944,g_944,train
945,g_945,train
946,g_946,train
947,g_947,train
948,g_948,train
949,g_949,train
950,g_950,train
951,g_951,train
952,g_952,train
953,g_953,train
954,g_954,train
955,g_955,test
956,g_956,test
957,g_957,train
958,g_958,train
959,g_959,train
960,g_960,train
961,g_961,validation
962,g_962,train
963,g_963,train
964,g_964,train
965,g_965,train
966,g_966,train
967,g_967,train
968,g_968,train
969,g_969,train
970,g_970,train
971,g_971,train
972,g_972,train
973,g_973,train
974,g_974,train
975,g_975,train
976,g_976,train
977,g_977,train
978,g_978,train
979,g_979,validation
980,g_980,test
981,g_981,test
982,g_982,train
983,g_983,train
984,g_984,train
985,g_985,train
986,g_986,train
987,g_987,train
988,g_988,train
989,g_989,train
990,g_990,train
991,g_991,train
992,g_992,train
993,g_993,train
994,g_994,validation
995,g_995,test
996,g_996,train
997,g_997,train
998,g_998,train
999,g_999,train
1000,g_1000,train
1001,g_1001,train
1002,g_1002,validation
1003,g_1003,train
1004,g_1004,validation
1005,g_1005,train
1006,g_1006,train
1007,g_1007,train
1008,g_1008,train
1009,g_1009,train
1010,g_1010,train
1011,g_1011,test
1012,g_1012,train
1013,g_1013,train
1014,g_1014,train
1015,g_1015,train
1016,g_1016,validation
1017,g_1017,train
1019,g_1019,train
1020,g_1020,train
1021,g_1021,train
1022,g_1022,train
1024,g_1024,train
1025,g_1025,validation
1026,g_1026,train
1027,g_1027,train
1028,g_1028,train
1029,g_1029,train
1030,g_1030,train
1031,g_1031,train
1032,g_1032,train
1033,g_1033,train
1034,g_1034,train
1035,g_1035,test
1036,g_1036,train
1037,g_1037,train
1038,g_1038,train
1039,g_1039,train
1040,g_1040,train
1041,g_1041,test
1042,g_1042,train
1043,g_1043,train
1044,g_1044,train
1045,g_1045,train
1046,g_1046,validation
1047,g_1047,train
1048,g_1048,test
1049,g_1049,train
1050,g_1050,train
1051,g_1051,test
1052,g_1052,train
1053,g_1053,train
1055,g_1055,validation
1056,g_1056,test
1057,g_1057,train
1058,g_1058,test
1059,g_1059,train
1060,g_1060,train
1061,g_1061,test
1062,g_1062,train
1063,g_1063,train
1064,g_1064,train
1065,g_1065,train
1066,g_1066,validation
1067,g_1067,train
1068,g_1068,train
1069,g_1069,train
1070,g_1070,train
1071,g_1071,train
1072,g_1072,train
1073,g_1015,train
1074,g_1074,train
1075,g_1075,train
1076,g_1076,train
1077,g_1077,train
1078,g_1078,train
1079,g_1079,train
1080,g_1080,train
1081,g_1081,train
1082,g_1082,train
1083,g_1083,train
1084,g_1084,train
1085,g_1085,train
1086,g_1086,train
1087,g_1087,test
1088,g_1088,train
1089,g_1089,train
1090,g_1090,train
1091,g_1091,test
1092,g_1092,train
1093,g_1093,train
1094,g_1094,train
1095,g_1095,train
1096,g_1096,train
1097,g_1097,train
1098,g_1098,validation
1099,g_1099,train
1100,g_1100,train
1101,g_1101,train
1102,g_1102,train
1103,g_1103,train
1104,g_1104,test
1105,g_1105,train
1106,g_1106,validation
1107,g_1107,train
1108,g_1108,validation
1109,g_1109,validation
1110,g_1110,train
1111,g_1111,train
1112,g_1112,train
1113,g_1113,train
1114,g_1114,validation
1115,g_1115,train
1116,g_1116,validation
1117,g_1117,train
1118,g_1118,train
1119,g_1119,train
1120,g_1120,train
1121,g_1121,train
1122,g_1122,train
1123,g_1123,train
1124,g_1124,train
1125,g_1125,train
1126,g_1126,test
1127,g_1127,train
1128,g_1128,train
1129,g_1129,train
1130,g_1130,validation
1131,g_1131,train
1132,g_1132,test
1133,g_1133,train
1134,g_1134,train
1135,g_1135,train
1136,g_1136,train
1137,g_1137,validation
1138,g_1138,train
1139,g_1139,train
1140,g_1140,train
1141,g_1141,train
1142,g_1142,validation
1143,g_1143,train
1144,g_1144,validation
1145,g_1145,train
1146,g_1146,train
1147,g_1147,test
1148,g_1148,validation
1149,g_1149,train
1150,g_1150,validation
1151,g_1151,train
1152,g_1152,test
1153,g_1153,train
1154,g_1154,train
1155,g_1155,validation
1156,g_1156,train
1157,g_1157,train
1158,g_1158,train
1159,g_1159,train
1160,g_1160,train
1161,g_1161,validation
1162,g_1162,validation
1163,g_1163,test
1164,g_1164,validation
1165,g_1165,train
1166,g_1166,train
1167,g_1167,train
1168,g_1168,train
1169,g_1169,train
1170,g_1170,train
1171,g_1171,train
1172,g_1172,train
1173,g_1173,test
1174,g_1174,train
1175,g_1175,train
1176,g_1176,train
1177,g_1085,train
1181,g_1181,train
1182,g_1182,train
1183,g_1183,train
1184,g_1184,train
1185,g_1185,train
1186,g_1186,train
1187,g_1187,train
1188,g_1188,train
1189,g_1189,test
1190,g_1190,train
1191,g_1191,train
1192,g_1192,validation
1193,g_1193,test
1194,g_1194,train
1195,g_1195,train
1196,g_1196,train
1197,g_1197,train
1198,g_1198,train
1199,g_1199,test
1200,g_1200,train
1201,g_1201,train
1202,g_1202,train
1203,g_1203,train
1204,g_1204,train
1205,g_1205,train
1206,g_1206,train
1207,g_1207,train
1208,g_1208,train
1209,g_1209,test
1210,g_1210,train
1211,g_1211,train
1212,g_1212,train
1213,g_1213,train
1214,g_1214,train
1215,g_1215,train
1216,g_1216,train
1217,g_1217,train
1218,g_1218,train
1219,g_1219,train
1220,g_1220,train
1221,g_1221,train
1222,g_1222,train
1223,g_1223,test
1224,g_1224,train
1225,g_1225,train
1226,g_1226,train
1227,g_1227,train
1228,g_1228,train
1229,g_1229,train
1230,g_1230,train
1231,g_1231,train
1232,g_1232,train
1233,g_1233,train
1234,g_1234,train
1235,g_1235,train
1236,g_1236,train
1237,g_1237,train
1238,g_1238,train
1239,g_1239,train
1240,g_1240,test
1241,g_1241,train
1242,g_1242,train
1243,g_1243,train
1244,g_1244,train
1245,g_1245,train
1246,g_1246,train
1247,g_1247,validation
1248,g_1248,train
1249,g_1249,train
1250,g_1250,train
1251,g_1251,train
1252,g_1252,train
1253,g_1253,train
1254,g_1254,train
1255,g_1255,train
1256,g_1256,train
1257,g_1257,train
1258,g_1258,train
1259,g_1259,train
1260,g_1260,train
1261,g_1261,train
1262,g_1262,train
1263,g_1263,train
1264,g_1264,train
1265,g_1265,train
1266,g_1266,train
1267,g_1267,validation
1268,g_1268,train
1269,g_1269,train
1270,g_1270,train
1271,g_1271,test
1272,g_1272,train
1273,g_1273,train
1274,g_1274,train
1275,g_1275,train
1276,g_1276,train
1277,g_1277,validation
1278,g_1278,train
1279,g_1279,train
1280,g_1280,test
1281,g_1281,train
1282,g_1282,train
1283,g_1283,train
1284,g_1284,train
1285,g_1285,test
1286,g_1286,train
1287,g_1287,train
1288,g_1288,train
1289,g_1289,train
1290,g_1290,test
1291,g_1291,validation
1292,g_1292,train
1293,g_1293,train
1294,g_1294,train
1295,g_1295,train
1296,g_1296,test
1297,g_1297,test
1298,g_1298,train
1299,g_1299,train
1300,g_1300,train
1301,g_1301,train
1302,g_1302,train
1303,g_1303,train
1304,g_1304,train
1305,g_1305,train
1306,g_1306,train
1307,g_1307,train
1308,g_1308,train
1309,g_1309,train
1310,g_1310,train
1311,g_1311,validation
1312,g_1312,train
1313,g_1313,train
1314,g_1314,train
1315,g_1315,train
1316,g_1316,train
1317,g_1317,train
1318,g_1318,train
1319,g_1319,train
1320,g_1320,test
1321,g_1321,train
1322,g_1322,train
1323,g_1323,train
1324,g_1324,train
1325,g_1325,train
1326,g_1326,train
1327,g_1327,train
1328,g_1328,train
1329,g_1329,test
1330,g_1330,train
1331,g_1331,train
1332,g_1332,train
1333,g_1333,train
1334,g_1334,train
1335,g_1335,validation
1336,g_1336,train
1337,g_1337,train
1338,g_1338,train
1339,g_1339,test
1340,g_1340,train
1341,g_1341,train
1342,g_1342,test
1343,g_1343,train
1344,g_1344,train
1345,g_1345,train
1346,g_1346,train
1347,g_1347,train
1348,g_1348,train
1349,g_1349,train
1350,g_1350,train
1351,g_1351,train
1352,g_1352,train
1353,g_1353,train
1354,g_1354,train
1355,g_1355,train
1356,g_1356,train
1357,g_1357,train
1358,g_1358,train
1359,g_1359,train
1360,g_1360,train
1361,g_1361,train
1362,g_1362,train
1363,g_1363,train
1364,g_1364,train
1365,g_1365,train
1366,g_1366,train
1367,g_1367,train
1368,g_1368,train
1369,g_1369,test
1370,g_1370,train
1371,g_1371,train
1372,g_1372,test
1373,g_1373,test
1374,g_1374,train
1375,g_1375,train
1376,g_1376,test
1377,g_1377,train
1378,g_1378,train
1379,g_1379,train
1380,g_1380,train
1381,g_1381,train
1382,g_1382,train
1383,g_1120,train
1384,g_1384,train
1385,g_1385,train
1386,g_1386,validation
1387,g_1387,train
1388,g_1388,train
1389,g_1389,train
1390,g_1390,test
1391,g_1391,train
1392,g_1392,validation
1393,g_1393,train
1394,g_1394,test
1395,g_1395,train
1396,g_1396,validation
1397,g_1397,train
1398,g_1398,test
1399,g_1399,train
1400,g_1400,train
1402,g_1402,validation
1403,g_1403,train
1404,g_1404,train
1405,g_1405,train
1406,g_1406,train
1407,g_1407,train
1408,g_1408,train
1409,g_1409,train
1410,g_1410,train
1411,g_1411,train
1412,g_1412,train
1413,g_1413,train
1414,g_1414,train
1415,g_1415,train
1416,g_1416,train
1417,g_1417,train
1418,g_1418,train
1419,g_1419,train
1420,g_1420,train
1421,g_1421,train
1422,g_1422,test
1423,g_1423,train
1424,g_1424,train
1425,g_1425,train
1426,g_1426,train
1427,g_1427,train
1428,g_1428,train
1429,g_1429,test
1430,g_1430,train
1431,g_1431,test
1432,g_1432,train
1433,g_1433,test
1434,g_1434,train
1435,g_1435,train
1436,g_1436,train
1437,g_1437,train
1438,g_1438,train
1439,g_1439,validation
1440,g_1440,train
1441,g_1441,validation
1442,g_1442,validation
1443,g_1443,train
1444,g_1444,train
1445,g_1445,train
1446,g_1446,test
1447,g_1447,train
1448,g_1448,train
1449,g_1449,train
1450,g_1450,train
1451,g_1451,train
1452,g_1452,train
1453,g_1453,train
1454,g_1454,train
1455,g_1455,train
1456,g_1456,train
1457,g_1457,validation
1458,g_1458,train
1459,g_1459,validation
1460,g_1460,train
1461,g_1461,train
1462,g_1462,train
1463,g_1463,test
1464,g_1464,train
1465,g_1465,train
1466,g_1466,train
1467,g_1467,train
1468,g_1468,train
1469,g_1469,train
1470,g_1470,train
1471,g_1471,train
1472,g_1472,train
1473,g_1473,train
1474,g_1474,train
1475,g_1475,train
1476,g_1476,train
1477,g_1477,train
1478,g_1478,test
1479,g_1479,train
1480,g_1480,train
1481,g_1481,train
1482,g_1482,train
1483,g_1483,train
1484,g_1484,train
1485,g_1485,train
1486,g_1486,train
1487,g_1487,train
1488,g_1488,train
1489,g_1489,train
1490,g_1490,train
1491,g_1491,validation
1492,g_1492,test
1493,g_1493,test
1494,g_1494,train
1495,g_1495,test
1496,g_1496,test
1497,g_1497,train
1498,g_1498,validation
1499,g_1499,train
1500,g_1500,train
1501,g_1501,train
1502,g_1502,train
1503,g_1503,test
1504,g_1504,train
1505,g_1505,train
1507,g_1507,test
1508,g_1508,train
1509,g_1509,train
1510,g_1510,train
1511,g_1511,train
1512,g_1512,train
1516,g_1516,test
1517,g_1517,test
1518,g_1518,validation
1519,g_1519,train
1520,g_1520,train
1521,g_1521,train
1522,g_1522,train
1523,g_1523,train
1524,g_1524,validation
1525,g_1525,train
1526,g_1526,train
1527,g_1527,train
1528,g_1528,train
1529,g_1529,validation
1530,g_1530,train
1531,g_1531,train
1532,g_1532,test
1533,g_1533,train
1534,g_1534,train
1535,g_1535,train
1536,g_1536,train
1537,g_1537,train
1538,g_1538,train
1539,g_1539,train
1540,g_1540,train
1541,g_1541,train
1542,g_1542,train
1543,g_1543,test
1544,g_1544,train
1545,g_1545,test
1546,g_1546,train
1547,g_1547,train
1548,g_1548,train
1549,g_1549,train
1550,g_1550,train
1551,g_1551,test
1552,g_1552,train
1553,g_1553,validation
1556,g_1556,validation
1557,g_1557,train
1558,g_1558,train
1559,g_1559,train
1560,g_1560,validation
1561,g_1561,train
1562,g_1562,train
1563,g_1563,train
1564,g_1564,train
1565,g_1565,validation
1567,g_1567,train
1568,g_1568,train
1569,g_1569,train
1570,g_1570,train
1571,g_1571,train
1572,g_1572,train
1573,g_1573,train
1574,g_1574,test
1575,g_1575,train
1576,g_1576,train
1577,g_1577,train
1578,g_1578,train
1579,g_1579,test
1580,g_1580,train
1581,g_1581,train
1582,g_1582,validation
1583,g_1583,train
1584,g_1584,train
1585,g_1585,train
1586,g_1586,train
1587,g_1587,train
1588,g_1588,test
1589,g_1589,train
1590,g_1590,test
1591,g_1591,train
1592,g_1592,train
1593,g_1593,train
1594,g_1594,train
1595,g_1595,train
1596,g_1596,train
1597,g_1597,train
1598,g_1598,train
1599,g_1599,train
1600,g_1600,train
1601,g_1601,train
1602,g_1602,train
1603,g_1603,validation
1604,g_1604,train
1605,g_1605,train
1606,g_1606,train
1607,g_1607,test
1608,g_1608,train
1609,g_1609,test
1610,g_1610,validation
1611,g_1611,validation
1612,g_1612,train
1613,g_1613,train
1614,g_1614,test
1615,g_1615,train
1616,g_1616,train
1617,g_1617,train
1618,g_1618,train
1619,g_1619,train
1620,g_1620,train
1621,g_1621,train
1622,g_1622,train
1623,g_1623,train
1624,g_1624,train
1625,g_1625,validation
1626,g_1626,test
1627,g_1627,train
1628,g_1628,train
1629,g_1629,train
1630,g_1630,train
1631,g_1631,train
1632,g_1632,train
1633,g_1633,train
1634,g_1634,train
1635,g_1635,train
1636,g_1636,train
1637,g_1637,train
1638,g_1638,test
1639,g_1639,train
1640,g_1640,train
1641,g_1641,train
1642,g_1642,train
1643,g_1643,train
1644,g_1644,test
1645,g_1645,train
1646,g_1646,test
1647,g_1647,train
1648,g_1648,train
1649,g_1649,train
1650,g_1650,train
1651,g_1651,train
1652,g_1652,train
1653,g_1653,train
1654,g_1654,validation
1655,g_1655,train
1656,g_1656,train
1657,g_1657,train
1658,g_1658,train
1659,g_1659,train
1660,g_1660,train
1661,g_1661,train
1662,g_1662,train
1663,g_1663,train
1664,g_1664,train
1665,g_1665,train
1666,g_1666,train
1667,g_1667,train
1668,g_1668,train
1669,g_1669,train
1670,g_1670,train
1671,g_1671,validation
1673,g_1673,train
1674,g_1674,train
1675,g_1675,test
1676,g_1676,train
1677,g_1677,train
1678,g_1678,validation
1679,g_1679,train
1680,g_1680,validation
1681,g_1681,train
1682,g_1682,test
1683,g_1683,train
1686,g_1686,validation
1687,g_1687,train
1688,g_1688,train
1689,g_1689,train
1690,g_1690,train
1691,g_1691,train
1692,g_1692,train
1693,g_1595,train
1694,g_1694,validation
1695,g_1695,validation
1696,g_1696,train
1698,g_1698,train
1699,g_1699,train
1700,g_1700,train
1701,g_1701,train
1702,g_1702,train
1703,g_1703,validation
1704,g_1704,train
1705,g_1705,train
1706,g_1706,train
1707,g_1707,validation
1708,g_1708,train
1709,g_1709,train
1710,g_1710,test
1711,g_1711,train
1712,g_1712,validation
1713,g_1713,train
1714,g_1714,train
1715,g_1715,train
1716,g_1716,train
1717,g_1717,train
1718,g_1718,validation
1719,g_1719,train
1720,g_1720,train
1721,g_1721,train
1722,g_1722,train
1723,g_1723,train
1724,g_1724,train
1725,g_1725,train
1726,g_1726,train
1727,g_1727,train
1728,g_1728,validation
1729,g_1729,train
1730,g_1730,train
1731,g_1731,train
1732,g_1732,train
1733,g_1733,train
1734,g_1734,train
1735,g_1735,test
1736,g_1736,train
1737,g_1737,train
1738,g_1738,train
1739,g_1739,train
1740,g_1740,train
1741,g_1741,train
1742,g_1742,train
1743,g_1743,train
1744,g_1744,validation
1745,g_1745,train
1746,g_1746,validation
1747,g_1747,train
1748,g_1748,train
1749,g_1749,train
1750,g_1750,train
1751,g_1751,train
1752,g_1752,train
1753,g_1753,train
1756,g_1756,train
1757,g_1757,train
1758,g_1758,train
1759,g_1759,train
1761,g_1761,train
1762,g_1762,train
1763,g_1763,train
1764,g_1764,train
1765,g_1765,train
1766,g_1766,validation
1767,g_1767,train
1768,g_1768,train
1769,g_1769,validation
1770,g_1770,validation
1771,g_1771,test
1772,g_1772,train
1773,g_1773,train
1774,g_1774,train
1775,g_1775,validation
1776,g_1776,train
1777,g_1777,train
1778,g_1778,train
1779,g_1779,train
1780,g_1780,validation
1781,g_1593,train
1782,g_1782,train
1784,g_1611,validation
1785,g_1785,train
1786,g_1786,train
1787,g_1787,validation
1788,g_1788,train
1789,g_1595,train
1790,g_1596,train
1791,g_1791,train
1792,g_1792,train
1793,g_1793,train
1794,g_1794,test
1795,g_1795,train
1796,g_1796,train
1797,g_1797,train
1798,g_1798,train
1799,g_1799,train
1800,g_1800,train
1801,g_1801,train
1802,g_1802,test
1803,g_1803,train
1804,g_1804,train
1805,g_1805,train
1806,g_1806,validation
1807,g_1807,train
1808,g_1808,train
1809,g_1809,train
1810,g_1810,train
1811,g_1811,validation
1812,g_1812,train
1813,g_1813,train
1814,g_1814,train
1815,g_1815,validation
1816,g_1816,train
1817,g_1817,train
1818,g_1818,train
1819,g_1819,train
1820,g_1820,test
1821,g_1821,train
1822,g_1822,validation
1823,g_1823,train
1824,g_1824,train
1825,g_1825,train
1826,g_1826,train
1827,g_1827,train
1828,g_1721,train
1829,g_1593,train
1830,g_1830,train
1831,g_1831,train
1832,g_1832,train
1833,g_1833,train
1834,g_1834,train
1835,g_1835,train
1836,g_1836,train
1837,g_1837,train
1838,g_1838,validation
1839,g_1839,train
1840,g_1840,train
1841,g_1841,train
1842,g_1842,train
1843,g_1843,test
1844,g_1844,train
1845,g_1845,train
1846,g_1846,train
1847,g_1847,train
1848,g_1848,train
1849,g_1849,test
1850,g_1850,train
1851,g_1851,train
1852,g_1852,train
1853,g_1853,train
1854,g_1854,train
1855,g_1855,train
1856,g_1856,train
1857,g_1857,train
1858,g_1858,train
1859,g_1859,train
1860,g_1860,train
1861,g_1595,train
1862,g_1596,train
1864,g_1864,train
1865,g_1865,test
1866,g_1866,train
1867,g_1867,train
1868,g_1868,train
1869,g_1869,train
1870,g_1870,train
1871,g_1871,train
1872,g_1872,train
1873,g_1873,train
1874,g_1874,train
1875,g_1875,train
1876,g_1876,train
1877,g_1877,train
1878,g_1878,test
1879,g_1879,train
1880,g_1880,train
1881,g_1761,train
1884,g_1884,train
1885,g_1768,train
1887,g_1887,validation
1888,g_1888,train
1889,g_1889,train
1890,g_1890,train
1891,g_1891,test
1892,g_1892,train
1893,g_1893,validation
1894,g_1894,train
1895,g_1895,validation
1896,g_1896,train
1897,g_1897,train
1898,g_1898,validation
1899,g_1899,train
1900,g_1900,train
1901,g_1901,train
1902,g_1902,train
1903,g_1903,validation
1904,g_1904,validation
1905,g_1905,test
1906,g_1906,train
1907,g_1907,test
1908,g_1908,train
1909,g_1909,train
1910,g_1910,train
1911,g_1911,train
1913,g_1913,train
1914,g_1914,train
1915,g_1915,train
1916,g_1916,train
1917,g_1917,train
1918,g_1918,train
1919,g_1919,train
1920,g_1920,train
1921,g_1921,test
1922,g_1922,train
1923,g_1923,test
1924,g_1924,train
1925,g_1925,train
1926,g_1926,train
1927,g_1927,train
1928,g_1928,train
1929,g_1929,train
1930,g_1930,train
1931,g_1931,train
1932,g_1932,train
1933,g_1933,train
1934,g_1934,train
1935,g_1935,validation
1936,g_1936,test
1937,g_1937,train
1938,g_1938,train
1939,g_1939,train
1940,g_1940,train
1941,g_1941,train
1942,g_1942,train
1943,g_1943,validation
1944,g_1944,train
1945,g_1945,train
1946,g_1946,train
1947,g_1947,train
1948,g_1948,validation
1949,g_1949,train
1950,g_1950,train
1951,g_1951,validation
1953,g_1953,train
1954,g_1954,test
1955,g_1955,train
1956,g_1956,train
1957,g_1957,train
1958,g_1958,train
1959,g_1959,validation
1960,g_1960,validation
1961,g_1961,train
1962,g_1962,train
1963,g_1963,train
1964,g_1964,train
1965,g_1965,train
1966,g_1966,train
1967,g_1967,test
1968,g_1968,train
1969,g_1969,train
1970,g_1970,train
1971,g_1971,train
1972,g_1972,train
1973,g_1973,train
1974,g_1974,train
1975,g_1975,train
1976,g_1976,train
1977,g_1977,train
1978,g_1978,test
1979,g_1979,train
1980,g_1980,train
1981,g_1981,test
1982,g_1982,train
1983,g_1983,train
1984,g_1984,train
1985,g_1985,train
1986,g_1986,train
1987,g_1987,test
1988,g_1988,train
1989,g_1989,train
1990,g_1990,train
1991,g_1991,train
1992,g_1992,train
1993,g_1993,train
1994,g_1994,train
1995,g_1995,train
1996,g_1537,train
1997,g_1997,validation
1998,g_1998,train
1999,g_1999,train
2000,g_2000,train
2001,g_2001,test
2002,g_2002,train
2003,g_2003,validation
2004,g_2004,train
2005,g_2005,train
2006,g_1156,train
2007,g_2007,train
2008,g_2008,train
2009,g_2009,train
2010,g_2010,train
2011,g_2011,test
2012,g_2012,train
2013,g_2013,test
2014,g_2014,train
2015,g_2015,train
2016,g_2016,train
2017,g_2017,train
2018,g_2018,test
2019,g_2019,train
2020,g_2020,train
2021,g_2021,train
2022,g_2022,train
2023,g_2023,train
2024,g_2024,validation
2025,g_2025,train
2026,g_2026,validation
2027,g_2027,train
2028,g_2028,train
2029,g_2029,train
2030,g_2030,test
2032,g_2032,train
2033,g_2033,validation
2034,g_2034,validation
2035,g_2035,train
2036,g_2036,train
2037,g_2037,train
2038,g_2038,train
2039,g_2039,train
2040,g_2040,train
2041,g_2041,train
2042,g_2042,train
2043,g_2043,validation
2044,g_2044,train
2045,g_2045,train
2046,g_2046,train
2047,g_2047,train
2048,g_1648,train
2049,g_2049,train
2050,g_2050,test
2051,g_2051,train
2052,g_2052,train
2053,g_2053,train
2054,g_2054,train
2055,g_2055,train
2056,g_2056,test
2057,g_2057,train
2058,g_2058,train
2059,g_2059,train
2060,g_2060,train
2061,g_2061,train
2062,g_2062,train
2064,g_2064,train
2065,g_2065,train
2066,g_2066,train
2067,g_2067,train
2068,g_2068,train
2069,g_2069,test
2070,g_2070,train
2071,g_2071,train
2072,g_2072,train
2073,g_2073,train
2074,g_2074,train
2075,g_2075,train
2076,g_2076,train
2077,g_2077,train
2078,g_2078,train
2079,g_2079,validation
2080,g_2080,validation
2081,g_1410,train
2082,g_2082,train
2083,g_2083,train
2084,g_2084,train
2085,g_2085,train
2086,g_2086,train
2087,g_2087,train
2088,g_2088,train
2089,g_2089,train
2090,g_2090,train
2091,g_2091,train
2092,g_2092,train
2093,g_2093,test
2094,g_2094,train
2095,g_2095,train
2096,g_2096,train
2097,g_2091,train
2098,g_2098,train
2099,g_2099,train
2100,g_2100,train
2101,g_2101,train
2102,g_2102,train
2103,g_2103,train
2104,g_2104,train
2105,g_2105,validation
2106,g_2106,train
2107,g_2107,train
2108,g_2108,validation
2109,g_2109,train
2110,g_2110,test
2111,g_2111,train
2112,g_2112,train
2113,g_2113,train
2114,g_2114,train
2115,g_2115,train
2116,g_2116,train
2117,g_2117,train
2118,g_2118,train
2119,g_2119,validation
2120,g_2120,train
2121,g_2121,train
2122,g_2122,train
2123,g_2123,validation
2124,g_2124,train
2125,g_2125,train
2126,g_1778,train
2127,g_2127,train
2129,g_2129,train
2130,g_2130,train
2131,g_2131,train
2132,g_2132,train
2133,g_2133,train
2134,g_2134,train
2135,g_2135,train
2136,g_2136,train
2137,g_2137,train
2138,g_2138,train
2139,g_2139,train
2140,g_2140,validation
2141,g_2141,train
2142,g_2142,test
2143,g_2143,train
2144,g_2144,train
2145,g_2145,train
2146,g_2146,train
2147,g_2147,train
2148,g_2148,validation
2149,g_2149,train
2150,g_2150,train
2152,g_2152,train
2153,g_2153,train
2154,g_2154,train
2156,g_2156,train
2157,g_2157,train
2158,g_2158,train
2159,g_2159,test
2160,g_2160,validation
2162,g_2162,train
2163,g_2163,train
2164,g_2164,train
2165,g_2165,validation
2166,g_2166,train
2167,g_2167,train
2168,g_2168,test
2169,g_2169,train
2170,g_2170,train
2171,g_2171,train
2172,g_2172,train
2173,g_2173,train
2174,g_2174,train
2175,g_2175,train
2176,g_2176,test
2177,g_2177,train
2178,g_2178,train
2179,g_2179,train
2180,g_2180,test
2181,g_2181,train
2182,g_2182,test
2183,g_2183,train
2184,g_2184,validation
2185,g_2185,train
2186,g_2186,train
2187,g_2187,train
2188,g_2188,train
2189,g_2189,train
2190,g_2190,train
2191,g_2191,train
2192,g_2192,validation
2193,g_2193,train
2194,g_2194,train
2195,g_2195,train
2196,g_2196,train
2197,g_2197,train
2198,g_2198,train
2199,g_2197,train
2200,g_2200,train
2201,g_2201,train
2202,g_2202,train
2203,g_2203,train
2204,g_1764,train
2205,g_2205,test
2206,g_2206,train
2207,g_2207,train
2208,g_2208,train
2209,g_2209,train
2210,g_2210,test
2211,g_2211,train
2212,g_2212,train
2213,g_2213,train
2215,g_2210,test
2216,g_2216,train
2217,g_2217,train
2218,g_2218,train
2219,g_2219,train
2220,g_2220,test
2221,g_2221,train
2222,g_2222,train
2223,g_2223,train
2224,g_2224,train
2225,g_2225,validation
2226,g_2226,validation
2227,g_2227,train
2228,g_2228,train
2229,g_2229,train
2230,g_2230,train
2231,g_2231,validation
2232,g_2232,train
2233,g_2227,train
2234,g_2234,train
2235,g_2235,train
2236,g_2236,validation
2237,g_2237,train
2238,g_2238,train
2239,g_2239,validation
2240,g_2240,test
2243,g_2243,test
2244,g_2244,test
2245,g_2245,train
2246,g_2246,validation
2247,g_2247,train
2248,g_2248,validation
2249,g_2249,train
2251,g_2251,train
2252,g_2252,test
2253,g_2253,train
2254,g_2254,train
2255,g_2255,test
2256,g_2256,train
2257,g_2257,train
2258,g_2258,train
2260,g_1716,train
2261,g_2261,train
2262,g_2262,train
2263,g_2263,train
2264,g_2264,train
2265,g_2265,train
2266,g_2266,train
2267,g_2267,train
2268,g_2268,train
2269,g_2269,train
2270,g_2270,validation
2271,g_2271,train
2272,g_2272,train
2273,g_2273,train
2274,g_2274,train
2275,g_2275,train
2276,g_2276,train
2280,g_2280,test
2281,g_2281,train
2282,g_2282,train
2283,g_2283,train
2284,g_2284,train
2285,g_2285,train
2286,g_2286,train
2287,g_2287,train
2288,g_2143,train
2290,g_2290,train
2292,g_2292,validation
2293,g_2293,train
2294,g_2294,train
2295,g_2295,train
2296,g_2296,train
2297,g_2297,train
2298,g_2298,train
2299,g_2299,train
2300,g_2300,train
2301,g_2301,train
2302,g_2302,train
2303,g_2303,train
2304,g_2304,train
2305,g_2305,train
2307,g_2307,train
2308,g_2308,train
2309,g_2309,test
2310,g_2310,test
2311,g_2311,train
2312,g_2312,train
2313,g_2313,train
2314,g_2314,train
2316,g_2316,test
2317,g_2317,train
2318,g_2318,train
2319,g_2319,train
2320,g_2320,train
2321,g_2321,test
2322,g_2322,train
2324,g_2324,train
2325,g_2325,train
2326,g_2326,train
2327,g_2327,train
2328,g_2328,train
2329,g_2329,train
2330,g_2330,train
2331,g_2331,train
2332,g_2332,train
2333,g_2333,train
2334,g_2334,train
2335,g_2335,train
2336,g_2336,train
2337,g_2337,validation
2338,g_2338,train
2339,g_2339,train
2340,g_2340,validation
2343,g_2343,train
2344,g_2344,train
2345,g_2345,train
2346,g_2346,train
2347,g_2347,train
2348,g_2348,validation
2349,g_2349,validation
2350,g_2350,test
2351,g_2351,test
2352,g_2352,train
2353,g_2353,train
2354,g_2354,train
2355,g_2355,train
2356,g_2356,train
2357,g_1640,train
2361,g_2361,train
2362,g_2362,validation
2363,g_2363,train
2364,g_2364,train
2365,g_2365,train
2367,g_2367,train
2368,g_2368,train
2369,g_2369,train
2371,g_2371,train
2372,g_2372,train
2373,g_2373,validation
2374,g_1593,train
2375,g_2375,test
2376,g_2376,train
2377,g_2377,train
2378,g_2378,train
2383,g_2383,train
2384,g_2384,train
2385,g_2385,train
2386,g_2386,train
2387,g_2387,train
2388,g_2388,test
2389,g_2389,train
2390,g_2390,train
2391,g_2391,train
2392,g_2392,train
2393,g_2393,train
2394,g_2394,train
2395,g_2395,train
2396,g_1592,train
2397,g_1593,train
2398,g_2398,train
2399,g_2399,train
2400,g_2400,train
2401,g_2401,train
2402,g_2402,train
2403,g_1326,train
2404,g_2404,test
2405,g_2405,train
2406,g_2406,train
2407,g_2407,train
2408,g_2408,train
2409,g_2264,train
2410,g_2410,train
2411,g_2411,validation
2412,g_2412,train
2413,g_2413,train
2414,g_2414,train
2415,g_2415,train
2416,g_2416,train
2418,g_2418,train
2419,g_2419,train
2420,g_2420,train
2421,g_2421,train
2423,g_2423,train
2424,g_2424,train
2425,g_2425,validation
2426,g_2426,train
2427,g_2427,validation
2428,g_2428,train
2429,g_2429,test
2430,g_2430,train
2431,g_2431,train
2432,g_2432,train
2433,g_2433,train
2434,g_2434,train
2435,g_2435,train
2436,g_2436,train
2437,g_2437,train
2438,g_2438,validation
2439,g_2439,test
2440,g_2440,train
2441,g_2441,test
2442,g_2442,train
2443,g_2443,train
2444,g_2444,train
2445,g_2445,train
2446,g_2446,train
2447,g_2447,validation
2448,g_2448,test
2449,g_2449,train
2450,g_2450,train
2451,g_2451,train
2452,g_2452,train
2453,g_2453,validation
2456,g_2456,test
2457,g_2457,train
2458,g_1602,train
2459,g_2459,train
2460,g_2460,train
2461,g_2461,train
2463,g_2463,train
2465,g_2465,train
2466,g_2466,train
2467,g_2467,train
2468,g_2468,train
2470,g_2470,train
2471,g_2471,train
2472,g_2472,train
2474,g_2326,train
2476,g_2328,train
2478,g_2478,train
2479,g_2479,train
2480,g_2480,train
2481,g_2481,train
2482,g_2482,train
2483,g_2483,train
2484,g_2484,test
2485,g_2485,validation
2486,g_2486,train
2487,g_2487,test
2488,g_2488,test
2489,g_2489,train
2490,g_2490,train
2493,g_2493,train
2494,g_2494,train
2495,g_2495,train
2496,g_2496,test
2497,g_2497,train
2498,g_2498,train
2499,g_2499,train
2500,g_2500,train
2501,g_2501,test
2502,g_2502,validation
2503,g_2503,train
2504,g_2504,test
2505,g_1502,train
2506,g_2506,test
2507,g_2507,validation
2508,g_2508,train
2509,g_2509,train
2510,g_2510,train
2511,g_2511,train
2512,g_2512,train
2513,g_2513,train
2514,g_2514,train
2515,g_2515,validation
2516,g_2516,train
2517,g_2517,validation
2518,g_2518,train
2519,g_2519,train
2520,g_2520,train
2521,g_2521,train
2522,g_2522,test
2523,g_2523,train
2524,g_2524,train
2525,g_2525,train
2526,g_2526,train
2527,g_2527,train
2528,g_2528,train
2529,g_2529,train
2530,g_2530,train
2531,g_2531,train
2532,g_2532,train
2533,g_2533,validation
2534,g_2534,train
2535,g_2535,train
2536,g_2536,train
2537,g_2537,validation
2538,g_2538,train
2539,g_2539,train
2540,g_2540,train
2541,g_2524,train
2542,g_2542,train
2543,g_2543,train
2544,g_2544,train
2545,g_2545,train
2546,g_2546,validation
2547,g_2547,train
2548,g_2548,train
2549,g_2547,train
2550,g_2550,train
2551,g_2551,train
2552,g_2552,train
2553,g_2553,train
2554,g_2554,train
2555,g_2555,train
2556,g_2556,train
2557,g_2557,train
2558,g_2558,train
2559,g_2559,train
2560,g_2560,train
2561,g_2561,train
2562,g_2562,train
2563,g_2563,train
2564,g_2564,train
2565,g_2564,train
2566,g_2566,train
2567,g_2567,train
2568,g_2568,train
2569,g_2569,train
2570,g_2570,validation
2571,g_2571,validation
2572,g_2572,train
2573,g_2573,train
2574,g_2574,validation
2575,g_2575,train
2576,g_2576,train
2577,g_2577,train
2578,g_2578,train
2579,g_2579,train
2580,g_2580,train
2581,g_2581,train
2582,g_2582,train
2583,g_2583,train
2584,g_2584,test
2585,g_2585,train
2586,g_2586,train
2587,g_2587,train
2588,g_2588,train
2589,g_2589,train
2590,g_2590,train
2591,g_2591,train
2592,g_2592,test
2593,g_2593,train
2594,g_2594,train
2596,g_2596,train
2597,g_2597,train
2598,g_2598,train
2599,g_2599,train
2600,g_2600,test
2601,g_2601,test
2602,g_2602,test
2603,g_2603,train
2604,g_2604,train
2605,g_2605,test
2606,g_2606,train
2607,g_2607,train
2608,g_2608,test
2609,g_2609,train
2610,g_2610,train
2611,g_2611,validation
2612,g_2612,train
2614,g_2614,train
2615,g_2615,train
2616,g_2616,train
2617,g_2617,train
2618,g_2618,train
2619,g_2619,train
2620,g_2620,train
2621,g_2621,train
2622,g_2622,train
2623,g_2623,validation
2624,g_2624,train
2625,g_2625,train
2626,g_2626,test
2627,g_2627,train
2628,g_2628,train
2629,g_2629,train
2631,g_2631,train
2632,g_2632,train
2633,g_2633,test
2634,g_2634,train
2635,g_2635,train
2636,g_2636,train
2637,g_2637,train
2638,g_2638,train
2639,g_2639,train
2640,g_2640,test
2641,g_2641,train
2642,g_2642,train
2643,g_2643,train
2644,g_2644,train
2645,g_2585,train
2646,g_2646,train
2647,g_2647,validation
2648,g_2648,train
2649,g_2649,train
2650,g_2650,train
2651,g_2651,validation
2652,g_2652,train
2653,g_2653,test
2654,g_2654,test
2655,g_2655,train
2656,g_2656,test
2657,g_2657,train
2658,g_2658,train
2659,g_2659,train
2660,g_2660,train
2661,g_2661,train
2662,g_2662,train
2663,g_2663,train
2664,g_2664,validation
2665,g_2079,validation
2667,g_2667,validation
2668,g_2668,train
2669,g_2669,train
2670,g_2670,train
2671,g_2671,train
2672,g_2672,train
2673,g_2673,train
2674,g_2674,train
2676,g_2676,test
2677,g_2677,test
2678,g_2678,validation
2679,g_2679,train
2680,g_2680,test
2681,g_2681,train
2682,g_2682,train
2683,g_2683,validation
2684,g_2684,train
2685,g_2685,train
2686,g_2686,train
2687,g_2687,train
2688,g_2688,train
2689,g_2689,train
2690,g_2690,test
2691,g_2691,validation
2692,g_2692,train
2693,g_2693,train
2694,g_2694,train
2695,g_2695,train
2696,g_2695,train
2697,g_2697,train
2698,g_2698,train
2700,g_2700,test
2701,g_2701,train
2702,g_2702,train
2703,g_2703,test
2704,g_2704,train
2705,g_2705,train
2706,g_2706,validation
2707,g_2707,test
2708,g_2708,validation
2709,g_2709,train
2710,g_2710,train
2711,g_2711,train
2712,g_2712,train
2713,g_2713,train
2714,g_2714,train
2715,g_2715,train
2716,g_2716,train
2717,g_2717,train
2718,g_2718,train
2719,g_2719,train
2720,g_2720,validation
2721,g_2721,train
2722,g_2722,train
2723,g_2723,train
2724,g_2724,train
2725,g_2725,train
2726,g_2726,train
2727,g_2727,train
2728,g_2728,train
2729,g_2729,test
2730,g_2730,train
2731,g_2731,test
2732,g_2732,train
2733,g_2733,train
2734,g_2734,train
2735,g_2735,train
2736,g_2736,train
2737,g_2737,train
2738,g_2738,train
2739,g_2739,train
2740,g_2740,train
2741,g_2741,train
2742,g_2742,validation
2743,g_2743,train
2744,g_2744,test
2745,g_2745,train
2746,g_2746,train
2747,g_2747,train
2748,g_2748,train
2749,g_2749,validation
2750,g_2750,train
2751,g_2751,train
2752,g_2752,train
2753,g_2753,train
2754,g_2754,train
2755,g_2755,validation
2756,g_2756,train
2757,g_2757,train
2759,g_2759,train
2760,g_2760,train
2761,g_2761,train
2762,g_2762,train
2763,g_2763,train
2764,g_2764,train
2765,g_2765,train
2766,g_2766,test
2767,g_2767,train
2768,g_2768,train
2769,g_2769,train
2770,g_2770,train
2771,g_2771,train
2772,g_2772,train
2773,g_2773,train
2774,g_2774,train
2776,g_2776,train
2777,g_2777,train
2780,g_2780,train
2781,g_2781,train
2782,g_2782,train
2783,g_2783,train
2784,g_2784,train
2785,g_2785,train
2786,g_2786,train
2787,g_2787,test
2788,g_2788,train
2789,g_2789,train
2790,g_2790,train
2791,g_2791,test
2792,g_2792,train
2793,g_2793,train
2794,g_2794,train
2795,g_2795,validation
2796,g_2796,train
2797,g_2797,train
2798,g_2798,train
2799,g_2799,train
2800,g_2800,train
2801,g_2801,validation
2802,g_2802,train
2803,g_2803,train
2804,g_2804,train
2805,g_2805,train
2806,g_2806,train
2807,g_2807,train
2808,g_2808,train
2809,g_2809,validation
2810,g_2810,validation
2811,g_2811,train
2812,g_2812,train
2813,g_2813,validation
2815,g_2815,train
2816,g_2816,test
2817,g_2817,train
2818,g_2818,train
2819,g_2819,train
2820,g_2820,train
2821,g_2821,train
2822,g_2822,train
2823,g_2823,train
2824,g_2824,validation
2825,g_2825,train
2826,g_2826,validation
2827,g_2827,train
2828,g_2828,validation
2829,g_2829,train
2830,g_2830,train
2831,g_2831,train
2832,g_2832,train
2833,g_2833,test
2834,g_2834,train
2835,g_2835,train
2836,g_2836,train
2837,g_2837,test
2838,g_2838,train
2840,g_2840,train
2841,g_2789,train
2842,g_2842,train
2843,g_2843,validation
2844,g_2844,train
2845,g_2845,train
2846,g_2846,train
2847,g_2847,train
2848,g_2848,train
2849,g_2849,train
2850,g_2850,train
2851,g_2851,train
2852,g_2852,train
2853,g_2853,train
2854,g_2854,train
2855,g_2855,train
2856,g_2856,train
2858,g_2858,train
2859,g_2859,validation
2860,g_2860,train
2861,g_2861,train
2862,g_2862,test
2863,g_2863,train
2864,g_2864,train
2866,g_2866,train
2867,g_2867,train
2868,g_2868,train
2869,g_2869,test
2870,g_2870,train
2872,g_2872,train
2873,g_2873,train
2874,g_2874,train
2875,g_2875,train
2876,g_2876,validation
2877,g_2877,train
2878,g_2878,train
2879,g_2879,train
2880,g_2880,test
2881,g_2881,train
2882,g_2882,train
2883,g_2883,train
2884,g_2884,train
2885,g_2885,train
2887,g_2887,train
2888,g_2888,train
2889,g_2743,train
2890,g_2890,train
2891,g_2891,validation
2892,g_2892,train
2893,g_2893,train
2894,g_2894,validation
2895,g_2895,train
2896,g_2896,train
2897,g_2897,train
2898,g_2898,train
2899,g_2899,train
2900,g_2900,train
2901,g_2901,train
2902,g_2902,train
2903,g_2903,train
2905,g_2905,train
2906,g_2906,train
2907,g_2907,train
2908,g_2908,test
2909,g_2909,validation
2910,g_2910,train
2911,g_2911,train
2912,g_2912,validation
2913,g_2913,train
2914,g_2914,train
2915,g_2915,test
2916,g_2916,train
2917,g_2917,train
2918,g_2918,validation
2919,g_2919,validation
2920,g_2920,test
2921,g_2921,train
2922,g_2922,train
2923,g_2923,test
2924,g_2924,validation
2925,g_2925,train
2926,g_2926,validation
2927,g_2927,test
2928,g_2928,train
2929,g_2907,train
2930,g_2930,train
2931,g_2931,train
2932,g_2932,train
2933,g_2933,train
2934,g_2934,train
2935,g_2935,test
2936,g_2936,train
2937,g_2937,validation
2938,g_2938,train
2939,g_2939,train
2940,g_2940,train
2941,g_2941,train
2942,g_2659,train
2944,g_2944,train
2945,g_2945,train
2946,g_2946,train
2947,g_2947,train
2948,g_2948,train
2949,g_2949,train
2950,g_2950,train
2951,g_2951,train
2952,g_2952,train
2953,g_2953,train
2954,g_2954,train
2955,g_2955,train
2956,g_2956,train
2957,g_2957,validation
2958,g_2958,train
2959,g_2959,train
2960,g_2960,train
2961,g_2961,train
2962,g_2962,train
2963,g_2963,train
2964,g_2964,train
2965,g_2965,train
2966,g_2966,train
2967,g_2967,validation
2968,g_2968,train
2969,g_2969,train
2970,g_2970,train
2971,g_2971,train
2972,g_2972,train
2973,g_2973,train
2974,g_2974,train
2975,g_2975,validation
2976,g_2976,train
2977,g_2977,validation
2978,g_2978,train
2979,g_2979,train
2980,g_2980,validation
2981,g_2981,train
2982,g_2982,train
2983,g_2983,train
2984,g_2984,validation
2985,g_2985,train
2987,g_2987,train
2988,g_2988,train
2989,g_2989,train
2990,g_2990,train
2991,g_2991,train
2993,g_2914,train
2994,g_2994,test
2995,g_2995,test
2996,g_2996,train
2997,g_2997,test
2998,g_2998,train
2999,g_2999,train
3000,g_3000,train
3001,g_3001,train
3002,g_3002,train
3003,g_3003,train
3005,g_3005,train
3006,g_3006,test
3007,g_3007,train
3010,g_3010,train
3011,g_3011,train
3012,g_3012,train
3013,g_3013,train
3014,g_3014,validation
3015,g_3015,train
3016,g_3016,train
3017,g_3017,train
3018,g_3018,train
3019,g_3019,train
3022,g_3022,train
3023,g_3023,train
3024,g_3024,train
3025,g_3025,train
3026,g_3026,train
3027,g_3027,train
3028,g_3028,train
3029,g_3029,train
3030,g_3030,validation
3031,g_3031,train
3032,g_3032,test
3033,g_2702,train
3034,g_3034,train
3036,g_3036,validation
3037,g_3037,train
3038,g_3038,train
3039,g_3039,train
3040,g_3040,train
3041,g_3041,train
3042,g_3042,train
3043,g_3043,train
3044,g_3044,train
3045,g_3045,train
3046,g_3046,train
3047,g_3047,train
3048,g_3048,train
3049,g_3049,train
3050,g_3050,train
3051,g_3051,train
3052,g_3052,train
3053,g_3053,test
3054,g_3054,validation
3055,g_3055,validation
3056,g_3056,test
3057,g_3057,train
3058,g_3058,test
3059,g_3059,validation
3060,g_3060,train
3061,g_3061,train
3062,g_3062,train
3063,g_3063,train
3064,g_3064,train
3065,g_3065,train
3066,g_3066,train
3067,g_3067,train
3069,g_3069,train
3070,g_3070,test
3071,g_3071,train
3072,g_3072,train
3073,g_3073,train
3074,g_3074,train
3075,g_3075,validation
3076,g_3076,train
3077,g_3077,train
3078,g_3078,train
3079,g_3079,train
3080,g_3080,train
3081,g_3081,test
3082,g_3082,train
3083,g_3083,train
3084,g_3084,test
3085,g_3085,train
3086,g_3086,train
3087,g_3087,train
3088,g_3088,train
3089,g_3089,train
3090,g_3090,train
3092,g_3092,train
3093,g_3093,train
3094,g_3094,train
3095,g_3095,train
3096,g_3096,test
3097,g_3097,train
3098,g_3098,train
3099,g_3099,train
3100,g_3100,train
3101,g_3101,train
3102,g_3102,train
3103,g_3103,train
3104,g_3104,train
3105,g_3105,validation
3106,g_3106,test
3107,g_3107,train
3109,g_3109,train
3110,g_3110,train
3111,g_3111,train
3112,g_3112,test
3113,g_3113,train
3114,g_3114,validation
3115,g_3115,validation
3116,g_3116,train
3117,g_3117,validation
3118,g_3118,train
3119,g_3119,train
3120,g_3120,train
3121,g_3121,train
3122,g_3122,train
3123,g_3123,train
3124,g_3124,train
3125,g_3125,validation
3126,g_3126,train
3127,g_3127,validation
3129,g_1907,test
3130,g_3130,train
3131,g_3131,train
3132,g_3132,train
3133,g_3133,train
3135,g_3135,train
3136,g_1418,train
3137,g_3137,train
3138,g_3138,train
3139,g_3139,train
3140,g_3140,test
3141,g_3141,train
3142,g_3142,test
3143,g_3143,train
3144,g_3144,train
3145,g_3145,test
3146,g_3146,train
3147,g_3147,validation
3150,g_3150,train
3151,g_3151,train
3152,g_3152,train
3153,g_3153,train
3154,g_3154,validation
3155,g_3155,train
3156,g_3156,validation
3157,g_3157,train
3158,g_3158,train
3161,g_3161,train
3162,g_3162,train
3163,g_3163,train
3164,g_3164,train
3165,g_3165,train
3166,g_3166,train
3167,g_3167,train
3168,g_3168,test
3169,g_3169,train
3170,g_3170,train
3171,g_3171,train
3172,g_3172,train
3173,g_3173,train
3174,g_3174,train
3175,g_3175,train
3176,g_3176,train
3177,g_3177,train
3178,g_3178,train
3179,g_3179,train
3180,g_3180,train
3181,g_3181,train
3182,g_3182,train
3183,g_3183,train
3184,g_3184,train
3185,g_3185,train
3186,g_3186,train
3187,g_3187,train
3188,g_3188,test
3189,g_3189,train
3190,g_3190,validation
3191,g_3191,train
3192,g_3192,validation
3193,g_3193,train
3194,g_3194,train
3195,g_3195,train
3196,g_3196,train
3198,g_3198,train
3199,g_3199,train
3200,g_3200,train
3202,g_3202,train
3203,g_3203,train
3204,g_3204,validation
3205,g_3205,train
3206,g_3206,train
3207,g_3207,train
3208,g_3208,train
3209,g_3209,train
3210,g_3210,train
3211,g_3211,validation
3212,g_3212,test
3213,g_3213,train
3214,g_3214,train
3215,g_3215,train
3217,g_3217,validation
3218,g_3218,train
3219,g_3219,train
3220,g_3220,validation
3221,g_3221,train
3222,g_3222,train
3223,g_3223,train
3224,g_3224,train
3225,g_3225,train
3226,g_3226,train
3227,g_3227,train
3228,g_3228,train
3229,g_3229,train
3230,g_3230,train
3231,g_3231,test
3232,g_3232,train
3233,g_3233,train
3234,g_3234,validation
3235,g_3235,train
3236,g_2592,test
3237,g_3237,validation
3238,g_3238,train
3239,g_3239,test
3240,g_3240,train
3241,g_3241,train
3242,g_3242,train
3243,g_3243,test
3244,g_3244,train
3245,g_3245,test
3246,g_3246,validation
3247,g_3247,train
3248,g_3248,test
3249,g_3249,train
3250,g_3250,validation
3251,g_3251,train
3252,g_3252,train
3253,g_3253,validation
3254,g_3254,train
3255,g_3255,train
3256,g_3256,train
3257,g_3257,train
3259,g_2739,train
3260,g_3260,train
3261,g_3261,train
3262,g_3262,train
3263,g_3263,test
3264,g_3264,validation
3265,g_3265,train
3267,g_3267,train
3268,g_3268,test
3269,g_3269,train
3270,g_3270,train
3271,g_3271,train
3272,g_3272,train
3274,g_3274,train
3276,g_3276,train
3277,g_3277,train
3278,g_3278,train
3279,g_3279,train
3280,g_3280,train
3282,g_3282,train
3283,g_3283,train
3285,g_3285,train
3286,g_3286,train
3287,g_3287,train
3288,g_3288,train
3289,g_3289,validation
3290,g_3290,train
3291,g_3291,train
3292,g_3292,train
3293,g_3293,test
3294,g_3294,train
3295,g_3295,train
3296,g_3296,train
3297,g_3297,train
3298,g_3298,train
3299,g_3299,train
3300,g_3300,validation
3301,g_3301,test
3302,g_3302,train
3303,g_3303,validation
3304,g_3304,validation
3305,g_3305,train
3306,g_3306,train
3307,g_3307,train
3308,g_3308,train
3309,g_3309,train
3310,g_3310,train
3311,g_3311,train
3312,g_3312,train
3313,g_3313,test
3314,g_3314,train
3315,g_3315,train
3316,g_3316,train
3317,g_3317,test
3318,g_3318,train
3319,g_3319,train
3320,g_3320,train
3321,g_3321,train
3322,g_3322,validation
3323,g_3323,validation
3324,g_3324,train
3326,g_3326,validation
3328,g_3250,validation
3329,g_3329,test
3330,g_3330,train
3331,g_3331,test
3332,g_3332,train
3333,g_3333,validation
3334,g_3334,train
3335,g_3335,train
3336,g_3336,train
3337,g_3337,train
3338,g_3077,train
3339,g_3339,train
3341,g_3341,test
3343,g_3343,test
3344,g_3344,train
3345,g_3345,train
3346,g_3346,train
3347,g_3347,test
3348,g_3348,train
3349,g_3043,train
3350,g_3350,train
3351,g_3351,train
3352,g_3352,test
3353,g_3353,train
3354,g_3354,train
3355,g_3355,train
3356,g_3356,train
3357,g_3357,train
3358,g_3358,train
3359,g_3359,train
3360,g_3360,train
3361,g_3361,train
3362,g_3362,train
3363,g_3363,train
3364,g_3364,train
3365,g_3365,test
3367,g_3367,test
3370,g_3370,train
3371,g_3371,train
3372,g_3372,train
3373,g_3373,train
3374,g_3374,train
3375,g_3375,train
3376,g_3376,train
3377,g_3377,validation
3378,g_3378,train
3379,g_3379,train
3380,g_3380,train
3381,g_3381,train
3382,g_3382,test
3383,g_3383,train
3384,g_3384,train
3385,g_3385,train
3386,g_1788,train
3387,g_3387,train
3388,g_3388,train
3389,g_3389,test
3390,g_3390,train
3391,g_3391,train
3392,g_3178,train
3393,g_3393,train
3394,g_3394,validation
3395,g_3395,test
3396,g_3396,train
3397,g_3397,train
3399,g_3399,train
3400,g_3319,train
3401,g_3401,train
3402,g_3402,train
3403,g_3403,train
3405,g_3405,train
3406,g_3406,train
3408,g_3408,train
3409,g_3409,train
3411,g_3411,train
3412,g_3412,train
3414,g_3414,validation
3415,g_3415,train
3417,g_3417,train
3419,g_3419,validation
3420,g_3420,test
3421,g_3421,validation
3422,g_3422,train
3423,g_3423,train
3424,g_3424,train
3425,g_3425,train
3426,g_3426,train
3427,g_3427,test
3428,g_3428,train
3429,g_3429,test
3430,g_3430,train
3431,g_3431,train
3432,g_3432,train
3433,g_3433,train
3434,g_3434,train
3436,g_3436,train
3437,g_3437,train
3438,g_3438,validation
3440,g_3440,train
3441,g_3441,train
3442,g_3442,train
3443,g_3443,train
3444,g_3444,train
3445,g_3444,train
3446,g_3446,validation
3447,g_3447,test
3448,g_3448,train
3449,g_3449,train
3450,g_3450,train
3451,g_3451,train
3452,g_3452,train
3453,g_3453,validation
3454,g_3454,train
3456,g_3456,train
3457,g_3457,test
3458,g_3458,train
3459,g_3459,validation
3460,g_3460,train
3461,g_3461,train
3462,g_3462,test
3465,g_3465,train
3469,g_3469,train
3473,g_3473,train
3474,g_3474,validation
3475,g_3475,train
3476,g_3476,train
3477,g_3477,train
3479,g_3274,train
3480,g_3480,validation
3481,g_3481,train
3482,g_3482,train
3483,g_3483,validation
3485,g_3485,train
3486,g_3486,train
3487,g_3487,train
3488,g_1041,test
3489,g_3489,train
3490,g_3490,train
3491,g_3491,train
3492,g_3492,test
3493,g_3493,train
3494,g_3494,train
3495,g_3495,train
3496,g_3496,train
3498,g_3498,train
3499,g_3499,train
3500,g_3500,train
3501,g_3501,train
3502,g_3502,train
3503,g_3503,train
3504,g_3504,train
3505,g_3505,validation
3506,g_3506,validation
3507,g_3507,train
3508,g_3508,train
3509,g_3509,train
3510,g_3140,test
3511,g_3511,train
3512,g_3512,train
3513,g_3513,train
3514,g_3514,train
3515,g_3515,validation
3516,g_3516,train
3517,g_3517,train
3518,g_3518,validation
3519,g_3519,train
3520,g_3520,train
3521,g_3521,train
3523,g_3523,train
3525,g_3525,train
3526,g_3526,train
3527,g_3527,train
3528,g_3528,train
3529,g_1440,train
3530,g_3530,train
3531,g_3531,train
3532,g_3532,test
3533,g_1443,train
3534,g_3534,train
3535,g_3535,test
3536,g_3536,train
3537,g_3537,train
3538,g_3538,test
3539,g_3539,test
3540,g_3540,train
3541,g_3541,train
3542,g_3542,test
3543,g_2789,train
3544,g_3544,train
3545,g_3545,train
3546,g_3546,train
3547,g_3547,validation
3548,g_3548,train
3550,g_3550,train
3551,g_3551,train
3552,g_2686,train
3553,g_3553,train
3554,g_3554,train
3556,g_3556,train
3557,g_3557,validation
3558,g_3558,train
3559,g_3559,test
3560,g_3560,train
3561,g_3561,train
3562,g_3562,test
3563,g_2830,train
3564,g_2832,train
3565,g_3565,test
3566,g_3566,train
3567,g_3567,train
3568,g_3568,train
3569,g_3569,train
3570,g_3570,validation
3571,g_3571,train
3572,g_3572,train
3573,g_3573,train
3574,g_3574,validation
3575,g_3575,train
3576,g_3576,train
3577,g_3577,train
3584,g_3336,train
3585,g_3585,train
3586,g_3586,test
3587,g_3587,train
3588,g_3588,validation
3589,g_3589,validation
3590,g_3590,train
3591,g_3591,train
3592,g_3592,train
3593,g_3593,train
3594,g_3594,train
3595,g_3595,train
3596,g_3596,validation
3597,g_3597,train
3598,g_3598,train
3599,g_3599,train
3600,g_3600,train
3601,g_3601,train
3602,g_3602,train
3603,g_3603,train
3604,g_3604,train
3605,g_3605,train
3607,g_3607,train
3608,g_3608,train
3609,g_3609,test
3610,g_3610,test
3611,g_3611,train
3612,g_3612,train
3613,g_3613,train
3614,g_3614,train
3615,g_3615,train
3616,g_3616,test
3617,g_3617,test
3618,g_3618,train
3619,g_3619,train
3620,g_3620,train
3621,g_3621,train
3622,g_3622,train
3623,g_3623,train
3624,g_3624,train
3625,g_3625,validation
3626,g_3626,validation
3627,g_3627,validation
3628,g_3628,train
3629,g_3629,train
3630,g_3630,validation
3631,g_3631,train
3632,g_3632,train
3633,g_3633,test
3634,g_3634,test
3635,g_3635,train
3636,g_3636,test
3637,g_3637,train
3638,g_3638,train
3639,g_3639,train
3640,g_3640,train
3641,g_3641,test
3642,g_3642,train
3643,g_3643,validation
3644,g_3644,train
3645,g_3645,train
3646,g_3646,train
3647,g_3647,test
3648,g_3648,train
3649,g_3649,train
3650,g_3650,train
3651,g_3651,validation
3652,g_3652,train
3653,g_3653,train
3654,g_3654,train
3655,g_3655,train
3656,g_3656,train
3657,g_3657,train
3658,g_3658,test
3659,g_3659,train
3660,g_3660,train
3661,g_3661,train
3662,g_3662,train
3664,g_3664,train
3665,g_3665,validation
3666,g_3666,train
3667,g_3667,test
3668,g_3668,train
3669,g_3669,validation
3670,g_3670,train
3671,g_3671,test
3672,g_3672,validation
3673,g_3673,train
3674,g_1479,train
3675,g_3675,train
3676,g_3676,train
3677,g_3677,train
3678,g_3678,train
3679,g_3679,train
3680,g_3680,validation
3681,g_3681,train
3682,g_3682,train
3683,g_3683,train
3684,g_3684,train
3685,g_3685,train
3686,g_3686,train
3687,g_3687,train
3688,g_3688,train
3689,g_3689,validation
3690,g_3690,train
3691,g_3691,train
3692,g_3692,test
3693,g_3693,train
3694,g_3694,train
3695,g_3695,validation
3696,g_3696,train
3697,g_3697,validation
3699,g_3699,train
3700,g_3700,train
3701,g_3701,train
3702,g_3702,test
3703,g_3703,train
3704,g_3704,train
3705,g_3705,train
3706,g_3706,train
3707,g_3707,train
3708,g_3708,train
3709,g_3709,test
3710,g_3710,validation
3711,g_3711,train
3712,g_3712,train
3713,g_3713,train
3714,g_3714,train
3715,g_3715,train
3716,g_3716,train
3717,g_3717,train
3718,g_3718,test
3719,g_3719,train
3722,g_3722,test
3723,g_3723,validation
3724,g_3724,train
3725,g_3725,train
3726,g_3726,train
3727,g_3727,train
3728,g_3728,train
3729,g_3729,train
3730,g_3730,train
3731,g_3731,validation
3732,g_3732,train
3733,g_3733,validation
3734,g_3734,train
3735,g_3735,train
3736,g_3736,train
3737,g_3737,train
3738,g_3738,train
3739,g_3739,test
3740,g_3740,train
3741,g_3741,train
3742,g_3742,validation
3743,g_3743,train
3744,g_3744,train
3745,g_3745,train
3747,g_3747,train
3748,g_3748,train
3749,g_3749,train
3750,g_3750,test
3751,g_3751,train
3752,g_3752,train
3753,g_3753,train
3754,g_3754,train
3755,g_3755,train
3756,g_3756,train
3757,g_3473,train
3759,g_3759,train
3760,g_3760,train
3761,g_3761,test
3762,g_3762,train
3763,g_3763,train
3764,g_3764,train
3765,g_3765,train
3766,g_3766,validation
3767,g_3767,train
3768,g_3768,train
3769,g_3769,train
3770,g_3770,train
3771,g_3771,train
3772,g_3772,train
3773,g_3773,train
3775,g_3775,train
3776,g_3776,train
3777,g_3777,train
3778,g_3778,validation
3779,g_2573,train
3780,g_3780,train
3782,g_3782,train
3783,g_3783,validation
3784,g_3784,train
3785,g_3785,train
3786,g_3786,train
3787,g_3787,validation
3788,g_3788,train
3789,g_3789,train
3790,g_3790,train
3791,g_3791,train
3792,g_3792,train
3793,g_3793,validation
3794,g_3794,train
3795,g_3795,train
3796,g_3796,train
3797,g_3797,test
3798,g_3798,train
3799,g_3799,train
3801,g_3801,train
3803,g_3803,train
3804,g_3804,train
3805,g_3805,train
3806,g_3806,train
3808,g_3808,validation
3809,g_3809,train
3810,g_3810,train
3811,g_3811,train
3812,g_3812,test
3813,g_3813,train
3814,g_3067,train
3816,g_3816,train
3817,g_3817,train
3818,g_3818,train
3819,g_3819,train
3820,g_2963,train
3821,g_3821,train
3822,g_3822,test
3823,g_3823,train
3824,g_3824,train
3825,g_3825,train
3826,g_2643,train
3827,g_3827,test
3828,g_3828,train
3829,g_3829,validation
3830,g_3830,train
3831,g_3831,train
3832,g_3832,train
3833,g_3833,train
3834,g_3834,test
3835,g_3835,train
3836,g_3836,train
3837,g_2979,train
3838,g_3838,validation
3839,g_3839,test
3840,g_3840,test
3841,g_3841,train
3842,g_3842,train
3843,g_3843,validation
3844,g_3844,test
3845,g_3845,train
3846,g_3846,test
3847,g_3847,train
3848,g_3848,train
3849,g_3849,train
3850,g_3850,validation
3851,g_3851,train
3853,g_3853,train
3854,g_3854,train
3855,g_3855,train
3857,g_3857,train
3858,g_3858,train
3859,g_3859,validation
3860,g_3860,train
3861,g_3861,train
3862,g_3862,train
3863,g_3863,test
3864,g_3864,train
3865,g_3865,train
3866,g_3866,train
3867,g_3867,train
3868,g_3867,train
3869,g_3869,train
3870,g_3870,train
3871,g_3871,train
3872,g_3872,train
3874,g_3619,train
3875,g_3875,train
3876,g_3876,train
3877,g_3329,test
3879,g_3879,validation
3880,g_3880,train
3881,g_3881,train
3882,g_3882,train
3883,g_3883,train
3884,g_3884,train
3886,g_3886,train
3887,g_3887,train
3888,g_3888,train
3889,g_3889,train
3890,g_3890,train
3892,g_3892,train
3893,g_3893,train
3894,g_3894,train
3895,g_3895,train
3896,g_2698,train
3897,g_3897,train
3898,g_3898,test
3899,g_3899,train
3900,g_3900,train
3901,g_3901,train
3902,g_3902,train
3903,g_3903,test
3904,g_3904,train
3905,g_3905,train
3906,g_3906,train
3908,g_3908,train
3909,g_3909,test
3911,g_3911,train
3912,g_3912,train
3913,g_3913,test
3914,g_3914,train
3915,g_1773,train
3916,g_3916,train
3917,g_3917,train
3918,g_3918,validation
3919,g_3919,train
3920,g_3920,train
3921,g_3921,train
3922,g_3922,train
3923,g_3923,train
3925,g_3925,train
3926,g_3926,validation
3927,g_3927,train
3928,g_3928,train
3930,g_3930,train
3931,g_3931,train
3932,g_3932,test
3933,g_3933,train
3934,g_3934,train
3935,g_3935,validation
3936,g_3936,train
3938,g_3938,train
3940,g_3940,train
3941,g_3941,train
3942,g_3942,test
3943,g_3280,train
3944,g_3944,train
3945,g_3945,train
3946,g_3946,train
3947,g_3947,train
3948,g_3948,test
3949,g_3949,test
3950,g_3950,train
3951,g_3951,train
3952,g_3952,validation
3953,g_3953,train
3954,g_3954,train
3955,g_3955,train
3956,g_3956,train
3957,g_3957,validation
3958,g_3958,train
3959,g_3959,train
3960,g_3960,train
3961,g_3961,train
3962,g_3962,train
3963,g_3963,train
3964,g_3964,train
3965,g_3965,train
3966,g_3966,train
3967,g_3967,train
3968,g_3968,train
3969,g_3969,train
3970,g_3970,train
3971,g_3971,validation
3972,g_3972,validation
3973,g_3973,train
3974,g_3974,train
3975,g_3975,train
3976,g_3976,test
3977,g_3977,train
3979,g_3979,train
3981,g_3981,train
3982,g_3982,train
3983,g_3983,train
3984,g_3984,train
3985,g_3985,train
3986,g_3986,train
3987,g_3987,validation
3988,g_3988,train
3989,g_3989,train
3990,g_3990,train
3991,g_3991,train
3992,g_3992,train
3993,g_3993,train
3994,g_3994,train
3995,g_3995,train
3997,g_3997,train
3999,g_3999,train
4000,g_4000,train
4001,g_4001,train
4002,g_4002,train
4003,g_4003,train
4004,g_4004,train
4005,g_4005,validation
4006,g_4006,train
4007,g_4007,train
4010,g_4010,train
4011,g_4011,train
4012,g_4012,train
4013,g_4013,test
4014,g_4014,train
4015,g_4015,train
4016,g_4016,train
4017,g_4017,test
4019,g_4019,train
4020,g_4020,train
4021,g_4021,train
4022,g_4022,train
4023,g_4023,test
4024,g_4024,test
4025,g_4025,train
4027,g_4027,train
4028,g_4028,train
4029,g_4029,train
4030,g_4030,train
4031,g_4031,train
4032,g_4032,train
4033,g_4033,test
4034,g_4034,train
4035,g_4035,train
4036,g_3045,train
4037,g_4037,train
4038,g_4038,test
4039,g_4039,test
4040,g_4040,train
4041,g_4041,train
4044,g_4044,train
4045,g_4045,validation
4046,g_4046,validation
4051,g_4051,train
4053,g_4053,train
4054,g_4054,train
4055,g_4055,validation
4056,g_4056,train
4057,g_4057,train
4058,g_4058,validation
4059,g_4059,train
4060,g_4060,train
4061,g_4061,train
4062,g_4062,train
4063,g_4063,train
4064,g_4064,train
4065,g_4065,train
4066,g_4066,train
4069,g_4069,validation
4071,g_4071,train
4072,g_4072,test
4073,g_4073,train
4074,g_4074,train
4075,g_4075,train
4076,g_4076,test
4077,g_4077,train
4078,g_4078,test
4079,g_4079,train
4080,g_4080,train
4081,g_4081,train
4082,g_4082,train
4083,g_4083,train
4084,g_4084,test
4085,g_4085,train
4086,g_4086,train
4087,g_4087,train
4088,g_4088,train
4089,g_4089,train
4090,g_4090,train
4091,g_4091,train
4092,g_4092,validation
4093,g_4093,validation
4095,g_4095,test
4096,g_4096,train
4097,g_4097,train
4098,g_4098,train
4100,g_4100,train
4101,g_4101,train
4102,g_4102,train
4103,g_4103,validation
4104,g_4104,train
4105,g_4105,test
4106,g_4106,test
4107,g_4107,train
4108,g_4108,train
4109,g_4109,validation
4110,g_4110,train
4111,g_4111,train
4112,g_4112,train
4113,g_4113,train
4114,g_2657,train
4115,g_4115,train
4116,g_4116,train
4117,g_4117,train
4118,g_4118,train
4119,g_4119,train
4120,g_4120,train
4121,g_1904,validation
4123,g_4123,train
4124,g_4124,train
4125,g_4125,train
4126,g_4126,test
4127,g_4127,test
4129,g_4129,train
4130,g_4130,train
4131,g_4131,train
4132,g_4132,train
4133,g_4133,validation
4134,g_4134,train
4135,g_4135,validation
4136,g_4136,test
4137,g_4137,train
4140,g_4140,validation
4141,g_4141,train
4142,g_4142,train
4143,g_4143,train
4144,g_4144,train
4145,g_4145,train
4146,g_2623,validation
4147,g_4147,train
4148,g_4148,test
4149,g_4149,train
4151,g_4151,train
4152,g_4152,train
4154,g_4154,train
4155,g_1525,train
4156,g_4156,train
4157,g_2390,train
4159,g_4159,train
4160,g_4160,train
4161,g_4161,train
4162,g_3504,train
4163,g_4163,train
4164,g_3888,train
4165,g_4165,test
4166,g_4166,train
4167,g_4167,train
4168,g_4168,train
4169,g_4169,train
4170,g_4170,train
4171,g_4171,train
4172,g_4172,train
4173,g_4173,train
4174,g_4174,validation
4175,g_2828,validation
4176,g_4176,train
4177,g_4177,train
4178,g_2964,train
4179,g_4179,train
4180,g_4180,validation
4181,g_4181,validation
4182,g_4182,train
4183,g_4183,test
4184,g_4184,train
4185,g_4185,train
4186,g_4186,train
4187,g_4187,train
4188,g_4188,validation
4189,g_4189,train
4190,g_4190,validation
4191,g_4191,train
4192,g_4192,train
4193,g_4193,train
4194,g_4194,train
4195,g_4195,test
4196,g_4196,train
4197,g_4197,train
4198,g_4198,train
4199,g_4199,train
4200,g_4200,train
4201,g_4201,validation
4202,g_4202,train
4203,g_4203,train
4204,g_4204,train
4206,g_4206,train
4207,g_4207,train
4208,g_4208,train
4209,g_4209,train
4210,g_4210,train
4211,g_4211,train
4212,g_4212,train
4213,g_4213,test
4214,g_4214,train
4215,g_4215,train
4216,g_4216,train
4217,g_4217,train
4219,g_4219,train
4220,g_4220,test
4222,g_4222,train
4223,g_4223,train
4224,g_4224,train
4225,g_4225,train
4227,g_4227,train
4228,g_4228,train
4229,g_4229,train
4230,g_4230,train
4231,g_4231,train
4232,g_4232,train
4233,g_4233,train
4234,g_4234,train
4236,g_4236,validation
4237,g_4237,train
4238,g_4238,train
4239,g_4239,train
4240,g_4240,train
4241,g_4241,train
4242,g_4242,train
4243,g_4243,train
4244,g_4244,train
4245,g_4245,train
4246,g_4246,train
4247,g_4247,train
4248,g_4248,train
4249,g_4249,train
4250,g_4250,train
4251,g_4251,train
4252,g_4252,train
4253,g_4253,train
4254,g_4254,train
4257,g_4257,validation
4258,g_2907,train
4259,g_4259,train
4260,g_4260,train
4261,g_4261,test
4262,g_4262,train
4263,g_4263,train
4264,g_4264,train
4266,g_4266,train
4267,g_4267,train
4268,g_4268,validation
4270,g_4270,validation
4271,g_4271,test
4272,g_4272,train
4273,g_4273,train
4274,g_4274,validation
4276,g_4276,validation
4277,g_4277,train
4279,g_4279,train
4280,g_4280,train
4282,g_4282,train
4283,g_4283,validation
4284,g_4284,train
4285,g_4285,test
4286,g_4286,train
4287,g_4287,train
4288,g_4288,test
4289,g_4289,train
4290,g_4290,train
4291,g_3911,train
4293,g_4293,train
4294,g_4294,train
4295,g_4295,train
4296,g_4296,test
4297,g_4297,train
4298,g_4298,train
4299,g_4299,test
4300,g_4300,train
4301,g_4301,train
4302,g_4302,train
4303,g_4303,train
4304,g_4304,train
4305,g_4305,train
4306,g_4306,train
4307,g_4307,train
4308,g_4308,validation
4309,g_4309,train
4310,g_4310,test
4311,g_4311,train
4312,g_4312,train
4313,g_4313,train
4314,g_4314,train
4315,g_4315,train
4316,g_4316,train
4317,g_4317,train
4318,g_4318,train
4319,g_4319,train
4320,g_4320,train
4321,g_4321,train
4322,g_4322,train
4323,g_4323,train
4324,g_4324,train
4325,g_4325,train
4326,g_4326,train
4327,g_4327,validation
4328,g_4328,train
4332,g_4332,validation
4333,g_4333,train
4335,g_4335,test
4336,g_4336,train
4337,g_3422,train
4338,g_4338,train
4339,g_4339,train
4340,g_4340,validation
4341,g_4341,test
4342,g_4342,test
4343,g_4343,train
4344,g_1041,test
4345,g_4345,train
4346,g_4346,train
4347,g_4347,train
4348,g_4348,train
4349,g_4349,train
4350,g_4350,test
4351,g_4351,train
4352,g_4352,train
4353,g_4353,train
4354,g_4354,train
4355,g_4355,validation
4356,g_4356,test
4357,g_4357,train
4358,g_4358,train
4359,g_4359,validation
4360,g_4360,train
4361,g_4361,train
4362,g_4362,train
4363,g_4363,train
4364,g_4364,train
4365,g_4365,train
4366,g_4366,train
4367,g_4367,train
4368,g_4368,train
4369,g_4369,train
4370,g_4370,train
4371,g_4371,validation
4372,g_4372,train
4373,g_4373,test
4374,g_4374,test
4375,g_4375,validation
4376,g_4376,train
4377,g_4377,test
4378,g_4378,train
4379,g_4379,train
4380,g_4380,validation
4381,g_4381,train
4382,g_4382,train
4383,g_4383,train
4384,g_4384,test
4385,g_4385,train
4386,g_4386,train
4387,g_4387,train
4388,g_4388,train
4389,g_4389,train
4390,g_4390,train
4391,g_4391,train
4392,g_4392,train
4393,g_4393,train
4394,g_4394,train
4395,g_4395,train
4396,g_4396,train
4397,g_4397,train
4398,g_4398,train
4399,g_4399,train
4400,g_4400,train
4401,g_4401,validation
4402,g_4402,train
4403,g_4403,train
4404,g_4404,train
4405,g_4405,validation
4406,g_4406,train
4407,g_4407,train
4408,g_4408,validation
4409,g_4409,test
4410,g_4410,train
4411,g_4411,validation
4412,g_4412,train
4413,g_4413,train
4414,g_4414,train
4415,g_4415,train
4416,g_4416,train
4417,g_4417,train
4418,g_4418,train
4419,g_4419,train
4420,g_4420,train
4421,g_4421,train
4422,g_4422,train
4423,g_4423,train
4424,g_4424,train
4425,g_4425,train
4426,g_4426,train
4427,g_4427,train
4428,g_4428,train
4429,g_4429,validation
4430,g_4430,train
4431,g_4431,train
4432,g_4432,train
4433,g_4433,test
4434,g_4434,train
4435,g_4435,train
4436,g_4436,train
4437,g_4437,train
4438,g_4438,train
4439,g_4439,train
4440,g_4440,train
4441,g_4441,train
4442,g_4442,train
4443,g_4443,train
4444,g_4444,train
4445,g_4445,train
4446,g_4446,train
4447,g_4447,test
4448,g_4448,train
4449,g_4449,train
4450,g_4450,train
4451,g_4451,train
4452,g_4452,train
4453,g_4453,train
4454,g_4454,test
4455,g_4455,train
4456,g_4456,train
4457,g_4457,train
4458,g_4458,train
4459,g_4459,train
4460,g_4460,test
4461,g_4461,train
4462,g_4462,train
4463,g_4463,validation
4464,g_4464,train
4465,g_4465,test
4466,g_4466,test
4467,g_4467,validation
4468,g_4468,train
4469,g_4469,train
4470,g_4470,test
4471,g_4471,train
4472,g_4472,train
4473,g_4473,train
4474,g_4474,train
4475,g_4475,train
4476,g_4476,train
4477,g_4477,train
4478,g_4478,train
4479,g_4479,train
4480,g_4480,train
4481,g_4481,train
4482,g_4482,train
4483,g_4483,validation
4484,g_4484,train
4485,g_4485,train
4486,g_4486,train
4487,g_4487,train
4488,g_4488,train
4489,g_4489,test
4490,g_4490,train
4491,g_4491,train
4492,g_4492,train
4493,g_4493,validation
4494,g_4494,train
4495,g_4495,train
4496,g_4496,train
4497,g_4497,train
4498,g_4498,train
4499,g_4499,train
4500,g_4500,validation
4501,g_4501,train
4502,g_4502,train
4503,g_4503,test
4504,g_4504,train
4505,g_4505,train
4506,g_4506,validation
4507,g_4507,train
4508,g_4508,train
4509,g_4509,train
4510,g_4510,train
4511,g_4511,train
4512,g_4512,train
4513,g_4513,train
4514,g_4514,validation
4515,g_4515,train
4516,g_4516,train
4517,g_4517,train
4518,g_4518,train
4519,g_4519,train
4520,g_4520,validation
4521,g_4521,test
4522,g_4522,train
4523,g_4523,train
4524,g_4524,train
4525,g_4525,train
4526,g_4526,train
4527,g_4527,test
4528,g_4528,train
4529,g_4529,test
4530,g_4530,validation
4531,g_4531,train
4532,g_4532,train
4533,g_4533,train
4534,g_4534,train
4535,g_4535,validation
4536,g_4536,train
4537,g_4537,train
4538,g_4538,train
4539,g_4539,train
4540,g_4540,train
4541,g_4541,train
4542,g_4542,train
4543,g_4543,train
4544,g_4544,validation
4545,g_4545,train
4546,g_4546,train
4547,g_4547,train
4548,g_4548,train
4549,g_4549,train
4550,g_4550,train
4551,g_4551,train
4552,g_4552,train
4553,g_4553,train
4554,g_4554,train
4555,g_4555,validation
4556,g_4556,train
4557,g_4557,train
4558,g_4558,test
4559,g_4559,train
4560,g_4560,train
4561,g_4561,validation
4562,g_4562,train
4563,g_4563,train
4564,g_4564,train
4565,g_4565,train
4566,g_4566,validation
4567,g_4567,train
4568,g_4568,train
4569,g_4569,train
4570,g_4570,train
4571,g_4571,train
4572,g_4572,train
4573,g_4573,train
4574,g_4574,train
4575,g_4575,train
4576,g_4576,train
4577,g_4577,validation
4578,g_4578,validation
4579,g_4579,train
4580,g_4580,train
4581,g_4581,train
4582,g_4582,train
4583,g_4583,train
4584,g_4584,train
4585,g_4585,train
4586,g_4586,train
4587,g_4587,train
4588,g_4588,train
4589,g_4589,train
4590,g_4590,test
4591,g_4591,train
4592,g_4592,train
4593,g_4593,train
4594,g_4594,train
4595,g_4595,train
4596,g_4596,test
4597,g_4597,test
4598,g_4598,train
4599,g_4599,test
4600,g_4600,train
4601,g_4601,train
4602,g_4602,train
4603,g_4603,train
4604,g_4604,train
4605,g_4605,train
4606,g_4606,validation
4607,g_4607,train
4608,g_4608,train
4609,g_4609,train
4610,g_4610,train
4611,g_4611,train
4612,g_4612,train
4613,g_4613,test
4614,g_4614,train
4615,g_4615,train
4616,g_4616,train
4617,g_4617,validation
4618,g_4618,train
4619,g_4619,train
4620,g_4620,validation
4621,g_4621,train
4622,g_4622,train
4623,g_4623,test
4624,g_4624,train
4625,g_4625,test
4626,g_4626,train
4627,g_4627,train
4628,g_4628,train
4629,g_4629,train
4630,g_4630,train
4631,g_4631,train
4632,g_4632,train
4633,g_4633,test
4634,g_4634,train
4635,g_4635,train
4636,g_4636,train
4637,g_4637,train
4638,g_4638,train
4639,g_4639,train
4640,g_4640,train
4641,g_4641,train
4642,g_4642,train
4643,g_4643,train
4644,g_4644,train
4645,g_4645,train
4646,g_4646,train
4647,g_4647,train
4648,g_4648,train
4649,g_4649,train
4650,g_4650,train
4651,g_4651,train
4652,g_4652,test
4653,g_4653,train
4654,g_4654,train
4655,g_4655,train
4656,g_4656,train
4657,g_4657,validation
4658,g_4658,test
4659,g_4659,train
4660,g_4660,train
4661,g_4661,train
4662,g_4662,train
4663,g_4663,train
4664,g_4664,train
4665,g_4665,train
4666,g_4666,train
4667,g_4667,train
4668,g_4668,test
4669,g_4669,test
4670,g_4670,train
4671,g_4671,train
4672,g_4672,train
4673,g_4673,train
4674,g_4674,train
4675,g_4675,train
4676,g_4676,train
4677,g_4677,train
4678,g_4678,train
4679,g_4679,test
4680,g_4680,train
4681,g_4681,validation
4682,g_4682,train
4683,g_4683,test
4684,g_4684,train
4685,g_4685,train
4686,g_4686,train
4687,g_4687,train
4688,g_4688,train
4689,g_4689,validation
4690,g_4690,train
4691,g_4691,train
4692,g_4692,test
4693,g_4693,train
4694,g_4694,train
4695,g_4695,train
4696,g_4696,validation
4697,g_4697,train
4698,g_4698,train
4699,g_4699,train
4700,g_4700,train
4701,g_4701,train
4702,g_4702,train
4703,g_4703,train
4704,g_4704,train
4705,g_4705,train
4706,g_4706,train
4707,g_4707,train
4708,g_4708,train
4709,g_4709,validation
4710,g_4710,train
4711,g_4711,train
4712,g_4712,train
4713,g_4713,train
4714,g_4714,validation
4715,g_4715,train
4716,g_4716,test
4717,g_4717,train
4718,g_4718,train
4719,g_4719,test
4720,g_4720,train
4721,g_4721,train
4722,g_4722,train
4723,g_4723,train
4724,g_4724,train
4725,g_4725,train
4726,g_4726,train
4727,g_4727,test
4728,g_4728,train
4729,g_4729,train
4730,g_4730,train
4731,g_4731,train
4732,g_4732,train
4733,g_4733,test
4734,g_4734,train
4735,g_4735,train
4736,g_4736,validation
4737,g_4737,train
4738,g_4738,validation
4739,g_4739,train
4740,g_4740,train
4741,g_4741,train
4742,g_4742,train
4743,g_4743,train
4744,g_4744,test
4745,g_4745,train
4746,g_4746,train
4747,g_4747,train
4748,g_4748,train
4749,g_4749,train
4750,g_4750,validation
4751,g_4751,train
4752,g_4752,train
4753,g_4753,train
4754,g_4754,train
4755,g_4755,train
4756,g_4756,train
4757,g_4757,train
4758,g_4758,train
4759,g_4759,train
4760,g_4760,train
4761,g_4761,train
4762,g_4762,train
4763,g_4763,train
4764,g_4764,train
4765,g_4765,train
4766,g_4766,test
4767,g_4767,train
4768,g_4768,test
4769,g_4769,train
4770,g_4770,validation
4771,g_4771,validation
4772,g_4772,train
4773,g_4773,train
4774,g_4774,train
4775,g_4775,train
4776,g_4776,train
4777,g_4777,validation
4778,g_4778,train
4779,g_4779,train
4780,g_4780,train
4781,g_4781,test
4782,g_4782,train
4783,g_4783,validation
4784,g_4784,train
4785,g_4785,train
4786,g_4786,train
4787,g_4787,train
4788,g_4788,train
4789,g_4789,train
4790,g_4790,train
4791,g_4791,test
4792,g_4792,validation
4793,g_4793,train
4794,g_4794,train
4795,g_4795,train
4796,g_4796,train
4797,g_4797,train
4798,g_4798,train
4799,g_4799,test
4800,g_4800,train
4801,g_4801,train
4802,g_4802,train
4803,g_4803,train
4804,g_4804,train
4805,g_4805,train
4806,g_4806,train
4807,g_4807,validation
4808,g_4808,train
4809,g_4809,validation
4810,g_4810,test
4811,g_4811,train
4812,g_4812,train
4813,g_4813,test
4814,g_4814,train
4815,g_4815,train
4816,g_4816,train
4817,g_4817,test
4818,g_4818,train
4819,g_4819,test
4820,g_4820,train
4821,g_4821,train
4822,g_4822,validation
4823,g_4823,train
4824,g_4824,train
4825,g_4825,train
4826,g_4826,validation
4827,g_4827,train
4828,g_4828,test
4829,g_4829,validation
4830,g_4830,train
4831,g_4831,train
4832,g_4832,train
4833,g_4833,validation
4834,g_4834,train
4835,g_4835,test
4836,g_4836,train
4837,g_4837,train
4838,g_4838,train
4839,g_4839,train
4840,g_4840,train
4841,g_4841,validation
4842,g_4842,test
4843,g_4843,test
4844,g_4844,train
4845,g_4845,train
4846,g_4846,validation
4847,g_4847,train
4848,g_4848,validation
4849,g_4849,test
4850,g_4850,test
4851,g_4851,train
4852,g_4852,train
4853,g_4853,validation
4854,g_4854,train
4855,g_4855,train
4856,g_4856,train
4857,g_4857,train
4858,g_4858,validation
4859,g_4859,train
4860,g_4860,train
4861,g_4861,train
4862,g_4862,train
4863,g_4863,train
4864,g_4864,test
4865,g_4865,validation
4866,g_4866,validation
4867,g_4867,train
4868,g_4868,train
4869,g_4869,test
4870,g_4870,test
4871,g_4871,train
4872,g_4872,train
4873,g_4873,train
4874,g_4874,train
4875,g_4875,train
4876,g_4876,train
4877,g_4877,train
4878,g_4878,train
4879,g_4879,train
4880,g_4880,validation
4881,g_4881,train
4882,g_4882,train
4883,g_4883,train
4884,g_4884,train
4885,g_4885,train
4886,g_4886,train
4887,g_4887,validation
4888,g_4888,train
4889,g_4889,train
4890,g_4890,train
4891,g_4891,test
4892,g_4892,train
4893,g_4893,train
4894,g_4894,train
4895,g_4895,train
4896,g_4896,train
4897,g_4897,train
4898,g_4898,train
4899,g_4899,train
4900,g_4900,train
4901,g_4901,test
4902,g_4902,train
4903,g_4903,train
4904,g_4904,train
4905,g_4905,test
4906,g_4906,train
4907,g_4907,train
4908,g_4908,train
4909,g_4909,train
4910,g_4910,train
4911,g_4911,train
4912,g_4912,train
4913,g_4913,train
4914,g_4914,train
4915,g_4915,train
4916,g_4916,train
4917,g_4917,train
4918,g_4918,train
4919,g_4919,train
4920,g_4920,test
4921,g_4921,train
4922,g_4922,train
4923,g_4923,train
4924,g_4924,train
4925,g_4925,train
4926,g_4926,train
4927,g_4927,test
4928,g_4928,train
4929,g_4929,train
4930,g_4930,train
4931,g_4931,validation
4932,g_4932,train
4933,g_4933,train
4934,g_4934,train
4935,g_4935,test
4936,g_4936,train
4937,g_4937,train
4938,g_4938,train
4939,g_4939,train
4940,g_4940,train
4941,g_4941,train
4942,g_4942,train
4943,g_4943,train
4944,g_4944,train
4945,g_4945,train
4946,g_4946,train
4947,g_4947,validation
4948,g_4948,train
4949,g_4949,train
4950,g_4950,train
4951,g_4951,train
4952,g_4952,train
4953,g_4953,train
4954,g_4954,train
4955,g_4955,train
4956,g_4956,train
4957,g_4957,train
4958,g_4958,train
4959,g_4959,train
4960,g_4960,train
4961,g_4961,train
4962,g_4962,train
4963,g_4963,train
4964,g_4964,train
4965,g_4965,train
4966,g_4966,train
4967,g_4967,train
4968,g_4968,train
4969,g_4969,train
4970,g_4970,train
4971,g_4971,train
4972,g_4972,train
4973,g_4973,train
4974,g_4974,train
4975,g_4975,train
4976,g_4976,train
4977,g_4977,train
4978,g_4978,train
4979,g_4979,test
4980,g_4980,test
4981,g_4981,validation
4982,g_4982,train
4983,g_4983,train
4984,g_4984,validation
4985,g_4985,train
4986,g_4986,train
4987,g_4987,train
4988,g_4988,train
4989,g_4989,train
4990,g_4990,train
4991,g_4991,train
4992,g_4992,test
4993,g_4993,train
4994,g_4994,train
4995,g_4995,train
4996,g_4996,train
4997,g_4997,train
4998,g_4998,test
4999,g_4999,train
5000,g_5000,train
5001,g_5001,validation
5002,g_5002,test
5003,g_5003,train
5004,g_5004,train
5005,g_5005,train
5006,g_5006,test
5007,g_5007,train
5008,g_5008,test
5009,g_5009,train
5010,g_5010,train
5011,g_5011,train
5012,g_5012,train
5013,g_5013,train
5014,g_5014,train
5015,g_5015,train
5016,g_5016,test
5017,g_5017,train
5018,g_5018,train
5019,g_5019,train
5020,g_5020,train
5021,g_5021,train
5022,g_5022,validation
5023,g_5023,train
5024,g_5024,train
5025,g_5025,train
5026,g_5026,train
5027,g_5027,train
5028,g_5028,validation
5029,g_5029,train
5030,g_5030,train
5031,g_5031,validation
5032,g_5032,train
5033,g_5033,train
5034,g_5034,train
5035,g_5035,train
5036,g_5036,train
5037,g_5037,validation
5038,g_5038,test
5039,g_5039,train
5040,g_5040,train
5041,g_5041,validation
5042,g_5042,validation
5043,g_5043,train
5044,g_5044,train
5045,g_5045,train
5046,g_5046,train
5047,g_5047,train
5048,g_5048,train
5049,g_5049,validation
5050,g_5050,train
5051,g_5051,train
5052,g_5052,train
5053,g_5053,train
5054,g_5054,train
5055,g_5055,train
5056,g_5056,train
5057,g_5057,train
5058,g_5058,train
5059,g_5059,train
5060,g_5060,train
5061,g_5061,train
5062,g_5062,train
5063,g_5063,train
5064,g_5064,train
5065,g_5065,train
5066,g_5066,train
5067,g_5067,train
5068,g_5068,train
5069,g_5069,train
5070,g_5070,test
5071,g_5071,train
5072,g_5072,train
5073,g_5073,validation
5074,g_5074,test
5075,g_5075,train
5076,g_5076,train
5077,g_5077,train
5078,g_5078,train
5079,g_5079,validation
5080,g_5080,train
5081,g_5081,train
5082,g_5082,test
5083,g_5083,train
5084,g_5084,train
5085,g_5085,train
5086,g_5086,validation
5087,g_5087,train
5088,g_5088,train
5089,g_5089,train
5090,g_5090,train
5091,g_5091,train
5092,g_5092,test
5093,g_5093,test
5094,g_5094,train
5095,g_5095,validation
5096,g_5096,train
5097,g_5097,train
5098,g_5098,validation
5099,g_5099,train
5100,g_5100,validation
5101,g_5101,validation
5102,g_5102,train
5103,g_5103,train
5104,g_5104,train
5105,g_5105,train
5106,g_5106,test
5107,g_5107,train
5108,g_5108,train
5109,g_5109,train
5110,g_5110,validation
5111,g_5111,train
5112,g_5112,train
5113,g_5113,train
5114,g_5114,train
5115,g_5115,train
5116,g_5116,train
5117,g_5117,test
5118,g_5118,train
5119,g_5119,train
5120,g_5120,train
5121,g_5121,train
5122,g_5122,train
5123,g_5123,test
5124,g_5124,validation
5125,g_5125,test
5126,g_5126,validation
5127,g_5127,train
5128,g_5128,train
5129,g_5129,train
5130,g_5130,test
5131,g_5131,test
5132,g_5132,validation
5133,g_5133,train
5134,g_5134,validation
5135,g_5135,train
5136,g_5136,train
5137,g_5137,train
5138,g_5138,train
5139,g_5139,train
5140,g_5140,train
5141,g_5141,train
5142,g_5142,train
5143,g_5143,train
5144,g_5144,train
5145,g_5145,train
5146,g_5146,validation
5147,g_5147,test
5148,g_5148,train
5149,g_5149,train
5150,g_5150,train
5151,g_5151,train
5152,g_5152,train
5153,g_5153,train
5154,g_5154,train
5155,g_5155,train
5156,g_5156,train
5157,g_5157,train
5158,g_5158,train
5159,g_5159,train
5160,g_5160,train
5161,g_5161,test
5162,g_5162,validation
5163,g_5163,train
5164,g_5164,train
5165,g_5165,train
5166,g_5166,train
5167,g_5167,train
5168,g_5168,test
5169,g_5169,train
5170,g_5170,test
5171,g_5171,train
5172,g_5172,test
5173,g_5173,train
5174,g_5174,train
5175,g_5175,train
5176,g_5176,test
5177,g_5177,train
5178,g_5178,train
5179,g_5179,train
5180,g_5180,train
5181,g_5181,train
5182,g_5182,train
5183,g_5183,train
5184,g_5184,train
5185,g_5185,train
5186,g_5186,test
5187,g_5187,train
5188,g_5188,train
5189,g_5189,train
5190,g_5190,train
5191,g_5191,train
5192,g_5192,train
5193,g_5193,train
5194,g_5194,train
5195,g_5195,validation
5196,g_5196,train
5197,g_5197,train
5198,g_5198,test
5199,g_5199,train
5200,g_5200,train
5201,g_5201,train
5202,g_5202,train
5203,g_5203,train
5204,g_5204,train
5205,g_5205,train
5206,g_5206,test
5207,g_5207,train
5208,g_5208,train
5209,g_5209,test
5210,g_5210,train
5211,g_5211,train
5212,g_5212,train
5213,g_5213,train
5214,g_5214,train
5215,g_5215,test
5216,g_5216,train
5217,g_5217,train
5218,g_5218,train
5219,g_5219,train
5220,g_5220,train
5221,g_5221,validation
5222,g_5222,train
5223,g_5223,train
5224,g_5224,train
5225,g_5225,train
5226,g_5226,train
5227,g_5227,train
5228,g_5228,train
5229,g_5229,train
5230,g_5230,train
5231,g_5231,train
5232,g_5232,train
5233,g_5233,train
5234,g_5234,train
5235,g_5235,train
5236,g_5236,validation
5237,g_5237,train
5238,g_5238,test
5239,g_5239,test
5240,g_5240,train
5241,g_5241,train
5242,g_5242,train
5243,g_5243,train
5244,g_5244,train
5245,g_5245,train
5246,g_5246,train
5247,g_5247,test
5248,g_5248,validation
5249,g_5249,test
5250,g_5250,train
5251,g_5251,train
5252,g_5252,train
5253,g_5253,train
5254,g_5254,train
5255,g_5255,train
5256,g_5256,train
5257,g_5257,train
5258,g_5258,validation
5259,g_5259,train
5260,g_5260,validation
5261,g_5261,train
5262,g_5262,train
5263,g_5263,train
5264,g_5264,train
5265,g_5265,train
5266,g_5266,train
5267,g_5267,train
5268,g_5268,train
5269,g_5269,train
5270,g_5270,train
5271,g_5271,train
5272,g_5272,train
5273,g_5273,train
5274,g_5274,train
5275,g_5275,train
5276,g_5276,train
5277,g_5277,validation
5278,g_5278,train
5279,g_5279,train
5280,g_5280,train
5281,g_5281,train
5282,g_5282,test
5283,g_5283,train
5284,g_5284,train
5285,g_5285,test
5286,g_5286,validation
5287,g_5287,train
5288,g_5288,train
5289,g_5289,test
5290,g_5290,test
5291,g_5291,train
5292,g_5292,train
5293,g_5293,train
5294,g_5294,test
5295,g_5295,train
5296,g_5296,train
5297,g_5297,validation
5298,g_5298,train
5299,g_5299,train
5300,g_5300,train
5301,g_5301,train
5302,g_5302,train
5303,g_5303,validation
5304,g_5304,train
5305,g_5305,test
5306,g_5306,train
5307,g_5307,test
5308,g_5308,train
5309,g_5309,train
5310,g_5310,train
5311,g_5311,train
5312,g_5312,test
5313,g_5313,train
5314,g_5314,train
5315,g_5315,train
5316,g_5316,train
5317,g_5317,test
5318,g_5318,validation
5319,g_5319,test
5320,g_5320,train
5321,g_5321,train
5322,g_5322,train
5323,g_5323,train
5324,g_5324,validation
5325,g_5325,validation
5326,g_5326,train
5327,g_5327,train
5328,g_5328,train
5329,g_5329,train
5330,g_5330,validation
5331,g_5331,train
5332,g_5332,train
5333,g_5333,train
5334,g_5334,train
5335,g_5335,train
5336,g_5336,validation
5337,g_5337,train
5338,g_5338,train
5339,g_5339,train
5340,g_5340,train
5341,g_5341,validation
5342,g_5342,train
5343,g_5343,train
5344,g_5344,train
5345,g_5345,validation
5346,g_5346,validation
5347,g_5347,train
5348,g_5348,train
5349,g_5349,train
5350,g_5350,train
5351,g_5351,train
5352,g_5352,train
5353,g_5353,train
5354,g_5354,train
5355,g_5355,test
5356,g_5356,test
5357,g_5357,train
5358,g_5358,train
5359,g_5359,test
5360,g_5360,train
5361,g_5361,train
5362,g_5362,test
5363,g_5363,train
5364,g_5364,train
5365,g_5365,validation
5366,g_5366,train
5367,g_5367,train
5368,g_5368,validation
5369,g_5369,train
5370,g_5370,train
5371,g_5371,test
5372,g_5372,train
5373,g_5373,test
5374,g_5374,train
5375,g_5375,test
5376,g_5376,train
5377,g_5377,train
5378,g_5378,validation
5379,g_5379,train
5380,g_5380,train
5381,g_5381,validation
5382,g_5382,validation
5383,g_5383,train
5384,g_5384,train
5385,g_5385,train
5386,g_5386,train
5387,g_5387,validation
5388,g_5388,train
5389,g_5389,train
5390,g_5390,train
5391,g_5391,validation
5392,g_5392,train
5393,g_5393,train
5394,g_5394,train
5395,g_5395,train
5396,g_5396,test
5397,g_5397,train
5398,g_5398,train
5399,g_5399,train
5400,g_5400,train
5401,g_5401,train
5402,g_5402,train
5403,g_5403,train
5404,g_5404,train
5405,g_5405,train
5406,g_5406,test
5407,g_5407,train
5408,g_5408,train
5409,g_5409,validation
5410,g_5410,train
5411,g_5411,train
5412,g_5412,train
5413,g_5413,train
5414,g_5414,train
5415,g_5415,train
5416,g_5416,train
5417,g_5417,train
5418,g_5418,test
5419,g_5419,train
5420,g_5420,train
5421,g_5421,train
5422,g_5422,train
5423,g_5423,train
5424,g_5424,train
5425,g_5425,train
5426,g_5426,train
5427,g_5427,train
5428,g_5428,validation
5429,g_5429,test
5430,g_5430,test
5431,g_5431,train
5432,g_5432,test
5433,g_5433,train
5434,g_5434,train
5435,g_5435,train
5436,g_5436,train
5437,g_5437,train
5438,g_5438,train
5439,g_5439,validation
5440,g_5440,train
5441,g_5441,train
5442,g_5442,train
5443,g_5443,train
5444,g_5444,train
5445,g_5445,train
5446,g_5446,validation
5447,g_5447,train
5448,g_5448,train
5449,g_5449,train
5450,g_5450,validation
5451,g_5451,train
5452,g_5452,train
5453,g_5453,train
5454,g_5454,train
5455,g_5455,train
5456,g_5456,train
5457,g_5457,train
5458,g_5458,train
5459,g_5459,train
5460,g_5460,train
5461,g_5461,train
5462,g_5462,test
5463,g_5463,test
5464,g_5464,train
5465,g_5465,validation
5466,g_5466,train
5467,g_5467,test
5468,g_5468,train
5469,g_5469,test
5470,g_5470,validation
5471,g_5471,train
5472,g_5472,train
5473,g_5473,train
5474,g_5474,validation
5475,g_5475,train
5476,g_5476,test
5477,g_5477,train
5478,g_5478,train
5479,g_5479,train
5480,g_5480,train
5481,g_5481,train
5482,g_5482,test
5483,g_5483,train
5484,g_5484,train
5485,g_5485,train
5486,g_5486,validation
5487,g_5487,train
5488,g_5488,train
5489,g_5489,train
5490,g_5490,train
5491,g_5491,validation
5492,g_5492,train
5493,g_5493,train
5494,g_5494,train
5495,g_5495,train
5496,g_5496,train
5497,g_5497,test
5498,g_5498,train
5499,g_5499,validation
5500,g_5500,train
5501,g_5501,train
5502,g_5502,train
5503,g_5503,train
5504,g_5504,train
5505,g_5505,train
5506,g_5506,train
5507,g_5507,train
5508,g_5508,test
5509,g_5509,train
5510,g_5510,train
5511,g_5511,train
5512,g_5512,test
5513,g_5513,validation
5514,g_5514,train
5515,g_5515,train
5516,g_5516,train
5517,g_5517,train
5518,g_5518,train
5519,g_5519,train
5520,g_5520,train
5521,g_5521,test
5522,g_5522,test
5523,g_5523,train
5524,g_5524,validation
5525,g_5525,validation
5526,g_5526,validation
5527,g_5527,train
5528,g_5528,train
5529,g_5529,train
5530,g_5530,train
5531,g_5531,train
5532,g_5532,test
5533,g_5533,train
5534,g_5534,train
5535,g_5535,train
5536,g_5536,train
5537,g_5537,test
5538,g_5538,train
5539,g_5539,test
5540,g_5540,train
5541,g_5541,validation
5542,g_5542,train
5543,g_5543,train
5544,g_5544,validation
5545,g_5545,train
5546,g_5546,train
5547,g_5547,train
5548,g_5548,train
5549,g_5549,train
5550,g_5550,validation
5551,g_5551,test
5552,g_5552,train
5553,g_5553,train
5554,g_5554,test
5555,g_5555,test
5556,g_5556,train
5557,g_5557,train
5558,g_5558,train
5559,g_5559,train
5560,g_5560,train
5561,g_5561,train
5562,g_5562,train
5563,g_5563,train
5564,g_5564,test
5565,g_5565,train
5566,g_5566,validation
5567,g_5567,train
5568,g_5568,train
5569,g_5569,train
5570,g_5570,train
5571,g_5571,train
5572,g_5572,train
5573,g_5573,test
5574,g_5574,train
5575,g_5575,train
5576,g_5576,train
5577,g_5577,train
5578,g_5578,train
5579,g_5579,train
5580,g_5580,train
5581,g_5581,validation
5582,g_5582,train
5583,g_5583,train
5584,g_5584,train
5585,g_5585,train
5586,g_5586,train
5587,g_5587,train
5588,g_5588,train
5589,g_5589,test
5590,g_5590,train
5591,g_5591,train
5592,g_5592,train
5593,g_5593,train
5594,g_5594,validation
5595,g_5595,train
5596,g_5596,test
5597,g_5597,train
5598,g_5598,test
5599,g_5599,train
5600,g_5600,train
5601,g_5601,train
5602,g_5602,train
5603,g_5603,train
5604,g_5604,test
5605,g_5605,train
5606,g_5606,train
5607,g_5607,train
5608,g_5608,train
5609,g_5609,train
5610,g_5610,train
5611,g_5611,train
5612,g_5612,train
5613,g_5613,train
5614,g_5614,validation
5615,g_5615,test
5616,g_5616,train
5617,g_5617,train
5618,g_5618,test
5619,g_5619,train
5620,g_5620,validation
5621,g_5621,train
5622,g_5622,train
5623,g_5623,train
5624,g_5624,test
5625,g_5625,train
5626,g_5626,test
5627,g_5627,validation
5628,g_5628,train
5629,g_5629,train
5630,g_5630,test
5631,g_5631,train
5632,g_5632,train
5633,g_5633,train
5634,g_5634,train
5635,g_5635,train
5636,g_5636,train
5637,g_5637,train
5638,g_5638,test
5639,g_5639,test
5640,g_5640,train
5641,g_5641,validation
5642,g_5642,validation
5643,g_5643,train
5644,g_5644,train
5645,g_5645,train
5646,g_5646,train
5647,g_5647,train
5648,g_5648,validation
5649,g_5649,train
5650,g_5650,train
5651,g_5651,train
5652,g_5652,train
5653,g_5653,train
5654,g_5654,train
5655,g_5655,test
5656,g_5656,train
5657,g_5657,train
5658,g_5658,train
5659,g_5659,train
5660,g_5660,train
5661,g_5661,train
5662,g_5662,train
5663,g_5663,train
5664,g_5664,train
5665,g_5665,validation
5666,g_5666,train
5667,g_5667,train
5668,g_5668,train
5669,g_5669,train
5670,g_5670,train
5671,g_5671,train
5672,g_5672,test
5673,g_5673,train
5674,g_5674,train
5675,g_5675,test
5676,g_5676,train
5677,g_5677,train
5678,g_5678,train
5679,g_5679,train
5680,g_5680,train
5681,g_5681,train
5682,g_5682,train
5683,g_5683,train
5684,g_5684,train
5685,g_5685,train
5686,g_5686,train
5687,g_5687,train
5688,g_5688,train
5689,g_5689,test
5690,g_5690,train
5691,g_5691,train
5692,g_5692,train
5693,g_5693,train
5694,g_5694,train
5695,g_5695,train
5696,g_5696,train
5697,g_5697,train
5698,g_5698,train
5699,g_5699,train
5700,g_5700,train
5701,g_5701,test
5702,g_5702,train
5703,g_5703,train
5704,g_5704,train
5705,g_5705,train
5706,g_5706,train
5707,g_5707,train
5708,g_5708,train
5709,g_5709,train
5710,g_5710,train
5711,g_5711,train
5712,g_5712,train
5713,g_5713,train
5714,g_5714,train
5715,g_5715,train
5716,g_5716,validation
5717,g_5717,train
5718,g_5718,train
5719,g_5719,train
5720,g_5720,train
5721,g_5721,train
5722,g_5722,train
5723,g_5723,train
5724,g_5724,test
5725,g_5725,train
5726,g_5726,train
5727,g_5727,train
5728,g_5728,test
5729,g_5729,train
5730,g_5730,train
5731,g_5731,train
5732,g_5732,train
5733,g_5733,train
5734,g_5734,train
5735,g_5735,test
5736,g_5736,train
5737,g_5737,train
5738,g_5738,test
5739,g_5739,train
5740,g_5740,train
5741,g_5741,train
5742,g_5742,validation
5743,g_5743,train
5744,g_5744,train
5745,g_5745,train
5746,g_5746,train
5747,g_5747,train
5748,g_5748,train
5749,g_5749,train
5750,g_5750,train
5751,g_5751,train
5752,g_5752,train
5753,g_5753,validation
5754,g_5754,test
5755,g_5755,train
5756,g_5756,train
5757,g_5757,train
5758,g_5758,validation
5759,g_5759,train
5760,g_5760,train
5761,g_5761,train
5762,g_5762,train
5763,g_5763,train
5764,g_5764,test
5765,g_5765,train
5766,g_5766,train
5767,g_5767,train
5768,g_5768,train
5769,g_5769,train
5770,g_5770,train
5771,g_5771,train
5772,g_5772,train
5773,g_5773,train
5774,g_5774,train
5775,g_5775,train
5776,g_5776,train
5777,g_5777,train
5778,g_5778,train
5779,g_5779,validation
5780,g_5780,test
5781,g_5781,test
5782,g_5782,train
5783,g_5783,validation
5784,g_5784,train
5785,g_5785,test
5786,g_5786,train
5787,g_5787,train
5788,g_5788,train
5789,g_5789,train
5790,g_5790,train
5791,g_5791,train
5792,g_5792,validation
5793,g_5793,train
5794,g_5794,train
5795,g_5795,train
5796,g_5796,train
5797,g_5797,train
5798,g_5798,train
5799,g_5799,train
5800,g_5800,train
5801,g_5801,train
5802,g_5802,train
5803,g_5803,train
5804,g_5804,train
5805,g_5805,train
5806,g_5806,train
5807,g_5807,train
5808,g_5808,train
5809,g_5809,train
5810,g_5810,train
5811,g_5811,train
5812,g_5812,train
5813,g_5813,train
5814,g_5814,test
5815,g_5815,train
5816,g_5816,train
5817,g_5817,test
5818,g_5818,train
5819,g_5819,train
5820,g_5820,train
5821,g_5821,train
5822,g_5822,validation
5823,g_5823,train
5824,g_5824,test
5825,g_5825,train
5826,g_5826,validation
5827,g_5827,train
5828,g_5828,test
5829,g_5829,train
5830,g_5830,train
5831,g_5831,train
5832,g_5832,test
5833,g_5833,validation
5834,g_5834,train
5835,g_5835,train
5836,g_5836,train
5837,g_5837,train
5838,g_5838,test
5839,g_5839,train
5840,g_5840,train
5841,g_5841,train
5842,g_5842,train
5843,g_5843,train
5844,g_5844,validation
5845,g_5845,train
5846,g_5846,train
5847,g_5847,validation
5848,g_5848,train
5849,g_5849,train
5850,g_5850,train
5851,g_5851,train
5852,g_5852,train
5853,g_5853,test
5854,g_5854,train
5855,g_5855,train
5856,g_5856,train
5857,g_5857,train
5858,g_5858,train
5859,g_5859,train
5860,g_5860,train
5861,g_5861,train
5862,g_5862,train
5863,g_5863,train
5864,g_5864,train
5865,g_5865,train
5866,g_5866,train
5867,g_5867,train
5868,g_5868,train
5869,g_5869,train
5870,g_5870,train
5871,g_5871,train
5872,g_5872,train
5873,g_5873,train
5874,g_5874,train
5875,g_5875,train
5876,g_5876,train
5877,g_5877,train
5878,g_5878,train
5879,g_5879,train
5880,g_5880,train
5881,g_5881,train
5882,g_5882,train
5883,g_5883,train
5884,g_5884,train
5885,g_5885,train
5886,g_5886,train
5887,g_5887,validation
5888,g_5888,test
5889,g_5889,test
5890,g_5890,train
5891,g_5891,validation
5892,g_5892,train
5893,g_5893,train
5894,g_5894,train
5895,g_5895,train
5896,g_5896,train
5897,g_5897,train
5898,g_5898,train
5899,g_5899,train
5900,g_5900,train
5901,g_5901,train
5902,g_5902,train
5903,g_5903,train
5904,g_5904,train
5905,g_5905,train
5906,g_5906,train
5907,g_5907,train
5908,g_5908,train
5909,g_5909,train
5910,g_5910,train
5911,g_5911,validation
5912,g_5912,train
5913,g_5913,train
5914,g_5914,train
5915,g_5915,train
5916,g_5916,test
5917,g_5917,train
5918,g_5918,train
5919,g_5919,validation
5920,g_5920,train
5921,g_5921,train
5922,g_5922,train
5923,g_5923,train
5924,g_5924,train
5925,g_5925,validation
5926,g_5926,train
5927,g_5927,train
5928,g_5928,train
5929,g_5929,test
5930,g_5930,validation
5931,g_5931,train
5932,g_5932,train
5933,g_5933,train
5934,g_5934,train
5935,g_5935,train
5936,g_5936,train
5937,g_5937,train
5938,g_5938,train
5939,g_5939,train
5940,g_5940,train
5941,g_5941,train
5942,g_5942,train
5943,g_5943,validation
5944,g_5944,train
5945,g_5945,train
5946,g_5946,train
5947,g_5947,train
5948,g_5948,train
5949,g_5949,train
5950,g_5950,test
5951,g_5951,train
5952,g_5952,train
5953,g_5953,train
5954,g_5954,train
5955,g_5955,train
5956,g_5956,validation
5957,g_5957,train
5958,g_5958,train
5959,g_5959,train
5960,g_5960,train
5961,g_5961,train
5962,g_5962,validation
5963,g_5963,train
5964,g_5964,validation
5965,g_5965,test
5966,g_5966,train
5967,g_5967,test
5968,g_5968,train
5969,g_5969,validation
5970,g_5970,train
5971,g_5971,train
5972,g_5972,train
5973,g_5973,train
5974,g_5974,train
5975,g_5975,train
5976,g_5976,train
5977,g_5977,train
5978,g_5978,train
5979,g_5979,test
5980,g_5980,train
5981,g_5981,train
5982,g_5982,train
5983,g_5983,train
5984,g_5984,train
5985,g_5985,train
5986,g_5986,train
5987,g_5987,train
5988,g_5988,train
5989,g_5989,train
5990,g_5990,train
5991,g_5991,train
5992,g_5992,train
5993,g_5993,train
5994,g_5994,test
5995,g_5995,train
5996,g_5996,validation
5997,g_5997,train
5998,g_5998,train
5999,g_5999,train
6000,g_6000,train
6001,g_6001,train
6002,g_6002,train
6003,g_6003,train
6004,g_6004,train
6005,g_6005,train
6006,g_6006,train
6007,g_6007,train
6008,g_6008,train
6009,g_6009,train
6010,g_6010,validation
6011,g_6011,validation
6012,g_6012,train
6013,g_6013,train
6014,g_6014,train
6015,g_6015,train
6016,g_6016,test
6017,g_6017,test
6018,g_6018,train
6019,g_6019,test
6020,g_6020,validation
6021,g_6021,train
6022,g_6022,train
6023,g_6023,train
6024,g_6024,train
6025,g_6025,train
6026,g_6026,train
6027,g_6027,train
6028,g_6028,train
6029,g_6029,train
6030,g_6030,validation
6031,g_6031,train
6032,g_6032,train
6033,g_6033,train
6034,g_6034,validation
6035,g_6035,train
6036,g_6036,train
6037,g_6037,train
6038,g_6038,train
6039,g_6039,train
6040,g_6040,train
6041,g_6041,test
6042,g_6042,train
6043,g_6043,train
6044,g_6044,train
6045,g_6045,train
6046,g_6046,train
6047,g_6047,train
6048,g_6048,train
6049,g_6049,train
6050,g_6050,test
6051,g_6051,train
6052,g_6052,train
6053,g_6053,train
6054,g_6054,train
6055,g_6055,train
6056,g_6056,test
6057,g_6057,train
6058,g_6058,validation
6059,g_6059,validation
6060,g_6060,train
6061,g_6061,train
6062,g_6062,train
6063,g_6063,validation
6064,g_6064,train
6065,g_6065,train
6066,g_6066,train
6067,g_6067,train
6068,g_6068,train
6069,g_6069,train
6070,g_6070,test
6071,g_6071,train
6072,g_6072,train
6073,g_6073,train
6074,g_6074,validation
6075,g_6075,train
6076,g_6076,train
6077,g_6077,train
6078,g_6078,train
6079,g_6079,test
6080,g_6080,train
6081,g_6081,test
6082,g_6082,train
6083,g_6083,train
6084,g_6084,train
6085,g_6085,train
6086,g_6086,train
6087,g_6087,validation
6088,g_6088,test
6089,g_6089,train
6090,g_6090,test
6091,g_6091,train
6092,g_6092,train
6093,g_6093,train
6094,g_6094,train
6095,g_6095,train
6096,g_6096,train
6097,g_6097,train
6098,g_6098,train
6099,g_6099,validation
6100,g_6100,train
6101,g_6101,train
6102,g_6102,train
6103,g_6103,train
6104,g_6104,train
6105,g_6105,train
6106,g_6106,test
6107,g_6107,train
6108,g_6108,train
6109,g_6109,test
6110,g_6110,train
6111,g_6111,test
6112,g_6112,train
6113,g_6113,train
6114,g_6114,train
6115,g_6115,validation
6116,g_6116,train
6117,g_6117,train
6118,g_6118,train
6119,g_6119,train
6120,g_6120,validation
6121,g_6121,train
6122,g_6122,train
6123,g_6123,train
6124,g_6124,train
6125,g_6125,train
6126,g_6126,validation
6127,g_6127,train
6128,g_6128,train
6129,g_6129,test
6130,g_6130,train
6131,g_6131,validation
6132,g_6132,test
6133,g_6133,train
6134,g_6134,train
6135,g_6135,validation
6136,g_6136,train
6137,g_6137,train
6138,g_6138,train
6139,g_6139,train
6140,g_6140,train
6141,g_6141,train
6142,g_6142,validation
6143,g_6143,validation
6144,g_6144,train
6145,g_4794,train
6146,g_6146,train
6147,g_6147,train
6148,g_6148,train
6149,g_6149,train
6150,g_6150,train
6151,g_6151,train
6152,g_6152,train
6153,g_6153,validation
6154,g_6154,train
6155,g_6155,train
6156,g_6156,train
6157,g_6157,validation
6158,g_6158,train
6159,g_6159,validation
6160,g_6160,validation
6161,g_6161,train
6162,g_6162,validation
6163,g_6163,train
6164,g_6164,train
6165,g_6165,train
6166,g_6166,train
6167,g_6167,train
6168,g_6168,train
6169,g_6169,train
6170,g_6170,train
6171,g_6171,train
6172,g_6172,test
6173,g_6173,train
6174,g_6174,train
6175,g_6175,test
6176,g_6176,train
6177,g_6177,train
6178,g_6178,train
6179,g_6179,validation
6180,g_6180,train
6181,g_6181,train
6182,g_6182,test
6183,g_6183,train
6184,g_6184,train
6185,g_6185,validation
6186,g_6186,train
6187,g_6187,train
6188,g_6188,train
6189,g_6189,validation
6190,g_6190,train
6191,g_6191,test
6192,g_6192,validation
6193,g_6193,train
6194,g_6194,train
6195,g_6195,train
6196,g_6196,train
6197,g_6197,validation
6198,g_6198,train
6199,g_6199,validation
6200,g_6200,train
6201,g_6201,test
6202,g_6202,train
6203,g_6203,train
6204,g_6204,train
6205,g_6205,validation
6206,g_6206,train
6207,g_6207,train
6208,g_6208,train
6209,g_6209,train
6210,g_6210,train
6211,g_6211,train
6212,g_6212,test
6213,g_6213,test
6214,g_6214,validation
6215,g_6215,train
6216,g_6216,train
6217,g_6217,train
6218,g_6218,train
6219,g_6219,train
6220,g_6220,train
6221,g_6221,train
6222,g_6222,train
6223,g_6223,train
6224,g_6224,train
6225,g_6225,validation
6226,g_6226,train
6227,g_6227,train
6228,g_6228,test
6229,g_6229,train
6230,g_6230,train
6231,g_6231,train
6232,g_6232,train
6233,g_6233,train
6234,g_6234,train
6235,g_6235,train
6236,g_6236,train
6237,g_6237,validation
6238,g_6238,validation
6239,g_6239,validation
6240,g_6240,train
6241,g_6241,train
6242,g_6242,test
6243,g_6243,train
6244,g_6244,train
6245,g_6245,train
6246,g_6246,train
6247,g_6247,train
6248,g_6248,validation
6249,g_6249,train
6250,g_6250,train
6251,g_6251,train
6252,g_6252,test
6253,g_6253,train
6254,g_6254,train
6255,g_6255,validation
6256,g_6256,train
6257,g_6257,test
6258,g_6258,train
6259,g_6259,validation
6260,g_6260,test
6261,g_6261,train
6262,g_6262,test
6263,g_6263,train
6264,g_6264,train
6265,g_6265,train
6266,g_5049,validation
6267,g_6267,test
6268,g_6268,train
6269,g_6269,train
6270,g_6270,validation
6271,g_6271,train
6272,g_6272,train
6273,g_6273,train
6274,g_6274,train
6275,g_6275,train
6276,g_6276,test
6277,g_6277,train
6278,g_6278,test
6279,g_6279,test
6280,g_6280,train
6281,g_6281,train
6282,g_6282,test
6283,g_6283,train
6284,g_6284,train
6285,g_6285,train
6286,g_6286,train
6287,g_6287,train
6288,g_6288,train
6289,g_6289,train
6290,g_6290,train
6291,g_6291,train
6292,g_6292,train
6293,g_6293,validation
6294,g_6294,train
6295,g_6295,train
6296,g_6296,train
6297,g_6297,train
6298,g_6298,train
6299,g_6299,train
6300,g_6300,train
6301,g_6301,train
6302,g_6302,validation
6303,g_6303,train
6304,g_6304,train
6305,g_6305,validation
6306,g_6306,test
6307,g_6307,validation
6308,g_6308,validation
6309,g_6309,validation
6310,g_6310,train
6311,g_6311,train
6312,g_6312,train
6313,g_6313,train
6314,g_6314,train
6315,g_6315,validation
6316,g_6316,train
6317,g_6317,train
6318,g_6318,train
6319,g_6319,train
6320,g_6320,test
6321,g_6321,train
6322,g_6322,train
6323,g_6323,train
6324,g_6324,train
6325,g_6325,train
6326,g_6326,train
6327,g_6327,train
6328,g_6328,train
6329,g_6329,train
6330,g_6330,train
6331,g_6331,train
6332,g_6332,train
6333,g_6333,test
6334,g_6334,train
6335,g_6335,train
6336,g_6336,train
6337,g_6337,train
6338,g_6338,train
6339,g_6339,train
6340,g_6340,train
6341,g_6341,validation
6342,g_6342,train
6343,g_6343,train
6344,g_6344,test
6345,g_6345,train
6346,g_6346,train
6347,g_6347,train
6348,g_6348,train
6349,g_6349,train
6350,g_6350,test
6351,g_6351,train
6352,g_6352,train
6353,g_6353,train
6354,g_6354,train
6355,g_6355,train
6356,g_6356,train
6357,g_6357,train
6358,g_6358,train
6359,g_6359,test
6360,g_6360,train
6361,g_6361,train
6362,g_6362,test
6363,g_6363,train
6364,g_6364,train
6365,g_6365,validation
6366,g_6366,train
6367,g_6367,train
6368,g_6368,train
6369,g_6369,train
6370,g_6370,train
6371,g_6371,train
6372,g_6372,train
6373,g_6373,train
6374,g_6374,train
6375,g_6375,train
6376,g_6376,train
6377,g_6377,train
6378,g_6378,train
6379,g_6379,train
6380,g_6380,train
6381,g_6381,train
6382,g_6382,train
6383,g_6383,train
6384,g_6384,train
6385,g_6385,train
6386,g_6386,train
6387,g_6387,test
6388,g_6388,validation
6389,g_6389,train
6390,g_6390,train
6391,g_6391,train
6392,g_6392,train
6393,g_6393,test
6394,g_6394,train
6395,g_6395,train
6396,g_6396,train
6397,g_6397,train
6398,g_6398,train
6399,g_6399,train
6400,g_6400,test
6401,g_6401,train
6402,g_6402,validation
6403,g_6403,train
6404,g_6404,train
6405,g_6405,train
6406,g_6406,train
6407,g_6407,train
6408,g_6408,train
6409,g_6409,test
6410,g_6410,train
6411,g_6411,train
6412,g_6412,train
6413,g_6413,train
6414,g_6414,train
6415,g_6415,train
6416,g_6416,train
6417,g_6417,train
6418,g_6418,train
6419,g_6419,train
6420,g_6420,validation
6421,g_6421,train
6422,g_6422,train
6423,g_6423,train
6424,g_6424,train
6425,g_6425,train
6426,g_6426,train
6427,g_6427,train
6428,g_6428,train
6429,g_6429,test
6430,g_6430,train
6431,g_6431,validation
6432,g_6432,train
6433,g_6433,test
6434,g_6434,train
6435,g_6435,train
6436,g_6436,train
6437,g_6437,train
6438,g_6438,train
6439,g_6439,train
6440,g_6440,train
6441,g_6441,train
6442,g_6442,train
6443,g_6443,validation
6444,g_6444,train
6445,g_6445,test
6446,g_6446,validation
6447,g_6447,train
6448,g_6448,test
6449,g_6449,train
6450,g_6450,train
6451,g_6451,train
6452,g_6452,train
6453,g_6453,train
6454,g_6454,train
6455,g_6455,train
6456,g_6456,train
6457,g_6457,train
6458,g_6458,train
6459,g_6459,train
6460,g_6460,train
6461,g_6461,train
6462,g_6462,train
6463,g_6463,train
6464,g_6464,train
6465,g_6465,train
6466,g_6466,train
6467,g_6467,test
6468,g_6468,train
6469,g_6469,validation
6470,g_6470,train
6471,g_6471,validation
6472,g_6472,validation
6473,g_6473,train
6474,g_6474,train
6475,g_6475,train
6476,g_6476,train
6477,g_6477,train
6478,g_6478,train
6479,g_6479,test
6480,g_6480,train
6481,g_6481,validation
6482,g_6482,train
6483,g_6483,test
6484,g_6484,train
6485,g_6485,test
6486,g_6486,train
6487,g_6487,train
6488,g_6488,train
6489,g_6489,train
6490,g_6490,train
6491,g_6491,train
6492,g_6492,train
6493,g_6493,train
6494,g_6494,train
6495,g_6495,train
6496,g_6496,train
6497,g_6497,train
6498,g_6498,train
6499,g_6499,train
6500,g_6500,train
6501,g_6501,validation
6502,g_6502,train
6503,g_6503,validation
6504,g_6504,train
6505,g_6505,train
6506,g_6506,train
6507,g_6507,train
6508,g_6508,test
6509,g_6509,test
6510,g_6510,train
6511,g_6511,validation
6512,g_6512,train
6513,g_6513,train
6514,g_6514,train
6515,g_6515,train
6516,g_6516,train
6517,g_6517,train
6518,g_6518,train
6519,g_6519,train
6520,g_6520,validation
6521,g_6521,train
6522,g_6522,train
6523,g_6523,test
6524,g_6524,train
6525,g_6525,train
6526,g_6526,train
6527,g_6527,train
6528,g_6528,train
6529,g_6529,train
6530,g_6530,train
6531,g_6531,train
6532,g_6532,train
6533,g_6533,train
6534,g_6534,train
6535,g_6535,test
6536,g_6536,train
6537,g_6537,train
6538,g_6538,train
6539,g_6539,train
6540,g_6540,train
6541,g_6541,test
6542,g_6542,train
6543,g_6543,test
6544,g_6544,train
6545,g_6545,train
6546,g_6546,train
6547,g_6547,train
6548,g_6548,validation
6549,g_6549,validation
6550,g_6550,test
6551,g_6551,train
6552,g_6552,test
6553,g_6553,train
6554,g_6554,train
6555,g_6555,train
6556,g_6556,train
6557,g_6557,train
6558,g_6558,train
6559,g_6559,train
6560,g_6560,train
6561,g_6561,train
6562,g_6562,train
6563,g_6563,train
6564,g_6564,train
6565,g_6565,train
6566,g_6566,train
6567,g_6567,train
6568,g_6568,train
6569,g_6569,test
6570,g_6570,test
6571,g_6571,test
6572,g_6572,train
6573,g_6573,train
6574,g_6574,train
6575,g_6575,train
6576,g_6576,test
6577,g_6577,validation
6578,g_6578,test
6579,g_6579,train
6580,g_6580,train
6581,g_6581,train
6582,g_6582,train
6583,g_6583,train
6584,g_6584,train
6585,g_6585,validation
6586,g_6586,train
6587,g_6587,test
6588,g_6588,train
6589,g_6589,validation
6590,g_6590,train
6591,g_6591,train
6592,g_6592,train
6593,g_6593,train
6594,g_6594,test
6595,g_6595,validation
6596,g_6596,validation
6597,g_6597,train
6598,g_6598,train
6599,g_6599,train
6600,g_6600,train
6601,g_6601,train
6602,g_6602,train
6603,g_6603,test
6604,g_6604,train
6605,g_6605,validation
6606,g_6606,train
6607,g_6607,train
6608,g_6608,train
6609,g_6609,train
6610,g_6610,train
6611,g_6611,train
6612,g_6612,train
6613,g_6613,train
6614,g_6614,train
6615,g_6615,train
6616,g_6616,train
6617,g_6617,train
6618,g_6618,train
6619,g_6619,train
6620,g_6620,train
6621,g_6621,train
6622,g_6622,train
6623,g_6623,train
6624,g_6624,train
6625,g_6625,train
6626,g_6626,train
6627,g_6627,train
6628,g_6628,train
6629,g_6629,train
6630,g_6630,train
6631,g_6631,train
6632,g_6632,train
6633,g_6633,train
6634,g_6634,train
6635,g_6635,train
6636,g_6636,validation
6637,g_6637,train
6638,g_6638,train
6639,g_6639,train
6640,g_6640,train
6641,g_6641,train
6642,g_6642,train
6643,g_6643,train
6644,g_6644,train
6645,g_6645,train
6646,g_6646,train
6647,g_6647,train
6648,g_6648,train
6649,g_6649,train
6650,g_6650,train
6651,g_6651,train
6652,g_6652,train
6653,g_6653,validation
6654,g_6654,train
6655,g_6655,train
6656,g_6656,train
6657,g_6657,train
6658,g_6658,validation
6659,g_6659,train
6660,g_6660,test
6661,g_6661,train
6662,g_6662,test
6663,g_6663,train
6664,g_6664,train
6665,g_6665,train
6666,g_6666,train
6667,g_6667,train
6668,g_6668,validation
6669,g_6669,train
6670,g_6670,train
6671,g_6671,train
6672,g_6672,train
6673,g_6673,train
6674,g_6674,train
6675,g_6675,train
6676,g_6676,train
6677,g_6677,train
6678,g_6678,train
6679,g_6679,validation
6680,g_6680,train
6681,g_6681,train
6682,g_6682,train
6683,g_6683,train
6684,g_6684,train
6685,g_6685,train
6686,g_6686,train
6687,g_6687,train
6688,g_6688,train
6689,g_6689,validation
6690,g_6690,train
6691,g_6691,validation
6692,g_6692,train
6693,g_6693,train
6694,g_6694,train
6695,g_6695,train
6696,g_6696,train
6697,g_6697,train
6698,g_6698,test
6699,g_6699,train
6700,g_6700,train
6701,g_6701,test
6702,g_6702,train
6703,g_6703,train
6704,g_6704,test
6705,g_6705,validation
6706,g_6706,train
6707,g_6707,train
6708,g_6708,train
6709,g_6709,test
6710,g_6710,train
6711,g_6711,train
6712,g_6712,train
6713,g_6713,train
6714,g_6714,train
6715,g_6715,train
6716,g_6716,test
6717,g_6717,train
6718,g_6718,train
6719,g_6719,train
6720,g_6720,test
6721,g_6721,train
6722,g_6722,train
6723,g_6723,train
6724,g_6724,train
6725,g_6725,train
6726,g_6726,train
6727,g_6727,validation
6728,g_6728,train
6729,g_6729,train
6730,g_6730,train
6731,g_6731,train
6732,g_6732,validation
6733,g_6733,train
6734,g_6734,train
6735,g_6735,train
6736,g_6736,train
6737,g_6737,validation
6738,g_6738,train
6739,g_6739,validation
6740,g_6740,train
6741,g_6741,train
6742,g_6742,train
6743,g_6743,train
6744,g_6744,train
6745,g_6745,train
6746,g_6746,train
6747,g_6747,test
6748,g_6748,train
6749,g_6749,train
6750,g_6750,validation
6751,g_6751,train
6752,g_6752,train
6753,g_6753,train
6754,g_6754,train
6755,g_6755,validation
6756,g_6756,validation
6757,g_6757,train
6758,g_6758,train
6759,g_6759,train
6760,g_6760,train
6761,g_6761,validation
6762,g_6762,train
6763,g_6763,train
6764,g_6764,train
6765,g_6765,train
6766,g_6766,test
6767,g_6767,train
6768,g_6768,train
6769,g_6769,train
6770,g_6770,test
6771,g_6771,train
6772,g_6772,train
6773,g_6773,train
6774,g_6774,train
6775,g_6775,test
6776,g_6776,train
6777,g_6777,train
6778,g_6778,train
6779,g_6779,train
6780,g_6780,test
6781,g_6781,train
6782,g_6782,train
6783,g_6783,train
6784,g_6784,train
6785,g_6785,train
6786,g_6786,train
6787,g_6787,train
6788,g_6788,train
6789,g_6789,train
6790,g_6790,test
6791,g_6791,train
6792,g_6792,test
6793,g_6793,train
6794,g_6794,train
6795,g_6795,train
6796,g_6796,train
6797,g_6797,validation
6798,g_6798,train
6799,g_6799,train
6800,g_6800,train
6801,g_6801,test
6802,g_6802,validation
6803,g_6803,train
6804,g_6804,test
6805,g_6805,train
6806,g_6806,train
6807,g_6807,train
6808,g_6808,train
6809,g_6809,train
6810,g_6810,train
6811,g_6811,validation
6812,g_6812,train
6813,g_6813,test
6814,g_6814,train
6815,g_6815,train
6816,g_6816,validation
6817,g_6817,train
6818,g_6818,train
6819,g_6819,train
6820,g_6820,train
6821,g_6821,test
6822,g_6822,train
6823,g_6823,validation
6824,g_6824,train
6825,g_6825,train
6826,g_6826,train
6827,g_6824,train
6829,g_6829,train
6830,g_6830,train
6831,g_6831,train
6832,g_6832,train
6833,g_6833,train
6834,g_6834,test
6835,g_6835,train
6836,g_6836,validation
6837,g_6835,train
6839,g_6839,train
6840,g_6840,train
6841,g_6841,train
6842,g_6842,train
6843,g_6843,test
6844,g_6844,train
6845,g_6845,train
6846,g_6846,train
6847,g_6847,train
6848,g_6848,train
6849,g_6849,train
6850,g_6850,validation
6851,g_6851,validation
6852,g_6852,train
6853,g_6853,train
6854,g_6854,train
6855,g_6855,train
6856,g_6856,train
6857,g_6857,train
6858,g_6858,test
6859,g_6859,train
6860,g_6860,train
6861,g_6861,train
6862,g_6862,train
6863,g_6863,test
6864,g_6864,train
6865,g_6865,train
6866,g_6866,train
6867,g_6867,validation
6868,g_6868,train
6869,g_6869,train
6870,g_6870,train
6871,g_6871,test
6872,g_6872,train
6873,g_6873,test
6874,g_6874,train
6875,g_6875,train
6876,g_6876,train
6877,g_6877,train
6878,g_6878,validation
6879,g_6879,train
6880,g_6880,train
6881,g_6881,train
6882,g_6882,train
6883,g_6883,train
6884,g_6884,validation
6885,g_6885,train
6886,g_6886,validation
6887,g_6887,train
6888,g_6888,train
6889,g_6889,train
6890,g_6890,test
6891,g_6891,train
6892,g_6892,train
6893,g_6893,train
6894,g_6894,train
6895,g_6895,train
6896,g_6896,train
6897,g_6897,train
6898,g_6898,train
6899,g_6899,train
6900,g_6900,train
6901,g_6901,train
6902,g_6902,train
6903,g_6903,train
6904,g_6904,train
6905,g_6905,train
6906,g_6906,train
6907,g_6907,validation
6908,g_6908,train
6909,g_6909,train
6910,g_6910,train
6911,g_6911,train
6912,g_6912,train
6913,g_6913,train
6914,g_6914,test
6915,g_6915,train
6916,g_6916,test
6917,g_6917,train
6918,g_6918,train
6919,g_6919,train
6920,g_6920,train
6921,g_6921,train
6922,g_6922,test
6923,g_6923,train
6924,g_6924,train
6925,g_6925,test
6926,g_6926,test
6927,g_6927,train
6928,g_6928,train
6929,g_6929,train
6930,g_6930,train
6931,g_6931,validation
6932,g_6932,train
6933,g_6933,train
6934,g_6934,train
6935,g_6935,train
6936,g_6936,test
6937,g_6937,validation
6938,g_6938,train
6939,g_6939,train
6940,g_6940,train
6941,g_6941,validation
6942,g_6942,train
6943,g_6943,test
6944,g_6944,train
6945,g_6945,train
6946,g_6946,test
6947,g_6947,test
6948,g_6948,train
6949,g_6949,train
6951,g_6951,train
6952,g_6952,train
6953,g_6953,test
6954,g_6954,validation
6955,g_6955,test
6956,g_6956,train
6957,g_6957,validation
6958,g_6958,train
6959,g_6959,train
6960,g_6960,train
6961,g_6961,train
6962,g_6962,train
6963,g_6963,test
6964,g_6964,train
6965,g_6965,train
6966,g_6966,validation
6967,g_6967,train
6968,g_6968,test
6969,g_6969,train
6970,g_6970,train
6971,g_6971,train
6972,g_6972,validation
6973,g_6973,train
6974,g_6974,test
6975,g_6975,train
6976,g_6976,test
6977,g_6977,train
6978,g_6978,train
6979,g_6979,train
6980,g_6980,train
6981,g_6981,train
6982,g_6982,train
6983,g_6983,train
6984,g_6984,test
6985,g_6985,train
6986,g_6986,train
6987,g_6987,train
6988,g_6988,train
6989,g_6989,train
6990,g_6990,test
6991,g_6991,train
6992,g_6992,validation
6993,g_6993,train
6994,g_6994,train
6995,g_6995,train
6996,g_6996,train
6997,g_6997,train
6998,g_6998,train
6999,g_6999,train
7000,g_7000,train
7001,g_7001,train
7003,g_7003,train
7004,g_7004,train
7005,g_7005,train
7006,g_6987,train
7007,g_7007,train
7008,g_7008,train
7009,g_7009,train
7010,g_7010,train
7011,g_7011,train
7012,g_7012,test
7014,g_7014,test
7015,g_7015,train
7016,g_7016,validation
7017,g_7017,train
7018,g_7018,train
7019,g_7019,train
7020,g_7020,train
7021,g_7021,train
7022,g_7022,train
7023,g_7023,train
7024,g_7024,train
7025,g_7025,train
7026,g_7026,train
7027,g_7027,train
7028,g_7028,train
7029,g_7029,train
7030,g_7030,train
7031,g_7031,train
7032,g_7032,train
7033,g_7033,test
7034,g_7034,train
7035,g_7035,train
7036,g_7036,train
7037,g_7037,train
7038,g_7038,train
7039,g_7039,test
7040,g_7040,train
7041,g_7041,test
7042,g_7042,train
7043,g_7043,train
7044,g_7044,test
7045,g_7045,validation
7046,g_7046,train
7047,g_7047,test
7048,g_7048,train
7049,g_7049,train
7050,g_7050,validation
7051,g_7051,train
7052,g_7052,train
7053,g_7053,train
7054,g_7054,train
7055,g_7055,train
7056,g_7056,train
7057,g_7057,validation
7058,g_7058,train
7059,g_7059,train
7060,g_7060,train
7061,g_7043,train
7062,g_7062,train
7063,g_7063,validation
7064,g_7064,test
7065,g_7065,train
7066,g_7066,train
7067,g_7067,train
7068,g_7068,train
7070,g_7070,train
7071,g_7071,train
7072,g_7072,validation
7073,g_7073,train
7076,g_7076,test
7077,g_7077,validation
7078,g_7078,train
7079,g_7079,train
7082,g_7082,train
7083,g_7083,train
7085,g_7085,train
7086,g_7086,test
7087,g_7087,train
7088,g_7088,train
7089,g_7089,validation
7090,g_7090,test
7091,g_7091,train
7092,g_7092,train
7093,g_7093,train
7094,g_7094,train
7095,g_7095,train
7096,g_7096,train
7097,g_7097,train
7098,g_7098,validation
7099,g_7099,train
7100,g_7100,train
7101,g_7101,train
7102,g_7102,test
7103,g_7103,train
7104,g_7104,test
7105,g_7105,train
7106,g_7106,train
7107,g_7107,train
7108,g_7108,train
7109,g_7109,train
7110,g_7110,train
7111,g_7111,train
7112,g_7112,train
7113,g_7113,train
7114,g_7114,train
7115,g_7115,train
7116,g_7116,train
7117,g_7117,train
7118,g_7118,validation
7119,g_7119,train
7120,g_7120,train
7121,g_7121,train
7122,g_7122,train
7123,g_7123,validation
7124,g_7124,train
7125,g_7125,validation
7126,g_7126,train
7127,g_7127,validation
7128,g_7128,train
7129,g_7129,train
7130,g_7130,train
7131,g_7131,validation
7132,g_7132,train
7133,g_7133,validation
7134,g_7134,test
7135,g_7135,train
7136,g_7136,train
7137,g_7137,train
7138,g_7138,train
7139,g_7139,train
7140,g_7140,train
7141,g_7141,train
7142,g_7142,train
7143,g_7143,validation
7144,g_7141,train
7145,g_7145,train
7146,g_7146,train
7147,g_7147,train
7148,g_7148,train
7149,g_7149,train
7150,g_7150,test
7151,g_7151,train
7152,g_7152,train
7153,g_7153,validation
7154,g_7154,test
7155,g_7155,train
7156,g_7156,train
7157,g_7157,train
7158,g_7158,validation
7159,g_7159,train
7160,g_7160,train
7161,g_7161,train
7162,g_7162,train
7163,g_7163,train
7164,g_7164,test
7165,g_7165,test
7166,g_7166,train
7167,g_7167,train
7168,g_7168,validation
7169,g_7169,train
7170,g_7170,train
7171,g_7171,train
7172,g_7172,train
7173,g_7173,train
7175,g_7175,test
7176,g_7176,train
7177,g_7177,train
7178,g_7178,test
7181,g_7181,train
7182,g_7182,train
7183,g_7183,train
7186,g_7186,validation
7187,g_7187,train
7188,g_7188,train
7189,g_7189,train
7190,g_7190,train
7191,g_7191,train
7192,g_7192,validation
7193,g_7193,train
7194,g_7194,train
7195,g_7195,validation
7196,g_7196,train
7197,g_7197,train
7198,g_7198,train
7199,g_7199,train
7200,g_7200,validation
7201,g_7201,train
7202,g_7202,train
7203,g_7203,train
7204,g_7204,validation
7205,g_7205,test
7206,g_7206,validation
7207,g_7207,train
7208,g_7208,train
7209,g_7209,train
7210,g_7210,test
7211,g_7211,validation
7212,g_7212,train
7213,g_7213,train
7214,g_7214,train
7215,g_7215,train
7216,g_7216,train
7217,g_7217,test
7218,g_7218,test
7219,g_7219,train
7220,g_7220,train
7221,g_7221,train
7222,g_7222,train
7223,g_7223,train
7224,g_7224,train
7225,g_7225,train
7226,g_7226,train
7227,g_7227,test
7228,g_7228,train
7229,g_7229,train
7230,g_7230,train
7231,g_7231,train
7232,g_7232,train
7233,g_7233,train
7234,g_7234,train
7235,g_7235,train
7236,g_7236,train
7237,g_7237,train
7238,g_7238,train
7239,g_7239,train
7240,g_7240,train
7242,g_7242,train
7243,g_7243,train
7244,g_7244,train
7245,g_7245,train
7246,g_7246,test
7247,g_7247,train
7248,g_7248,train
7249,g_7249,train
7250,g_7250,test
7251,g_7251,train
7252,g_7252,train
7253,g_7253,train
7254,g_7254,test
7255,g_7255,validation
7256,g_7256,train
7257,g_7257,train
7258,g_7258,test
7259,g_7259,train
7260,g_7260,train
7261,g_7261,train
7262,g_7262,test
7263,g_7263,train
7264,g_7264,validation
7265,g_7265,train
7266,g_7266,validation
7267,g_7267,train
7268,g_7268,train
7269,g_7269,train
7270,g_7270,validation
7271,g_7271,train
7272,g_7272,train
7273,g_7273,train
7274,g_7274,validation
7275,g_7275,train
7276,g_7276,train
7277,g_7277,train
7278,g_7278,train
7279,g_7279,train
7280,g_7280,train
7281,g_7281,train
7282,g_7282,test
7283,g_7283,train
7284,g_7284,train
7285,g_7285,train
7286,g_7286,train
7287,g_7287,test
7288,g_7288,train
7289,g_7289,train
7290,g_7290,train
7291,g_7291,train
7292,g_7292,train
7293,g_7293,train
7294,g_7294,train
7295,g_7295,train
7296,g_7296,train
7297,g_7297,train
7298,g_7298,train
7299,g_7299,train
7300,g_7300,validation
7301,g_7301,train
7302,g_7302,train
7303,g_7303,train
7304,g_7304,train
7305,g_7305,train
7306,g_7306,test
7307,g_7307,train
7308,g_7308,train
7309,g_7309,train
7310,g_7310,train
7311,g_7311,train
7312,g_7312,train
7313,g_7313,train
7314,g_7314,test
7315,g_7315,train
7316,g_7316,validation
7317,g_7317,test
7318,g_7318,train
7319,g_7319,train
7320,g_7320,train
7321,g_7321,train
7322,g_7322,train
7323,g_7323,train
7324,g_7324,train
7325,g_7325,train
7326,g_7326,train
7327,g_7327,train
7328,g_7328,train
7329,g_7329,train
7330,g_7330,train
7331,g_7331,train
7332,g_7332,train
7333,g_7333,train
7334,g_7334,test
7335,g_7335,train
7336,g_7336,train
7337,g_7337,test
7341,g_7341,train
7342,g_7342,train
7343,g_7343,train
7344,g_7344,train
7345,g_7345,train
7346,g_7346,train
7347,g_7347,train
7348,g_7348,train
7349,g_7349,train
7350,g_7350,validation
7351,g_7351,train
7352,g_7352,train
7353,g_7353,train
7354,g_7354,train
7355,g_7355,train
7356,g_7356,train
7357,g_7357,train
7358,g_7358,validation
7359,g_7359,train
7360,g_7360,train
7361,g_7361,train
7362,g_7362,train
7363,g_7363,train
7364,g_7364,train
7365,g_7365,train
7366,g_7366,train
7367,g_7367,train
7368,g_7368,train
7369,g_7369,test
7370,g_7370,test
7371,g_7371,test
7372,g_7372,train
7373,g_7373,train
7374,g_7374,train
7375,g_7375,test
7376,g_7376,train
7377,g_7377,train
7379,g_7379,train
7380,g_7380,train
7381,g_7381,train
7382,g_7382,train
7383,g_7383,validation
7384,g_7384,test
7385,g_7385,test
7386,g_7386,train
7387,g_7387,validation
7388,g_7388,train
7389,g_7389,validation
7390,g_7390,train
7391,g_7391,train
7392,g_7392,train
7393,g_7393,train
7394,g_7394,train
7395,g_7395,train
7396,g_7396,train
7397,g_7397,train
7398,g_7398,train
7399,g_7399,train
7400,g_7400,train
7401,g_7401,train
7402,g_7402,train
7403,g_7403,train
7404,g_7404,train
7405,g_7405,train
7406,g_7406,train
7407,g_7407,train
7408,g_7408,train
7409,g_7409,train
7410,g_7189,train
7413,g_7413,validation
7414,g_7414,validation
7415,g_7415,test
7416,g_7416,train
7417,g_7417,train
7418,g_7418,validation
7419,g_7419,train
7420,g_7420,train
7421,g_7421,test
7422,g_7422,train
7423,g_7423,validation
7424,g_7424,train
7425,g_7425,train
7427,g_7427,train
7428,g_7428,train
7429,g_7429,train
7430,g_7430,train
7431,g_7431,train
7432,g_7432,train
7433,g_7433,train
7434,g_7434,train
7435,g_7435,train
7436,g_7436,train
7437,g_7437,train
7438,g_7438,train
7439,g_7439,train
7440,g_7440,train
7441,g_7441,test
7442,g_7442,train
7443,g_7443,train
7444,g_7444,train
7445,g_7445,train
7446,g_7446,train
7447,g_7447,train
7448,g_7448,train
7449,g_7449,train
7450,g_7450,train
7451,g_7451,train
7452,g_7452,train
7453,g_7453,train
7454,g_7454,train
7455,g_7455,train
7456,g_7456,test
7457,g_7457,test
7458,g_7458,test
7459,g_7459,train
7460,g_7460,train
7461,g_7461,train
7462,g_7462,train
7463,g_7463,train
7464,g_7464,train
7465,g_7465,train
7466,g_7466,train
7467,g_7467,train
7468,g_7468,train
7469,g_7469,train
7470,g_7470,train
7471,g_7471,validation
7472,g_7472,train
7473,g_7473,train
7474,g_7474,train
7475,g_7475,train
7476,g_7476,train
7477,g_7477,train
7478,g_7478,train
7479,g_7479,validation
7480,g_7480,train
7481,g_7481,train
7482,g_7482,train
7483,g_7483,train
7484,g_7484,train
7485,g_7485,train
7486,g_7486,train
7487,g_7487,train
7488,g_7488,train
7489,g_7489,train
7490,g_7490,validation
7491,g_7491,train
7492,g_7492,train
7493,g_7493,train
7494,g_7494,test
7495,g_7495,train
7496,g_7496,train
7497,g_7497,train
7498,g_7498,train
7499,g_7499,train
7500,g_7500,train
7501,g_7501,train
7502,g_7502,train
7503,g_7503,train
7504,g_7504,train
7506,g_7506,train
7507,g_7507,train
7508,g_7508,validation
7509,g_7509,train
7510,g_7510,train
7511,g_7511,train
7512,g_7512,train
7513,g_7513,train
7514,g_7514,train
7515,g_7515,train
7516,g_7516,validation
7517,g_7517,test
7518,g_7518,train
7519,g_7519,train
7520,g_7520,train
7521,g_7521,train
7522,g_7522,train
7523,g_7523,test
7524,g_7524,test
7525,g_7525,validation
7526,g_7526,validation
7527,g_7527,train
7528,g_7528,train
7529,g_7529,train
7530,g_7530,train
7533,g_7533,validation
7534,g_7534,train
7535,g_7535,train
7536,g_7536,train
7537,g_7537,train
7538,g_7538,train
7539,g_7539,train
7540,g_7540,train
7541,g_7541,train
7542,g_7542,train
7543,g_7543,train
7544,g_7544,train
7545,g_7545,train
7546,g_7546,train
7547,g_7547,validation
7548,g_7548,train
7549,g_7549,train
7550,g_7550,train
7551,g_7551,test
7552,g_7552,train
7553,g_7553,train
7554,g_7554,train
7555,g_7555,train
7556,g_7556,test
7557,g_7557,train
7558,g_7558,train
7559,g_7559,train
7560,g_7560,train
7561,g_7561,train
7562,g_7562,train
7563,g_7563,train
7564,g_7564,train
7565,g_7565,train
7566,g_7566,train
7567,g_7567,train
7568,g_7568,train
7569,g_7569,train
7570,g_7570,validation
7571,g_7571,train
7572,g_7572,validation
7573,g_7573,train
7574,g_7574,train
7575,g_7575,train
7576,g_7576,train
7577,g_7577,train
7578,g_7578,train
7579,g_7579,train
7580,g_7580,train
7581,g_7581,train
7582,g_7582,test
7583,g_7583,train
7584,g_7584,train
7586,g_7586,train
7587,g_7587,train
7588,g_7588,train
7589,g_7589,train
7590,g_7590,train
7591,g_7591,train
7592,g_7592,train
7593,g_7593,train
7594,g_7594,train
7595,g_7595,train
7596,g_7596,train
7597,g_7597,train
7599,g_7599,train
7600,g_7600,train
7601,g_7601,train
7602,g_7602,train
7603,g_7603,train
7604,g_7604,train
7605,g_7605,train
7606,g_7606,train
7607,g_7606,train
7608,g_7608,train
7609,g_7609,train
7610,g_7610,train
7611,g_7611,train
7612,g_7612,test
7613,g_7613,train
7614,g_7614,validation
7615,g_7615,train
7616,g_7616,train
7617,g_7617,train
7618,g_7618,train
7619,g_7619,train
7620,g_7620,train
7621,g_7621,train
7622,g_7622,train
7623,g_7623,test
7624,g_7624,train
7625,g_7625,train
7626,g_7626,train
7627,g_7627,train
7628,g_7628,test
7629,g_7629,test
7630,g_7630,test
7631,g_7631,train
7632,g_7632,train
7633,g_7633,train
7634,g_7634,train
7635,g_7635,train
7636,g_7636,train
7637,g_7637,train
7639,g_7639,train
7640,g_7640,train
7641,g_7641,train
7642,g_7642,validation
7643,g_7643,validation
7645,g_7645,train
7646,g_7646,train
7647,g_7647,train
7648,g_7648,validation
7649,g_7649,train
7650,g_7650,test
7651,g_7651,train
7653,g_7653,train
7654,g_7654,validation
7655,g_7655,train
7656,g_7656,validation
7657,g_7657,train
7658,g_7658,train
7659,g_7659,train
7660,g_7660,train
7661,g_7661,train
7662,g_7662,test
7663,g_7663,train
7664,g_7664,train
7665,g_7665,train
7666,g_7666,train
7667,g_7667,train
7668,g_7668,train
7669,g_7669,train
7670,g_7670,train
7671,g_7671,train
7672,g_7672,train
7673,g_7673,train
7674,g_7674,train
7676,g_7676,train
7677,g_7677,train
7678,g_7678,train
7679,g_7679,train
7680,g_7680,train
7681,g_7681,train
7682,g_7682,train
7683,g_7683,validation
7684,g_7684,train
7685,g_7685,train
7686,g_7189,train
7694,g_7694,train
7700,g_7700,train
7709,g_7709,train
7710,g_7710,validation
7711,g_7711,train
7712,g_7712,train
7713,g_7713,train
7714,g_7714,train
7715,g_7715,train
7717,g_7717,validation
7718,g_7718,test
7719,g_7719,test
7720,g_7720,train
7721,g_7721,validation
7722,g_7722,train
7723,g_7723,train
7726,g_7726,train
7730,g_7730,test
7731,g_7731,train
7733,g_7733,train
7734,g_7734,train
7735,g_7735,train
7736,g_7736,train
7737,g_7737,train
7738,g_7738,train
7739,g_7739,train
7740,g_7740,train
7741,g_7741,test
7749,g_7749,train
7750,g_7750,train
7752,g_7752,train
7761,g_7761,train
7762,g_7762,train
7763,g_7763,train
7764,g_7764,train
7765,g_7765,train
7766,g_7766,train
7767,g_7767,train
7768,g_7768,train
7769,g_7769,train
7770,g_7770,test
7771,g_7771,train
7772,g_7772,train
7774,g_7774,train
7775,g_7775,train
7776,g_7776,train
7777,g_7777,train
7779,g_7779,train
7782,g_7782,train
7783,g_7783,train
7784,g_7784,train
7785,g_7785,train
7786,g_7786,test
7787,g_7787,train
7788,g_7788,train
7789,g_7789,train
7790,g_7790,train
7791,g_7791,test
7792,g_7792,validation
7793,g_7793,train
7795,g_7795,validation
7796,g_7796,train
7797,g_7797,validation
7798,g_7798,train
7799,g_7799,train
7804,g_7782,train
7805,g_7805,test
7806,g_7806,train
7807,g_7807,train
7808,g_7808,train
7809,g_7809,train
7810,g_7810,validation
7811,g_7811,train
7812,g_7812,train
7813,g_7813,train
7814,g_7814,train
7815,g_7815,train
7816,g_7816,test
7817,g_7817,train
7818,g_7818,train
7819,g_7819,train
7820,g_7820,train
7821,g_7821,train
7822,g_7822,train
7823,g_7823,test
7824,g_7824,train
7825,g_7825,train
7826,g_7826,train
7827,g_7827,train
7828,g_7828,train
7829,g_7829,train
7830,g_7830,train
7831,g_7831,train
7832,g_7832,validation
7833,g_7833,train
7834,g_7834,train
7835,g_7835,train
7836,g_7836,train
7837,g_7837,test
7838,g_7838,validation
7839,g_7839,train
7840,g_7840,train
7841,g_7841,train
7842,g_7842,train
7843,g_7843,train
7844,g_7844,train
7845,g_7845,train
7846,g_7846,train
7847,g_7847,train
7848,g_7848,train
7849,g_7849,train
7850,g_7850,train
7851,g_7851,train
7852,g_7852,train
7853,g_7853,test
7854,g_7854,train
7855,g_7855,train
7856,g_7856,train
7857,g_7857,train
7858,g_7858,train
7859,g_7859,train
7860,g_7860,test
7861,g_7861,train
7862,g_7862,train
7863,g_7863,train
7864,g_7864,validation
7865,g_7865,train
7866,g_7866,validation
7867,g_7867,train
7868,g_7868,train
7869,g_7869,train
7870,g_7870,train
7871,g_7871,train
7872,g_7872,train
7873,g_7873,test
7874,g_7874,validation
7875,g_7875,train
7876,g_7876,train
7877,g_7877,train
7878,g_7878,train
7879,g_7879,train
7880,g_7880,train
7881,g_7881,train
7882,g_7882,train
7883,g_7883,train
7884,g_7884,train
7885,g_7885,train
7886,g_7886,train
7887,g_7887,train
7888,g_7888,test
7889,g_7889,train
7890,g_7890,test
7891,g_7891,test
7892,g_7892,train
7893,g_7893,train
7894,g_7894,train
7895,g_7895,test
7896,g_7896,train
7897,g_7897,validation
7898,g_7898,train
7899,g_7899,train
7900,g_7900,test
7901,g_7901,train
7902,g_7902,train
7903,g_7903,validation
7904,g_7904,train
7905,g_7905,test
7906,g_7906,train
7907,g_7907,train
7908,g_7908,train
7909,g_7909,train
7910,g_7910,train
7911,g_7911,train
7912,g_7912,validation
7913,g_7913,train
7914,g_7914,train
7915,g_7915,train
7916,g_7916,validation
7917,g_7917,train
7918,g_7918,test
7919,g_7919,train
7920,g_7920,train
7921,g_7921,test
7922,g_7922,train
7923,g_7923,train
7924,g_7924,train
7925,g_7925,validation
7926,g_7926,test
7927,g_7927,train
7928,g_7928,test
7929,g_7929,train
7930,g_7930,test
7931,g_7931,train
7932,g_7932,train
7933,g_7933,train
7934,g_7934,train
7935,g_7935,validation
7936,g_7936,test
7937,g_7937,train
7938,g_7938,train
7939,g_7939,train
7940,g_7940,train
7941,g_7941,train
7942,g_7942,train
7943,g_7943,train
7944,g_7944,train
7945,g_7945,train
7946,g_7946,train
7947,g_7947,train
7948,g_7948,validation
7949,g_7949,train
7950,g_7950,train
7951,g_7951,train
7952,g_7952,train
7953,g_7953,train
7954,g_7954,train
7955,g_7955,train
7956,g_7956,train
7957,g_7957,validation
7958,g_7958,train
7959,g_7959,train
7960,g_7960,train
7961,g_7961,train
7962,g_7962,train
7963,g_7963,train
7964,g_7964,train
7965,g_7965,train
7966,g_7966,validation
7967,g_7967,train
7968,g_7968,train
7969,g_7969,test
7970,g_7970,train
7971,g_7971,train
7972,g_7972,train
7973,g_7973,train
7974,g_7974,train
7975,g_7975,train
7976,g_7976,train
7977,g_7977,train
7978,g_7978,test
7979,g_7979,train
7980,g_7980,train
7981,g_7981,train
7982,g_7982,train
7983,g_7983,train
7984,g_7984,train
7986,g_7986,train
7996,g_7996,train
8033,g_8033,train
8036,g_7983,train
8038,g_7954,train
8040,g_8040,train
8041,g_8041,train
8044,g_8044,train
8046,g_8046,train
8047,g_8047,validation
8048,g_7964,train
8051,g_8051,train
8063,g_7983,train
8064,g_7984,train
8065,g_7954,train
8068,g_8068,train
8069,g_8069,train
8070,g_8070,test
8071,g_7996,train
8086,g_8086,train
8089,g_8089,train
8093,g_8093,train
8100,g_8100,train
8101,g_8101,train
8102,g_8102,train
8103,g_8103,train
8104,g_8104,test
8105,g_8105,train
8106,g_8106,train
8107,g_8107,train
8108,g_8108,train
8109,g_8109,train
8110,g_8110,train
8111,g_8111,train
8112,g_8112,test
8113,g_8113,train
8114,g_8114,train
8115,g_8115,train
8116,g_8116,train
8117,g_8117,validation
8118,g_8118,train
8119,g_8119,train
8120,g_8120,train
8121,g_8121,validation
8122,g_8122,train
8123,g_8123,train
8124,g_8124,train
8125,g_8125,train
8126,g_8126,train
8127,g_8127,test
8128,g_8128,train
8129,g_8129,train
8130,g_8130,train
8131,g_8131,test
8132,g_8132,train
8133,g_8133,train
8134,g_8134,train
8135,g_8135,test
8136,g_8136,test
8138,g_8138,train
8139,g_8139,train
8140,g_8140,train
8141,g_8141,train
8142,g_8142,train
8143,g_8143,train
8144,g_8144,test
8145,g_8145,train
8146,g_8146,train
8147,g_8147,train
8148,g_8148,train
8149,g_8149,train
8150,g_8150,train
8151,g_8151,train
8152,g_8152,train
8153,g_8153,train
8154,g_8154,train
8155,g_8155,validation
8156,g_8156,train
8157,g_8157,train
8158,g_8158,train
8159,g_8159,train
8160,g_8160,train
8161,g_8161,train
8162,g_8162,validation
8163,g_8163,train
8164,g_8164,train
8165,g_8165,test
8166,g_8166,train
8167,g_8167,validation
8168,g_8168,train
8169,g_8169,train
8170,g_8170,train
8171,g_8171,validation
8172,g_8172,train
8173,g_8173,train
8174,g_8174,test
8175,g_8175,train
8176,g_8176,validation
8177,g_8177,test
8178,g_8178,train
8179,g_8179,test
8180,g_8180,train
8181,g_8181,validation
8182,g_8182,train
8183,g_8183,train
8184,g_8184,train
8185,g_8185,train
8186,g_8186,train
8187,g_8187,train
8188,g_8188,train
8189,g_8189,validation
8190,g_8190,validation
8191,g_8191,test
8200,g_7983,train
8202,g_8202,train
8203,g_8203,train
8205,g_8205,train
8206,g_8206,train
8207,g_8207,test
8210,g_8210,train
8214,g_8214,train
8215,g_8215,test
8216,g_8215,test
8221,g_7979,train
8225,g_7983,train
8226,g_7984,train
8227,g_7954,train
8242,g_8242,train
8243,g_8243,train
8248,g_8248,train
8249,g_8249,train
8250,g_8215,test
8262,g_8262,train
8267,g_7958,train
8268,g_8268,train
8272,g_7966,validation
8275,g_8275,train
8299,g_8299,validation
8300,g_8300,test
8301,g_8301,train
8302,g_8302,test
8303,g_8303,validation
8304,g_8304,test
8305,g_8305,train
8306,g_8306,train
8307,g_8307,test
8308,g_8308,validation
8309,g_8309,train
8310,g_8310,train
8311,g_8311,train
8312,g_8312,train
8313,g_8313,train
8314,g_8314,test
8315,g_8315,train
8316,g_8316,test
8319,g_8319,train
8322,g_8322,test
8323,g_8323,train
8324,g_8324,validation
8325,g_8325,train
8326,g_8326,train
8327,g_8327,train
8328,g_8328,train
8329,g_8329,validation
8330,g_8330,train
8331,g_8331,train
8332,g_8332,train
8333,g_8333,train
8334,g_8334,test
8335,g_8335,train
8336,g_8336,train
8337,g_8337,train
8338,g_8338,train
8339,g_8339,train
8340,g_8340,train
8341,g_8341,train
8342,g_8342,train
8343,g_8343,train
8344,g_8344,train
8345,g_8345,train
8346,g_8346,train
8347,g_8347,train
8348,g_8348,train
8349,g_8349,train
8350,g_8350,train
8351,g_8351,validation
8353,g_8353,validation
8354,g_8354,test
8355,g_8355,validation
8356,g_8356,train
8357,g_8357,train
8358,g_8358,train
8359,g_8359,train
8360,g_8360,validation
8361,g_8361,train
8362,g_8362,train
8363,g_8363,train
8364,g_8299,validation
8365,g_8365,train
8366,g_8366,test
8367,g_8367,validation
8368,g_8368,train
8369,g_8369,train
8370,g_8370,train
8371,g_8371,train
8372,g_8372,train
8373,g_8373,test
8374,g_8374,train
8375,g_8375,train
8376,g_8376,train
8377,g_8377,test
8378,g_8378,test
8379,g_8379,validation
8380,g_8380,train
8381,g_8381,test
8382,g_8382,train
8383,g_8383,train
8384,g_8384,train
8385,g_8385,train
8386,g_8386,train
8387,g_8387,train
8388,g_8388,train
8389,g_8389,train
8390,g_8390,validation
8391,g_8391,train
8392,g_8392,validation
8393,g_8393,train
8394,g_8394,test
8395,g_8395,train
8396,g_8396,train
8397,g_8397,train
8398,g_8398,train
8399,g_8399,train
8400,g_8400,train
8401,g_8401,train
8402,g_8402,train
8403,g_8403,train
8404,g_8404,test
8405,g_8405,train
8406,g_8406,train
8407,g_8407,train
8408,g_8408,train
8409,g_8409,validation
8410,g_8410,train
8411,g_8411,train
8412,g_8412,train
8413,g_8413,train
8414,g_8414,train
8415,g_8415,train
8416,g_8416,train
8417,g_8417,train
8418,g_8418,train
8419,g_8419,train
8420,g_8420,train
8421,g_8421,train
8422,g_8422,validation
8423,g_8423,train
8424,g_8424,validation
8425,g_8425,test
8426,g_8426,train
8427,g_8427,train
8428,g_8428,train
8429,g_8429,train
8430,g_8430,train
8431,g_8431,train
8432,g_8432,train
8433,g_8433,train
8434,g_8434,test
8435,g_8435,train
8436,g_8436,test
8437,g_8437,train
8438,g_8438,train
8439,g_8439,test
8440,g_8440,train
8441,g_8441,train
8442,g_8442,train
8443,g_8443,train
8444,g_8444,train
8445,g_8445,train
8446,g_8446,train
8447,g_8447,train
8448,g_8448,train
8449,g_8449,train
8450,g_8450,validation
8451,g_8451,validation
8452,g_8452,train
8453,g_8453,train
8454,g_8454,train
8455,g_8455,validation
8456,g_8456,train
8457,g_8457,validation
8458,g_8458,train
8459,g_8459,train
8460,g_8460,train
8461,g_8461,train
8462,g_8462,test
8463,g_8463,train
8464,g_8464,train
8465,g_8465,test
8466,g_8466,train
8467,g_8467,train
8468,g_8468,train
8469,g_8469,train
8470,g_8470,train
8471,g_8471,train
8472,g_8472,train
8473,g_8473,train
8474,g_8474,validation
8475,g_8474,validation
8476,g_8476,train
8477,g_8477,train
8478,g_8478,train
8479,g_8479,train
8480,g_8480,train
8481,g_8481,train
8482,g_8482,train
8483,g_8483,validation
8484,g_8484,train
8485,g_8485,train
8486,g_8486,train
8487,g_8487,train
8488,g_8488,train
8489,g_8489,train
8490,g_8490,train
8491,g_8491,train
8492,g_8492,train
8493,g_8493,train
8494,g_8494,train
8495,g_8495,train
8496,g_8496,train
8497,g_8497,train
8498,g_8498,train
8499,g_8499,train
8500,g_8500,train
8501,g_8501,train
8502,g_8502,train
8503,g_8503,train
8504,g_8504,validation
8505,g_8505,train
8506,g_8506,train
8507,g_8507,train
8508,g_8508,train
8509,g_8509,train
8510,g_8510,train
8511,g_8511,train
8512,g_8512,train
8513,g_8513,train
8514,g_8514,train
8515,g_8515,train
8516,g_8516,train
8517,g_8517,train
8518,g_8518,train
8519,g_8519,train
8520,g_8520,train
8521,g_8521,train
8522,g_8522,train
8523,g_8523,train
8524,g_8524,train
8525,g_8525,train
8526,g_8526,test
8527,g_8527,train
8528,g_8528,train
8529,g_8529,train
8530,g_8530,train
8531,g_8530,train
8532,g_8532,train
8533,g_8533,test
8534,g_8534,validation
8535,g_8535,train
8536,g_8536,train
8537,g_8537,train
8538,g_8538,train
8539,g_8539,train
8540,g_8540,train
8541,g_8541,train
8542,g_8542,train
8543,g_8543,train
8544,g_8544,train
8545,g_8545,train
8546,g_7981,train
8547,g_7982,train
8548,g_7983,train
8549,g_8549,train
8550,g_8550,train
8551,g_8551,train
8552,g_8552,train
8553,g_8553,train
8558,g_8558,train
8567,g_8567,train
8568,g_8568,train
8569,g_8069,train
8571,g_8571,test
8572,g_8572,train
8573,g_8573,train
8576,g_8576,train
8584,g_8558,train
8590,g_8550,train
8592,g_8552,train
8593,g_8593,train
8594,g_8594,train
8597,g_8069,train
8599,g_8571,test
8600,g_8572,train
8603,g_8603,train
8605,g_8605,train
8614,g_8614,train
8623,g_8623,train
8626,g_8626,test
8635,g_8635,train
8641,g_8641,train
8642,g_8642,train
8643,g_8643,train
8644,g_8644,test
8645,g_8645,validation
8646,g_8646,train
8647,g_8647,train
8648,g_8648,train
8649,g_8649,train
8651,g_8651,train
8652,g_8652,train
8653,g_8653,train
8654,g_8654,train
8655,g_8655,train
8656,g_8656,train
8657,g_8657,train
8658,g_8658,validation
8659,g_8659,train
8660,g_8660,validation
8661,g_8661,train
8662,g_8662,train
8663,g_8663,train
8664,g_8664,train
8665,g_8665,train
8666,g_8666,train
8667,g_8667,test
8668,g_8668,train
8669,g_8669,train
8670,g_8670,train
8671,g_8671,validation
8672,g_8672,train
8673,g_8673,train
8674,g_8674,train
8675,g_8675,train
8676,g_8676,test
8677,g_8677,train
8678,g_8678,train
8679,g_8679,train
8680,g_8680,train
8681,g_8681,train
8682,g_8682,train
8683,g_8683,train
8684,g_8684,train
8685,g_8685,train
8686,g_8686,train
8687,g_8687,train
8688,g_8688,test
8689,g_8689,train
8690,g_8690,train
8691,g_8691,train
8692,g_8692,train
8693,g_8693,train
8694,g_8694,train
8695,g_8695,train
8696,g_8696,test
8697,g_8697,test
8698,g_8698,validation
8699,g_8699,test
8700,g_8700,train
8701,g_8701,train
8702,g_8702,train
8703,g_8703,train
8704,g_8704,train
8705,g_8705,train
8706,g_8706,train
8707,g_8707,train
8708,g_8708,validation
8709,g_8709,train
8710,g_8710,train
8711,g_8711,train
8712,g_8712,train
8713,g_8713,train
8714,g_8714,train
8715,g_8715,train
8716,g_8716,train
8717,g_8717,train
8718,g_8718,test
8719,g_8719,validation
8720,g_8720,train
8721,g_8721,train
8722,g_8722,train
8723,g_8723,train
8724,g_8724,test
8725,g_8725,train
8726,g_8726,test
8727,g_8727,train
8728,g_8728,train
8729,g_8729,train
8730,g_8730,train
8731,g_8731,train
8732,g_8732,train
8733,g_8733,train
8734,g_8734,train
8735,g_8735,validation
8736,g_8736,train
8737,g_8737,train
8738,g_8738,validation
8739,g_8739,train
8740,g_8740,validation
8741,g_8741,train
8742,g_8742,train
8743,g_8743,train
8744,g_8744,train
8745,g_8745,test
8746,g_8746,train
8747,g_8747,train
8748,g_8748,train
8749,g_8749,train
8750,g_8750,train
8751,g_8751,train
8752,g_8752,train
8753,g_8753,train
8754,g_8754,train
8755,g_8755,train
8756,g_8756,train
8757,g_8757,train
8758,g_8758,train
8759,g_8759,train
8760,g_8760,train
8761,g_8761,train
8762,g_8762,train
8763,g_8763,train
8764,g_8764,train
8765,g_8765,train
8766,g_8766,train
8767,g_8767,train
8768,g_8768,train
8769,g_8769,train
8770,g_8770,test
8771,g_8771,train
8772,g_8772,test
8773,g_8773,train
8774,g_8774,validation
8775,g_8775,test
8776,g_8776,validation
8777,g_8777,train
8778,g_8778,train
8779,g_8779,train
8780,g_8780,train
8781,g_8781,validation
8782,g_8782,train
8783,g_8783,train
8784,g_8784,train
8785,g_8785,train
8786,g_8786,train
8787,g_8787,train
8788,g_8788,validation
8789,g_8789,train
8790,g_8790,train
8791,g_8791,train
8792,g_8792,train
8793,g_8793,train
8794,g_8794,train
8795,g_8795,train
8796,g_8796,validation
8797,g_8797,train
8798,g_8798,test
8799,g_8799,train
8800,g_8800,train
8801,g_8801,test
8802,g_8802,train
8803,g_8803,train
8804,g_8804,train
8805,g_8805,train
8806,g_8806,test
8810,g_8810,train
8820,g_8558,train
8822,g_8822,train
8839,g_8593,train
8840,g_8840,train
8841,g_8841,train
8842,g_8842,train
8843,g_7959,train
8848,g_8848,train
8849,g_8810,train
8860,g_8860,train
8861,g_7959,train
8867,g_8867,train
8868,g_8868,train
8869,g_8869,train
8870,g_8870,train
8871,g_8871,test
8872,g_8872,train
8873,g_8873,train
8874,g_8874,train
8875,g_8875,train
8876,g_8876,test
8877,g_8877,train
8878,g_8878,test
8879,g_8879,train
8880,g_8880,train
8881,g_8881,test
8882,g_8882,train
8883,g_8883,train
8884,g_8884,train
8885,g_8885,train
8886,g_8886,train
8887,g_8887,train
8888,g_8888,train
8889,g_8889,train
8890,g_8890,train
8891,g_8891,validation
8892,g_8892,train
8893,g_8893,test
8894,g_8894,train
8895,g_8895,train
8896,g_8896,train
8897,g_8897,train
8898,g_8898,train
8899,g_8899,train
8900,g_8900,train
8901,g_8901,validation
8902,g_8902,train
8903,g_8903,validation
8904,g_8904,validation
8905,g_8905,validation
8906,g_8906,validation
8909,g_8909,train
8910,g_8910,validation
8911,g_8911,train
8912,g_8912,train
8913,g_8913,train
8914,g_8914,train
8915,g_8915,validation
8916,g_8916,train
8917,g_8917,validation
8918,g_8918,train
8921,g_8921,train
8923,g_8923,validation
8924,g_8924,train
8925,g_8925,train
8926,g_8926,train
8927,g_8927,test
8928,g_8928,validation
8929,g_8929,train
8931,g_8931,train
8932,g_8932,train
8933,g_8933,test
8934,g_8934,train
8935,g_8935,train
8937,g_8937,train
8938,g_8938,train
8939,g_8939,train
8940,g_8940,train
8941,g_8941,train
8942,g_8942,train
8943,g_8943,train
8944,g_8944,train
8945,g_8945,train
8946,g_8946,test
8947,g_8947,train
8948,g_8948,test
8949,g_8949,train
8950,g_8950,train
8951,g_8951,train
8952,g_8952,train
8954,g_8954,train
8955,g_8955,train
8956,g_8956,train
8957,g_8957,train
8958,g_8958,train
8959,g_8959,train
8960,g_8960,train
8961,g_8961,train
8962,g_8962,train
8963,g_8963,train
8964,g_8964,train
8965,g_8965,train
8966,g_8966,test
8967,g_8967,test
8968,g_8968,validation
8969,g_8969,train
8970,g_8970,train
8971,g_8971,test
8972,g_8972,validation
8973,g_8973,train
8974,g_8974,train
8975,g_8975,train
8976,g_8976,train
8977,g_8977,train
8978,g_8978,train
8979,g_8979,train
8980,g_8980,train
8981,g_8981,train
8982,g_8982,train
8983,g_8983,validation
8984,g_8984,train
8985,g_8985,train
8986,g_8986,train
8987,g_8987,train
8988,g_8988,train
8989,g_8989,train
8990,g_8990,train
8991,g_8991,train
8992,g_8992,train
8993,g_8993,train
8994,g_8994,train
8995,g_8995,train
8996,g_8996,test
8997,g_8997,train
8998,g_8998,train
8999,g_8999,test
9000,g_9000,train
9001,g_9001,train
9002,g_9002,train
9003,g_9003,train
9004,g_9004,train
9005,g_9005,train
9006,g_9006,train
9007,g_9007,train
9008,g_9008,train
9009,g_9009,test
9010,g_9010,train
9011,g_9011,train
9012,g_9012,validation
9013,g_9013,train
9014,g_9014,train
9015,g_9015,validation
9016,g_9016,train
9017,g_9017,train
9018,g_9018,train
9019,g_9019,validation
9020,g_9020,validation
9021,g_9021,train
9022,g_9022,train
9023,g_9023,train
9027,g_9027,train
9031,g_9031,test
9032,g_8860,train
9042,g_9042,train
9045,g_8860,train
9046,g_7959,train
9048,g_9048,train
9049,g_9049,train
9050,g_9050,train
9052,g_9052,train
9060,g_9031,test
9062,g_8206,train
9063,g_9063,validation
9066,g_9066,train
9067,g_9067,train
9068,g_9068,train
9070,g_9070,train
9071,g_9071,train
9072,g_9072,train
9073,g_9073,train
9074,g_9074,validation
9075,g_9075,validation
9076,g_9076,validation
9077,g_9077,train
9078,g_9078,train
9079,g_9079,validation
9080,g_9080,train
9081,g_9081,train
9082,g_9082,validation
9083,g_9083,train
9084,g_9084,train
9085,g_9085,train
9086,g_9086,train
9087,g_9087,train
9088,g_9088,train
9089,g_9089,train
9090,g_9090,train
9091,g_9091,train
9092,g_9092,train
9093,g_9093,train
9094,g_9094,validation
9095,g_9095,train
9096,g_9096,train
9097,g_9097,validation
9098,g_9098,train
9099,g_9099,train
9100,g_9100,train
9101,g_9101,train
9102,g_9102,train
9103,g_9103,train
9104,g_9104,train
9105,g_9105,train
9106,g_9106,train
9107,g_9107,train
9108,g_9108,train
9109,g_9109,train
9110,g_9110,validation
9111,g_9111,validation
9112,g_9112,train
9113,g_9113,train
9114,g_9114,train
9115,g_9115,train
9116,g_9116,train
9117,g_9117,validation
9118,g_9118,train
9119,g_9119,train
9120,g_9120,train
9121,g_9121,train
9122,g_9122,train
9123,g_9123,train
9124,g_9124,train
9125,g_9125,test
9126,g_9126,validation
9127,g_9127,train
9128,g_9128,train
9129,g_9129,train
9132,g_9132,validation
9137,g_9137,train
9138,g_9138,validation
9141,g_9141,train
9147,g_9147,train
9148,g_9148,train
9149,g_9149,train
9150,g_9150,train
9152,g_9152,train
9153,g_9153,train
9154,g_9154,train
9155,g_9155,train
9156,g_9156,train
9157,g_9157,train
9158,g_9158,train
9159,g_9159,train
9160,g_9160,train
9161,g_9161,train
9162,g_9162,train
9163,g_9163,test
9164,g_9164,test
9165,g_9165,train
9166,g_9166,train
9167,g_9167,train
9168,g_9168,train
9169,g_9169,train
9170,g_9170,validation
9171,g_9171,train
9172,g_9172,train
9173,g_9173,train
9174,g_9174,train
9175,g_9175,train
9176,g_9176,train
9177,g_9177,test
9178,g_9178,train
9179,g_9179,validation
9180,g_9180,train
9181,g_9181,validation
9182,g_9182,train
9183,g_9183,train
9184,g_9184,train
9185,g_9185,train
9186,g_9186,train
9187,g_9187,validation
9188,g_9188,train
9189,g_9189,train
9190,g_9190,validation
9191,g_9191,train
9192,g_9190,validation
9193,g_9193,train
9194,g_9194,train
9195,g_9190,validation
9196,g_9190,validation
9197,g_9197,test
9198,g_9198,train
9199,g_9199,train
9200,g_9200,train
9201,g_9201,train
9202,g_9202,train
9203,g_9203,train
9204,g_9204,test
9205,g_9205,train
9206,g_9206,train
9207,g_9207,validation
9208,g_9208,train
9209,g_9209,train
9210,g_9210,train
9211,g_9211,train
9212,g_9212,test
9213,g_9213,train
9214,g_9214,train
9215,g_9215,test
9216,g_9216,train
9217,g_9217,test
9218,g_9218,train
9220,g_9220,train
9221,g_9221,train
9222,g_9222,train
9223,g_9223,validation
9224,g_9224,train
9225,g_9225,train
9226,g_9226,test
9228,g_9228,validation
9229,g_9229,test
9230,g_9230,train
9231,g_9231,train
9232,g_9232,train
9235,g_9235,validation
9236,g_9236,train
9238,g_9238,validation
9240,g_9240,train
9241,g_9241,validation
9242,g_9242,train
9243,g_9243,test
9244,g_9244,train
9245,g_9245,train
9246,g_9246,train
9247,g_9247,train
9248,g_9248,train
9249,g_9249,train
9250,g_9250,test
9251,g_9251,train
9252,g_9252,test
9253,g_9253,train
9254,g_9254,test
9255,g_9255,train
9256,g_9256,train
9257,g_9257,train
9258,g_9258,validation
9259,g_9259,train
9260,g_9260,train
9261,g_9261,train
9262,g_9262,validation
9263,g_9263,train
9264,g_9264,test
9265,g_9265,test
9266,g_9266,train
9267,g_9267,train
9268,g_9268,train
9269,g_9269,train
9270,g_9270,train
9271,g_9271,train
9272,g_9272,train
9273,g_9273,train
9274,g_9274,train
9275,g_9275,train
9276,g_9276,test
9277,g_9277,train
9278,g_9278,train
9279,g_9279,train
9280,g_9280,test
9281,g_9281,train
9282,g_9282,train
9283,g_9283,train
9284,g_9284,train
9285,g_9285,test
9286,g_9286,train
9287,g_9287,train
9288,g_9288,train
9289,g_9289,train
9290,g_9290,train
9291,g_9291,train
9292,g_9292,test
9293,g_9293,train
9294,g_9294,train
9295,g_9295,train
9296,g_9296,train
9297,g_9297,train
9298,g_9298,train
9299,g_9299,train
9300,g_9300,train
9301,g_9301,train
9302,g_9302,train
9303,g_9303,train
9304,g_9304,train
9305,g_9305,train
9306,g_9306,train
9307,g_9307,train
9308,g_9308,train
9309,g_9309,train
9310,g_9310,train
9311,g_9311,train
9312,g_9312,train
9313,g_9313,train
9314,g_9314,validation
9315,g_9315,train
9316,g_9316,test
9317,g_9317,train
9318,g_9318,train
9319,g_9319,train
9320,g_9320,train
9321,g_9321,test
9322,g_9322,train
9323,g_9323,train
9324,g_9324,train
9325,g_9325,train
9326,g_9326,train
9327,g_9327,train
9328,g_9328,train
9329,g_9329,train
9330,g_9330,train
9331,g_9331,train
9332,g_9332,train
9333,g_9333,train
9334,g_9334,validation
9336,g_9336,validation
9337,g_9337,train
9338,g_9338,train
9339,g_9339,train
9340,g_9340,train
9341,g_9341,train
9342,g_9342,train
9343,g_9343,train
9344,g_9344,test
9345,g_9345,train
9346,g_9346,train
9347,g_9347,train
9348,g_9348,train
9349,g_9349,train
9350,g_9350,validation
9351,g_9351,train
9352,g_9352,train
9353,g_9337,train
9354,g_9354,train
9355,g_9355,train
9356,g_9356,test
9357,g_9357,train
9359,g_9359,train
9361,g_9361,train
9362,g_9362,validation
9363,g_9363,train
9364,g_9364,train
9365,g_9365,train
9366,g_9366,train
9367,g_9367,train
9368,g_9368,train
9369,g_9369,train
9370,g_9370,train
9371,g_9371,train
9372,g_9372,train
9373,g_9373,validation
9374,g_9374,train
9375,g_9375,train
9376,g_9376,train
9377,g_9377,train
9378,g_9378,train
9379,g_9379,test
9380,g_9380,train
9381,g_9381,train
9382,g_9382,train
9383,g_9383,train
9384,g_9384,train
9385,g_9385,train
9386,g_9386,test
9387,g_9387,validation
9388,g_9388,validation
9389,g_9389,validation
9390,g_9390,train
9391,g_9391,train
9392,g_9392,train
9393,g_9393,validation
9394,g_9394,train
9395,g_9395,validation
9396,g_9396,train
9397,g_9397,train
9398,g_9398,train
9400,g_9400,train
9401,g_9401,train
9402,g_9402,train
9403,g_9403,train
9404,g_9404,train
9405,g_9405,train
9407,g_9407,train
9408,g_9408,train
9409,g_9409,train
9410,g_9410,train
9411,g_9411,train
9412,g_9412,test
9413,g_9413,train
9414,g_9414,train
9415,g_9415,train
9416,g_9416,train
9417,g_9417,train
9418,g_9418,test
9419,g_9419,train
9420,g_9420,train
9421,g_9421,train
9422,g_9422,train
9423,g_9423,train
9424,g_9424,train
9425,g_9425,train
9426,g_9426,train
9427,g_9427,train
9428,g_9428,train
9429,g_9429,test
9430,g_9430,train
9431,g_9431,train
9432,g_9432,train
9433,g_9433,train
9434,g_9434,train
9435,g_9435,train
9436,g_9436,train
9437,g_9437,train
9438,g_9438,train
9439,g_9439,validation
9440,g_9440,train
9441,g_9441,validation
9442,g_9442,validation
9443,g_9443,train
9444,g_9444,train
9445,g_9445,train
9446,g_9446,train
9447,g_9447,train
9448,g_9448,train
9449,g_9449,train
9450,g_9450,test
9451,g_9451,train
9452,g_9452,train
9453,g_9453,train
9454,g_8484,train
9455,g_9455,train
9456,g_9456,train
9457,g_9457,train
9458,g_9458,validation
9459,g_9459,train
9462,g_9462,train
9463,g_9463,train
9464,g_9464,train
9465,g_9465,train
9466,g_9466,validation
9467,g_9462,train
9468,g_9468,train
9469,g_9469,train
9470,g_9470,train
9471,g_9471,train
9472,g_9472,train
9473,g_9473,train
9474,g_9474,train
9475,g_9475,train
9476,g_9476,train
9477,g_9477,test
9478,g_9478,train
9479,g_9479,train
9480,g_9480,train
9481,g_9481,train
9482,g_9482,train
9483,g_9483,train
9484,g_9484,train
9485,g_9485,test
9486,g_9486,train
9487,g_9487,train
9488,g_9488,train
9489,g_9489,validation
9490,g_9490,train
9491,g_9491,train
9492,g_9492,train
9493,g_9493,train
9494,g_9494,train
9495,g_9495,train
9496,g_9496,train
9497,g_9497,train
9498,g_9498,train
9499,g_9499,train
9500,g_9500,train
9501,g_9501,train
9502,g_9502,train
9503,g_9503,test
9504,g_9504,train
9505,g_9505,train
9506,g_9506,train
9507,g_9507,train
9508,g_9508,test
9509,g_9509,train
9510,g_9510,train
9511,g_9511,train
9512,g_9512,train
9513,g_9513,train
9514,g_9514,train
9515,g_9515,validation
9516,g_9516,train
9517,g_9517,train
9518,g_9518,train
9519,g_9519,train
9520,g_9520,validation
9521,g_9521,train
9522,g_9522,train
9523,g_9523,train
9524,g_9524,train
9525,g_9525,train
9526,g_9526,train
9527,g_9527,train
9528,g_9528,train
9529,g_9529,train
9530,g_9530,train
9531,g_9531,train
9532,g_9532,test
9533,g_9533,train
9534,g_9534,train
9535,g_9535,train
9536,g_9536,train
9537,g_9537,validation
9538,g_9538,train
9539,g_9539,train
9540,g_9540,train
9541,g_9541,train
9542,g_9542,train
9543,g_9543,train
9544,g_9544,test
9545,g_9545,validation
9546,g_9546,train
9547,g_9547,test
9548,g_9548,train
9549,g_9549,train
9550,g_9550,validation
9551,g_9551,train
9552,g_9552,train
9553,g_9553,train
9554,g_9554,train
9555,g_9555,train
9556,g_9556,train
9557,g_9557,test
9558,g_9558,train
9559,g_9559,train
9560,g_9560,train
9561,g_9561,test
9562,g_9562,train
9563,g_9563,train
9564,g_9564,train
9566,g_9566,train
9567,g_9567,validation
9568,g_9568,test
9569,g_9569,train
9570,g_9570,train
9571,g_9571,train
9572,g_9572,train
9573,g_9573,train
9574,g_9574,train
9575,g_9575,train
9576,g_9576,train
9577,g_9577,train
9578,g_9578,train
9579,g_9579,train
9580,g_9580,train
9581,g_9581,train
9582,g_9582,train
9583,g_9583,validation
9584,g_9584,train
9585,g_9585,train
9586,g_9586,train
9587,g_9587,train
9588,g_9588,train
9589,g_9589,validation
9590,g_9590,test
9591,g_9591,validation
9592,g_9592,train
9593,g_9593,validation
9594,g_9594,train
9595,g_9595,train
9596,g_9596,train
9597,g_9597,train
9598,g_9598,train
9599,g_9599,train
9600,g_9600,train
9601,g_9601,test
9602,g_9602,train
9603,g_9603,train
9604,g_9604,train
9605,g_9605,train
9606,g_9606,train
9607,g_9607,train
9608,g_9608,train
9609,g_9609,train
9610,g_9610,train
9611,g_9611,train
9612,g_9612,train
9613,g_9613,train
9614,g_9614,validation
9615,g_9615,train
9616,g_9616,train
9617,g_9617,test
9618,g_9618,train
9619,g_9619,train
9620,g_9620,train
9621,g_9621,train
9622,g_9622,train
9623,g_9623,train
9624,g_9624,validation
9625,g_9625,train
9626,g_9626,train
9627,g_9627,train
9628,g_9628,train
9629,g_9629,train
9630,g_9630,train
9631,g_9631,train
9632,g_9632,train
9633,g_9633,validation
9634,g_9634,train
9635,g_9635,train
9636,g_9636,train
9637,g_9637,train
9638,g_9638,train
9639,g_9639,train
9640,g_9640,train
9641,g_9641,train
9642,g_9642,train
9643,g_9643,train
9644,g_9644,test
9645,g_9645,validation
9646,g_9646,train
9647,g_9647,train
9648,g_9648,train
9649,g_9649,train
9650,g_9650,test
9651,g_9651,train
9652,g_9652,train
9653,g_9653,train
9654,g_9654,train
9655,g_9655,train
9656,g_9656,train
9657,g_9657,validation
9658,g_9658,test
9659,g_9659,train
9660,g_9660,validation
9661,g_9661,test
9662,g_9662,train
9663,g_9663,train
9664,g_9664,train
9665,g_9665,train
9666,g_9666,train
9667,g_9667,train
9668,g_9668,train
9669,g_9669,train
9670,g_9670,train
9671,g_9671,train
9672,g_9672,train
9673,g_9673,train
9674,g_9674,train
9675,g_9675,train
9676,g_9676,train
9677,g_9677,train
9678,g_9678,train
9679,g_9679,test
9680,g_9680,train
9681,g_9681,train
9682,g_9682,train
9683,g_9683,test
9684,g_9684,train
9685,g_9685,train
9686,g_9686,train
9687,g_9687,train
9688,g_9688,train
9689,g_9689,train
9690,g_9690,validation
9691,g_9691,train
9692,g_9692,train
9693,g_9693,train
9694,g_9694,train
9695,g_9695,train
9696,g_9696,train
9697,g_9697,validation
9698,g_9698,train
9699,g_9699,train
9700,g_9700,train
9701,g_9701,test
9702,g_9702,train
9703,g_9703,train
9704,g_9704,train
9705,g_9705,test
9706,g_9706,train
9707,g_9707,train
9708,g_9708,train
9709,g_9709,test
9710,g_9710,test
9711,g_9711,train
9712,g_9712,train
9713,g_9713,train
9714,g_9714,train
9715,g_9715,train
9716,g_9716,train
9717,g_9717,validation
9718,g_9718,validation
9719,g_9719,train
9720,g_9720,train
9721,g_9721,train
9722,g_9722,test
9723,g_9723,train
9724,g_9724,train
9725,g_9725,train
9726,g_9726,train
9727,g_9727,train
9728,g_9728,validation
9729,g_9729,train
9730,g_9730,train
9731,g_9731,train
9732,g_9732,train
9733,g_9733,train
9734,g_9734,train
9735,g_9735,train
9736,g_9736,train
9737,g_9737,train
9738,g_9738,train
9739,g_9739,train
9740,g_9740,train
9741,g_9741,train
9742,g_9742,train
9743,g_9743,train
9744,g_9744,train
9745,g_9745,train
9746,g_9746,train
9747,g_9747,train
9748,g_9748,train
9749,g_9749,test
9750,g_9750,train
9751,g_9751,train
9752,g_9752,validation
9753,g_9753,train
9754,g_9754,train
9755,g_9755,train
9756,g_9756,train
9757,g_9757,train
9758,g_9758,validation
9759,g_9759,train
9760,g_9760,train
9761,g_9761,test
9762,g_9762,train
9763,g_9763,train
9764,g_9764,train
9765,g_9765,train
9766,g_9766,train
9767,g_9767,train
9768,g_9768,train
9769,g_9769,train
9770,g_9770,train
9771,g_9771,train
9772,g_9772,train
9773,g_9773,train
9774,g_9774,test
9775,g_9775,train
9776,g_9776,train
9777,g_9777,train
9778,g_9778,train
9779,g_9779,train
9780,g_9780,validation
9781,g_9781,train
9782,g_9782,train
9783,g_9783,train
9784,g_9784,train
9785,g_9785,train
9786,g_9786,train
9787,g_9787,train
9788,g_9788,validation
9789,g_9789,train
9790,g_9790,test
9791,g_9791,train
9792,g_9792,train
9793,g_9793,train
9794,g_9794,validation
9795,g_9795,train
9796,g_9796,train
9797,g_9797,train
9798,g_9798,train
9799,g_9799,train
9800,g_9800,test
9801,g_9801,train
9802,g_9802,train
9803,g_9803,train
9804,g_9804,train
9805,g_9805,train
9806,g_9806,train
9807,g_9807,train
9808,g_9808,test
9809,g_9809,train
9810,g_9810,train
9811,g_9811,train
9812,g_9812,train
9813,g_9813,test
9814,g_9814,train
9815,g_9815,train
9816,g_9816,train
9817,g_9817,validation
9818,g_9818,train
9819,g_9819,train
9820,g_9820,train
9821,g_9821,train
9822,g_9822,test
9823,g_9823,validation
9824,g_9824,train
9825,g_9825,train
9826,g_9826,train
9827,g_9827,train
9828,g_9828,train
9829,g_9829,train
9830,g_9830,train
9831,g_9831,train
9832,g_9832,train
9833,g_9833,train
9834,g_9834,train
9835,g_9835,train
9836,g_9836,validation
9837,g_9837,train
9838,g_9838,train
9839,g_9839,train
9840,g_9840,train
9841,g_9841,validation
9842,g_9842,train
9843,g_9843,train
9844,g_9844,train
9845,g_9845,train
9846,g_9846,train
9847,g_9847,train
9848,g_9848,train
9849,g_9849,train
9850,g_9850,train
9851,g_9851,train
9852,g_9852,test
9853,g_9853,validation
9854,g_9854,train
9855,g_9855,train
9856,g_9856,validation
9857,g_9857,train
9858,g_9858,train
9859,g_9859,train
9860,g_9860,train
9861,g_9861,train
9862,g_9862,train
9863,g_9863,test
9864,g_9864,train
9865,g_9865,train
9866,g_9866,train
9867,g_9867,train
9868,g_9868,test
9869,g_9869,test
9870,g_9870,train
9871,g_9871,train
9872,g_9872,train
9873,g_9873,validation
9874,g_9874,train
9875,g_9875,validation
9876,g_9876,test
9877,g_9877,train
9878,g_9878,validation
9879,g_9879,test
9880,g_9880,train
9881,g_9881,train
9882,g_9882,train
9883,g_9883,validation
9884,g_9884,test
9885,g_9885,train
9886,g_9886,train
9887,g_9887,train
9888,g_9888,train
9889,g_9889,train
9890,g_9890,train
9891,g_9891,train
9892,g_9892,train
9893,g_9893,test
9894,g_9894,test
9895,g_9895,validation
9896,g_9896,train
9897,g_9897,train
9898,g_9898,train
9899,g_9899,train
9900,g_9900,train
9901,g_9901,train
9902,g_9902,train
9903,g_9903,train
9904,g_9904,train
9905,g_9905,train
9906,g_9906,train
9907,g_9907,train
9908,g_9908,train
9909,g_9909,test
9910,g_9910,train
9911,g_9911,validation
9912,g_9912,train
9913,g_9913,train
9914,g_9914,train
9915,g_9915,train
9916,g_9916,train
9917,g_9917,train
9918,g_9918,train
9919,g_9919,train
9920,g_9920,train
9921,g_9921,train
9922,g_9922,train
9923,g_9923,train
9924,g_9924,validation
9925,g_9925,train
9926,g_9926,train
9927,g_9927,train
9928,g_9928,train
9929,g_9929,train
9930,g_9930,test
9931,g_9931,train
9932,g_9932,train
9933,g_9933,train
9934,g_9934,train
9935,g_9935,train
9936,g_9936,train
9937,g_9937,train
9938,g_9938,train
9939,g_9939,train
9940,g_9940,test
9941,g_9941,train
9942,g_9942,test
9943,g_9943,train
9944,g_9944,train
9945,g_9945,train
9946,g_9946,train
9947,g_9947,validation
9948,g_9948,train
9949,g_9949,test
9950,g_9950,train
9951,g_9951,train
9952,g_9952,validation
9953,g_9953,train
9954,g_9954,train
9955,g_9955,test
9956,g_9956,train
9957,g_9957,train
9958,g_9958,validation
9959,g_9959,train
9960,g_9960,train
9961,g_9961,train
9962,g_9962,train
9963,g_9963,train
9964,g_9964,train
9965,g_9965,train
9966,g_9966,train
9967,g_9967,train
9968,g_9968,train
9969,g_9969,train
9970,g_9970,train
9971,g_9971,train
9972,g_9972,train
9973,g_9973,train
9974,g_9974,train
9975,g_9975,train
9976,g_9976,train
9977,g_9977,train
9978,g_9978,validation
9979,g_9979,train
9980,g_9980,train
9981,g_9981,train
9982,g_9982,train
9983,g_9983,train
9984,g_9984,test
9985,g_9985,train
9986,g_9986,train
9987,g_9987,train
9988,g_9988,train
9989,g_9989,train
9990,g_9990,validation
9991,g_9991,train
9992,g_9992,train
9993,g_9993,train
9994,g_9994,train
9995,g_9995,train
9996,g_9996,train
9997,g_9997,train
9998,g_9998,train
9999,g_9999,test
10000,g_10000,train
10001,g_10001,test
10002,g_10002,train
10003,g_10003,train
10004,g_10004,train
10005,g_10005,train
10006,g_10006,train
10007,g_10007,train
10008,g_10008,train
10009,g_10009,train
10010,g_10010,train
10011,g_10011,train
10012,g_10012,test
10013,g_10013,train
10014,g_10014,train
10015,g_10015,test
10016,g_10016,train
10017,g_10017,train
10018,g_10018,train
10019,g_10019,train
10020,g_10020,train
10021,g_10021,train
10022,g_10022,train
10023,g_10023,train
10024,g_10024,validation
10025,g_10025,train
10026,g_10026,train
10027,g_10027,train
10028,g_10028,train
10029,g_10029,train
10030,g_10030,train
10031,g_10031,validation
10032,g_10032,test
10033,g_10033,train
10034,g_10034,validation
10035,g_10035,train
10036,g_10036,train
10037,g_10037,test
10038,g_10038,train
10039,g_10039,validation
10040,g_10040,train
10041,g_10041,train
10042,g_10042,train
10043,g_10043,train
10044,g_10044,train
10045,g_10045,validation
10046,g_10046,validation
10047,g_10047,train
10048,g_10048,validation
10049,g_10049,train
10050,g_10050,train
10051,g_10051,test
10052,g_10052,train
10053,g_10053,train
10054,g_10054,train
10055,g_10055,test
10056,g_10056,validation
10057,g_10057,train
10058,g_10058,train
10059,g_10059,train
10060,g_10060,train
10061,g_10061,train
10062,g_10062,train
10063,g_10063,train
10064,g_10064,train
10065,g_10065,train
10066,g_10066,test
10067,g_10067,train
10068,g_10068,train
10069,g_10069,train
10070,g_10070,train
10071,g_10071,validation
10072,g_10072,test
10073,g_10073,validation
10074,g_10074,train
10075,g_10075,train
10076,g_10076,train
10077,g_10077,train
10078,g_10078,train
10079,g_10079,train
10080,g_10056,validation
10081,g_10081,test
10082,g_10082,train
10083,g_10083,train
10084,g_10084,validation
10085,g_10085,train
10086,g_10086,test
10087,g_10087,train
10088,g_10088,train
10089,g_10089,train
10090,g_10090,train
10091,g_10091,train
10092,g_10092,train
10093,g_10093,validation
10094,g_10094,train
10095,g_10095,test
10096,g_10096,validation
10097,g_10097,train
10098,g_10098,train
10099,g_10099,train
10100,g_10100,train
10101,g_10101,test
10102,g_10102,validation
10103,g_10103,train
10104,g_10104,train
10105,g_10105,train
10106,g_10106,train
10107,g_10107,train
10108,g_10108,train
10109,g_10109,train
10110,g_10110,train
10111,g_10111,train
10112,g_10112,train
10113,g_10113,test
10114,g_10114,train
10115,g_10115,train
10116,g_10116,train
10117,g_10117,train
10118,g_10118,train
10119,g_10119,train
10120,g_10120,train
10121,g_10121,validation
10122,g_10122,validation
10123,g_10123,train
10124,g_10124,train
10125,g_10125,test
10126,g_10126,train
10127,g_10127,validation
10128,g_10128,train
10129,g_10129,validation
10130,g_10130,validation
10131,g_10131,train
10132,g_10132,train
10133,g_10133,train
10134,g_10134,train
10135,g_10135,train
10136,g_10136,train
10137,g_10137,validation
10138,g_10138,train
10139,g_10139,validation
10140,g_10140,train
10141,g_10141,train
10142,g_10142,train
10143,g_10143,test
10144,g_10144,validation
10145,g_10145,train
10146,g_10146,train
10147,g_10147,train
10148,g_10148,train
10149,g_10149,train
10150,g_10150,train
10151,g_10151,test
10152,g_10152,train
10153,g_10153,train
10154,g_10154,train
10155,g_10155,train
10156,g_10156,train
10157,g_10157,train
10158,g_10158,train
10159,g_10159,train
10160,g_10160,train
10161,g_10161,test
10162,g_10162,train
10163,g_10163,train
10164,g_10164,train
10165,g_10165,train
10166,g_10166,train
10167,g_10167,train
10168,g_10168,train
10169,g_10169,train
10170,g_10170,train
10171,g_10171,train
10172,g_10172,train
10173,g_10173,train
10174,g_10174,train
10175,g_10175,train
10176,g_10176,train
10177,g_10177,train
10178,g_10178,test
10179,g_10179,train
10180,g_10180,train
10181,g_10181,train
10182,g_10182,train
10183,g_10139,validation
10184,g_10184,train
10185,g_10185,train
10186,g_10186,validation
10187,g_10187,train
10188,g_10188,train
10189,g_10189,test
10190,g_10190,train
10191,g_10191,train
10192,g_10192,train
10193,g_10193,train
10194,g_10194,train
10195,g_10195,train
10196,g_10196,train
10197,g_10197,train
10198,g_10198,train
10199,g_10199,train
10200,g_10200,train
10201,g_10201,test
10202,g_10202,train
10203,g_10203,train
10204,g_10204,train
10205,g_10205,train
10206,g_10206,train
10207,g_10207,validation
10208,g_10208,train
10209,g_10209,train
10210,g_10210,train
10211,g_10211,test
10212,g_10212,test
10213,g_10213,train
10214,g_10214,train
10215,g_10215,train
10216,g_10216,train
10217,g_10217,train
10218,g_10218,test
10219,g_10219,train
10220,g_10220,train
10221,g_10221,validation
10222,g_10222,train
10223,g_10223,train
10224,g_10224,train
10225,g_10225,train
10226,g_10226,train
10227,g_10227,test
10228,g_10228,test
10229,g_10229,train
10230,g_10230,train
10231,g_10231,train
10232,g_10232,train
10233,g_10233,train
10234,g_10234,train
10235,g_10235,train
10236,g_10236,train
10237,g_10237,train
10238,g_10238,train
10239,g_10239,train
10240,g_10240,train
10241,g_10241,test
10242,g_10242,train
10243,g_10243,train
10244,g_10244,train
10245,g_10245,train
10246,g_10246,train
10247,g_10247,train
10248,g_10248,train
10249,g_10249,validation
10250,g_10250,train
10251,g_10251,train
10252,g_10252,train
10253,g_10253,train
10254,g_10254,train
10255,g_10255,train
10256,g_10256,train
10257,g_10257,train
10258,g_10258,train
10259,g_10259,train
10260,g_10260,train
10261,g_10261,train
10262,g_10262,train
10263,g_10263,train
10264,g_10264,train
10265,g_10265,train
10266,g_10266,train
10267,g_10267,train
10268,g_10268,train
10269,g_10269,train
10270,g_10270,train
10271,g_10271,train
10272,g_10272,train
10273,g_10273,train
10274,g_10274,validation
10275,g_10275,train
10276,g_10276,train
10277,g_10277,train
10278,g_10278,test
10279,g_10279,train
10280,g_10280,train
10281,g_10281,train
10282,g_10282,train
10283,g_10283,train
10284,g_10284,train
10285,g_10285,train
10286,g_10286,train
10287,g_10287,train
10288,g_10288,test
10289,g_10289,train
10290,g_10290,test
10291,g_10291,train
10292,g_10292,train
10293,g_10293,train
10294,g_10294,train
10295,g_10295,train
10296,g_10296,validation
10297,g_10297,train
10298,g_10298,train
10299,g_10299,train
10300,g_10300,train
10301,g_10301,train
10302,g_10302,test
10303,g_10303,validation
10304,g_10304,train
10305,g_10305,train
10306,g_10306,train
10307,g_10307,train
10308,g_10308,train
10309,g_10309,train
10310,g_10310,train
10311,g_10311,train
10312,g_10312,train
10313,g_10313,train
10314,g_10314,train
10315,g_10315,test
10316,g_10316,train
10317,g_10317,train
10318,g_10318,train
10319,g_10319,train
10320,g_10320,train
10321,g_10321,train
10322,g_10322,train
10323,g_10323,train
10324,g_10324,train
10325,g_10325,test
10326,g_10326,train
10327,g_10327,train
10328,g_10328,test
10329,g_10329,validation
10330,g_10330,train
10331,g_10331,validation
10332,g_10332,validation
10333,g_10333,train
10334,g_10334,train
10335,g_10335,train
10336,g_10336,train
10337,g_10337,train
10338,g_10338,train
10339,g_10339,validation
10340,g_10340,train
10341,g_10341,test
10342,g_10342,train
10343,g_10343,train
10344,g_10344,train
10345,g_10345,train
10346,g_10346,train
10347,g_10347,train
10348,g_10348,train
10349,g_10349,test
10350,g_10350,train
10351,g_10351,train
10352,g_10352,train
10353,g_10353,train
10354,g_10354,train
10355,g_10355,train
10356,g_10356,train
10357,g_10357,train
10358,g_10358,validation
10359,g_10359,train
10360,g_10360,train
10361,g_10361,train
10362,g_10362,train
10363,g_10363,train
10364,g_10364,test
10365,g_10365,train
10366,g_10366,validation
10367,g_9926,train
10368,g_10368,train
10369,g_10369,test
10370,g_10370,train
10371,g_10371,validation
10372,g_10372,validation
10373,g_10373,train
10374,g_10374,train
10375,g_10375,train
10376,g_10376,train
10377,g_10377,train
10378,g_10378,train
10379,g_10379,validation
10380,g_10380,train
10381,g_10381,train
10382,g_10382,train
10383,g_10383,train
10384,g_10384,train
10385,g_10385,train
10386,g_10386,train
10387,g_10387,train
10388,g_10388,train
10389,g_10389,train
10390,g_10390,validation
10391,g_10391,validation
10392,g_10392,train
10393,g_10393,train
10394,g_10394,train
10395,g_10395,train
10396,g_10396,train
10397,g_9923,train
10398,g_10398,train
10399,g_10399,validation
10400,g_10400,train
10401,g_10401,train
10402,g_10402,train
10403,g_10403,train
10404,g_10404,test
10405,g_10405,train
10406,g_10406,train
10407,g_10407,test
10408,g_10408,train
10409,g_10409,train
10410,g_10410,train
10411,g_10411,train
10412,g_10412,test
10413,g_10413,train
10414,g_10414,train
10415,g_10415,train
10416,g_10416,validation
10417,g_10417,test
10418,g_10418,train
10419,g_10419,train
10420,g_10420,train
10421,g_10421,train
10422,g_10422,train
10423,g_10423,train
10424,g_10424,train
10425,g_10425,train
10426,g_10426,train
10427,g_10427,train
10428,g_10428,train
10429,g_10429,test
10430,g_10430,train
10431,g_10431,train
10432,g_10432,train
10433,g_10433,train
10434,g_10434,train
10435,g_10435,validation
10436,g_10436,train
10437,g_10437,train
10438,g_10438,validation
10439,g_10439,train
10440,g_10440,train
10441,g_10441,train
10442,g_10442,train
10443,g_10443,validation
10444,g_10444,validation
10445,g_9926,train
10446,g_10446,train
10447,g_10447,train
10448,g_10448,test
10449,g_10449,train
10450,g_10450,train
10451,g_10451,train
10452,g_10452,train
10453,g_10453,train
10454,g_10454,train
10455,g_10455,train
10456,g_10456,validation
10457,g_10457,train
10458,g_10458,train
10459,g_10459,train
10460,g_10460,train
10461,g_10461,train
10462,g_10462,train
10463,g_10463,train
10464,g_10464,train
10465,g_10465,train
10466,g_10466,train
10467,g_10467,train
10468,g_10468,test
10469,g_10469,train
10470,g_10470,train
10471,g_10471,train
10472,g_10472,train
10473,g_10473,train
10474,g_10474,train
10475,g_10475,train
10476,g_10476,validation
10477,g_10477,train
10478,g_10478,test
10479,g_10479,test
10480,g_10480,validation
10481,g_10481,train
10482,g_10482,test
10483,g_10483,train
10484,g_10484,train
10485,g_10485,train
10486,g_10486,test
10487,g_10487,train
10488,g_10488,train
10489,g_10489,train
10490,g_10490,train
10491,g_10491,train
10492,g_10492,train
10493,g_10493,test
10494,g_10494,train
10495,g_10495,test
10496,g_10496,train
10497,g_10497,train
10498,g_10498,train
10499,g_10499,train
10500,g_10500,train
10501,g_10501,validation
10502,g_10502,validation
10503,g_10503,train
10504,g_10504,train
10505,g_10505,test
10506,g_10506,train
10507,g_10507,train
10508,g_10508,train
10509,g_10509,train
10510,g_10510,train
10511,g_10511,train
10512,g_10512,train
10513,g_10513,validation
10514,g_10514,test
10515,g_10515,test
10516,g_10516,train
10517,g_10517,train
10518,g_10518,validation
10519,g_10519,train
10520,g_10520,train
10521,g_10521,train
10522,g_10522,train
10523,g_10523,train
10524,g_10524,train
10525,g_10525,train
10526,g_10526,train
10527,g_10527,validation
10528,g_10528,test
10529,g_10529,train
10530,g_10530,train
10531,g_10531,train
10532,g_10532,train
10533,g_10533,train
10534,g_10534,train
10535,g_10535,train
10536,g_10536,train
10537,g_10537,train
10538,g_10538,train
10539,g_10539,test
10540,g_10540,train
10541,g_10541,train
10542,g_10542,validation
10543,g_10543,train
10544,g_10544,train
10545,g_10545,train
10546,g_10546,validation
10547,g_10547,train
10548,g_10548,train
10549,g_10549,validation
10550,g_10550,train
10551,g_10551,train
10552,g_10552,test
10553,g_10553,train
10554,g_10554,validation
10555,g_10555,train
10556,g_10556,train
10557,g_10557,train
10558,g_10558,validation
10559,g_10559,test
10560,g_10560,test
10561,g_10561,train
10562,g_10562,train
10563,g_10563,train
10564,g_10564,train
10565,g_10565,train
10566,g_10566,train
10567,g_10567,train
10568,g_10568,train
10569,g_10569,test
10570,g_10570,train
10571,g_10571,train
10572,g_10572,train
10573,g_10573,train
10574,g_10574,train
10575,g_10575,train
10576,g_10576,test
10577,g_10577,test
10578,g_10578,train
10579,g_10579,train
10580,g_10580,train
10581,g_10581,train
10582,g_10582,validation
10583,g_10583,train
10584,g_10584,test
10585,g_10585,train
10586,g_10586,train
10587,g_10587,train
10588,g_10588,validation
10589,g_10589,validation
10590,g_10590,test
10591,g_10591,test
10592,g_10592,train
10593,g_10593,train
10594,g_10594,train
10595,g_10595,train
10596,g_10596,train
10597,g_10597,train
10598,g_10598,validation
10599,g_10599,train
10600,g_10600,train
10601,g_10601,validation
10602,g_10602,train
10603,g_10603,train
10604,g_10604,train
10605,g_10605,train
10606,g_10606,validation
10607,g_10607,validation
10608,g_10608,test
10609,g_10609,validation
10610,g_10610,validation
10611,g_10611,train
10612,g_10612,validation
10613,g_10613,train
10614,g_10614,train
10615,g_10615,test
10616,g_10616,test
10617,g_10617,train
10618,g_10618,train
10619,g_10619,train
10620,g_10620,train
10621,g_10621,train
10622,g_10622,train
10623,g_10623,validation
10624,g_10624,test
10625,g_10625,train
10626,g_10626,validation
10627,g_10627,train
10628,g_10628,train
10629,g_10629,test
10630,g_10630,train
10631,g_10631,train
10632,g_10632,test
10633,g_10633,train
10634,g_10634,train
10635,g_10635,train
10636,g_10636,train
10637,g_10637,train
10638,g_10638,train
10639,g_10639,train
10640,g_10640,validation
10641,g_10641,validation
10642,g_10642,train
10643,g_10643,train
10644,g_10644,test
10645,g_10645,train
10646,g_10131,train
10647,g_10647,train
10648,g_10648,validation
10649,g_10649,train
10650,g_10650,validation
10651,g_10651,train
10652,g_10652,validation
10653,g_10653,train
10654,g_10654,train
10655,g_10655,train
10656,g_10656,train
10657,g_10657,train
10658,g_10658,train
10659,g_10659,train
10660,g_10660,train
10661,g_10661,train
10662,g_10662,train
10663,g_10663,train
10664,g_10664,train
10665,g_10665,train
10666,g_10666,train
10667,g_10667,train
10668,g_10668,train
10669,g_10669,test
10670,g_10670,test
10671,g_10671,test
10672,g_10672,train
10673,g_10673,train
10674,g_10674,train
10675,g_10675,test
10676,g_10676,train
10677,g_10677,train
10678,g_10678,train
10679,g_10679,train
10680,g_10680,train
10681,g_10681,train
10682,g_10682,train
10683,g_10683,train
10684,g_10684,train
10685,g_10685,validation
10686,g_10686,validation
10687,g_10687,train
10688,g_10688,train
10689,g_10689,validation
10690,g_10690,test
10691,g_10691,train
10692,g_10692,train
10693,g_10693,train
10694,g_10694,train
10695,g_10695,train
10696,g_10696,train
10697,g_10697,validation
10698,g_10698,train
10699,g_10699,train
10700,g_10700,train
10701,g_10701,train
10702,g_10702,validation
10703,g_10703,train
10704,g_10704,train
10705,g_10705,validation
10706,g_10706,train
10707,g_10707,train
10708,g_10708,validation
10709,g_10709,validation
10710,g_10710,train
10711,g_10711,train
10712,g_10712,train
10713,g_10713,train
10714,g_10714,train
10715,g_10715,train
10716,g_10716,train
10717,g_10717,train
10718,g_10718,train
10719,g_10719,train
10720,g_10720,train
10721,g_10721,train
10722,g_10722,train
10723,g_10723,train
10724,g_10724,train
10725,g_10725,train
10726,g_10726,train
10727,g_10727,validation
10728,g_10728,validation
10729,g_10729,train
10730,g_10730,train
10731,g_10731,train
10732,g_10732,train
10733,g_10733,test
10734,g_10734,train
10735,g_10735,train
10736,g_10736,train
10737,g_10737,train
10738,g_10738,validation
10739,g_10739,validation
10740,g_10740,train
10741,g_10741,test
10742,g_10742,train
10743,g_10743,train
10744,g_10744,train
10745,g_10745,test
10746,g_10746,validation
10747,g_10747,validation
10748,g_10748,validation
10749,g_10749,validation
10750,g_10750,train
10751,g_10751,train
10752,g_10752,train
10753,g_10753,validation
10754,g_10754,train
10755,g_10755,train
10756,g_10756,train
10757,g_10757,train
10758,g_10758,train
10759,g_10759,train
10760,g_10760,train
10761,g_10761,train
10762,g_10762,test
10763,g_10763,train
10764,g_10764,test
10765,g_10765,validation
10766,g_10766,train
10767,g_10767,train
10768,g_10768,train
10769,g_10769,train
10770,g_10770,train
10771,g_10771,train
10772,g_10772,train
10773,g_10773,validation
10774,g_10774,test
10775,g_10775,train
10776,g_10776,train
10777,g_10777,train
10778,g_10778,train
10779,g_10779,train
10780,g_10780,train
10781,g_10781,train
10782,g_10782,test
10783,g_10783,train
10784,g_10784,train
10785,g_10785,train
10786,g_10786,train
10787,g_10787,test
10788,g_10788,train
10789,g_10789,test
10790,g_10790,train
10791,g_10791,train
10792,g_10792,validation
10793,g_10793,train
10794,g_10794,train
10795,g_10795,train
10796,g_10772,train
10797,g_10797,test
10798,g_10798,train
10799,g_10799,train
10800,g_10800,train
10801,g_10801,train
10802,g_10802,train
10803,g_10803,train
10804,g_10804,train
10805,g_10805,train
10806,g_10806,train
10807,g_10807,test
10808,g_10808,test
10809,g_10809,train
10810,g_10810,train
10811,g_10811,train
10812,g_10812,train
10813,g_10813,train
10814,g_10814,train
10815,g_10815,train
10816,g_10816,train
10817,g_10817,validation
10818,g_10818,train
10819,g_10819,train
10820,g_10820,train
10821,g_10821,train
10822,g_10822,validation
10823,g_10823,train
10824,g_10824,test
10825,g_10825,validation
10826,g_10826,train
10827,g_10827,train
10828,g_10780,train
10829,g_10829,train
10830,g_10830,train
10831,g_10831,train
10832,g_10784,train
10833,g_10833,train
10834,g_10834,train
10835,g_10835,train
10836,g_10836,validation
10837,g_10837,train
10838,g_10838,train
10839,g_10839,validation
10840,g_10840,train
10841,g_10841,validation
10842,g_10842,train
10843,g_10843,train
10844,g_10844,train
10845,g_10845,train
10846,g_10846,train
10847,g_10847,train
10848,g_10848,train
10849,g_10849,train
10850,g_10850,train
10851,g_10851,test
10852,g_10852,train
10853,g_10853,train
10854,g_10854,train
10855,g_10855,test
10856,g_10856,train
10857,g_10857,test
10858,g_10858,train
10859,g_10859,train
10860,g_10860,train
10861,g_10861,train
10862,g_10862,train
10863,g_10863,validation
10864,g_10864,train
10865,g_10865,train
10866,g_10866,train
10867,g_10867,train
10868,g_10868,train
10869,g_10869,validation
10870,g_10870,test
10871,g_10855,test
10872,g_10872,train
10873,g_10873,train
10874,g_10874,validation
10875,g_10875,train
10876,g_10876,train
10877,g_10821,train
10878,g_10878,train
10879,g_10823,train
10880,g_10880,train
10881,g_10881,test
10882,g_10882,train
10883,g_10883,train
10884,g_10884,train
10885,g_10885,train
10886,g_10886,test
10887,g_10887,train
10888,g_10888,train
10889,g_10889,train
10890,g_10890,train
10891,g_10891,train
10892,g_10892,validation
10893,g_10893,test
10894,g_10894,train
10895,g_10895,validation
10896,g_10896,train
10897,g_10897,train
10898,g_10733,test
10899,g_10899,train
10900,g_10900,train
10901,g_10901,train
10902,g_10721,train
10903,g_10903,train
10904,g_10904,train
10905,g_10905,train
10906,g_10906,train
10907,g_10907,train
10908,g_10908,validation
10909,g_10909,train
10910,g_10910,train
10911,g_10911,train
10912,g_10912,train
10913,g_10913,train
10914,g_10780,train
10915,g_10915,test
10916,g_10916,train
10917,g_10917,train
10918,g_10784,train
10919,g_10919,train
10920,g_10920,train
10921,g_10921,train
10922,g_10922,validation
10923,g_10923,train
10924,g_10924,train
10925,g_10925,train
10926,g_10926,train
10927,g_10927,train
10929,g_10929,train
10930,g_10930,test
10931,g_10931,train
10932,g_10932,train
10933,g_10933,train
10934,g_10934,test
10935,g_10935,train
10936,g_10936,test
10937,g_10937,test
10938,g_10938,validation
10939,g_10939,train
10940,g_10940,train
10941,g_10941,train
10942,g_10942,test
10943,g_10943,train
10944,g_10944,train
10945,g_10945,train
10946,g_10946,train
10947,g_10947,train
10948,g_10948,validation
10949,g_10949,train
10950,g_10950,train
10951,g_10951,test
10952,g_10952,train
10953,g_10953,train
10954,g_10954,validation
10955,g_10955,test
10956,g_10956,train
10957,g_10957,test
10958,g_10958,test
10959,g_10959,train
10960,g_10960,train
10961,g_10961,train
10962,g_10962,train
10963,g_10963,train
10964,g_10964,validation
10965,g_10965,train
10966,g_10966,train
10967,g_10967,validation
10968,g_10968,train
10969,g_10969,validation
10970,g_10970,train
10971,g_10971,train
10972,g_10972,train
10973,g_10973,train
10974,g_10974,train
10975,g_10975,train
10976,g_10976,train
10977,g_10977,train
10978,g_10978,train
10979,g_10979,test
10980,g_10980,train
10981,g_10981,train
10982,g_10982,validation
10983,g_10983,validation
10984,g_10984,validation
10985,g_10985,train
10986,g_10986,train
10987,g_10987,train
10988,g_10988,validation
10989,g_10989,train
10990,g_10990,train
10991,g_10991,train
10992,g_10992,train
10993,g_10993,train
10994,g_10994,train
10995,g_10995,validation
10996,g_10996,train
10997,g_10997,train
10998,g_10998,train
10999,g_10999,test
11000,g_11000,train
11001,g_11001,validation
11002,g_11002,train
11003,g_11003,validation
11004,g_11004,train
11005,g_11005,train
11006,g_11006,train
11007,g_11007,test
11008,g_11008,train
11009,g_11009,train
11010,g_11010,train
11011,g_11011,train
11012,g_11012,test
11013,g_11013,validation
11014,g_11001,validation
11015,g_11015,train
11016,g_11016,train
11017,g_11017,train
11018,g_11018,train
11019,g_11019,train
11020,g_11020,train
11021,g_11021,train
11022,g_11022,train
11023,g_11023,train
11024,g_11024,train
11025,g_11025,validation
11027,g_11027,validation
11028,g_11028,test
11029,g_11029,train
11030,g_11030,train
11031,g_11031,validation
11032,g_11032,train
11033,g_11033,train
11034,g_11034,test
11035,g_11035,test
11036,g_11036,train
11037,g_11037,train
11038,g_11038,train
11039,g_11039,validation
11040,g_11040,train
11041,g_11041,train
11042,g_11042,train
11043,g_11043,train
11044,g_11044,train
11045,g_11045,test
11046,g_11046,train
11047,g_11047,train
11048,g_11048,train
11049,g_11049,train
11050,g_11050,test
11051,g_11051,train
11052,g_11052,train
11053,g_11053,train
11054,g_11054,train
11055,g_11055,train
11056,g_11056,test
11057,g_11057,train
11058,g_11058,validation
11059,g_11059,train
11060,g_11060,train
11061,g_11061,test
11062,g_11062,train
11063,g_11063,train
11064,g_11064,train
11065,g_11065,train
11066,g_11066,validation
11067,g_11067,train
11069,g_11069,train
11071,g_11067,train
11072,g_11072,test
11073,g_11073,validation
11074,g_11074,train
11075,g_11075,train
11076,g_11076,train
11077,g_11077,train
11078,g_11078,train
11079,g_11079,train
11080,g_11080,train
11081,g_11081,train
11082,g_11082,train
11083,g_11083,train
11084,g_11084,test
11085,g_11085,train
11086,g_11086,train
11087,g_11087,train
11088,g_11088,validation
11089,g_11089,validation
11090,g_11090,train
11091,g_11091,train
11092,g_11092,train
11093,g_11093,train
11094,g_11094,train
11095,g_11095,train
11096,g_11096,test
11097,g_11097,validation
11098,g_11098,train
11099,g_11099,train
11100,g_11100,train
11101,g_11024,train
11102,g_11102,validation
11104,g_11104,train
11105,g_11105,train
11106,g_11106,train
11107,g_11107,train
11108,g_11108,train
11109,g_11109,train
11110,g_11110,train
11111,g_11111,train
11112,g_11112,train
11113,g_11113,train
11114,g_11114,test
11115,g_11115,train
11116,g_11116,train
11117,g_11117,train
11118,g_11118,train
11119,g_11119,validation
11120,g_11120,validation
11121,g_11121,train
11122,g_11122,train
11123,g_11123,train
11124,g_11124,train
11125,g_11125,validation
11126,g_11126,train
11127,g_11127,train
11128,g_11128,train
11129,g_11129,train
11130,g_11130,train
11131,g_11131,train
11132,g_11132,train
11133,g_11133,validation
11134,g_11134,train
11135,g_11135,train
11136,g_11136,train
11137,g_11137,train
11138,g_11138,validation
11139,g_11139,train
11140,g_11140,train
11141,g_11141,validation
11142,g_11142,train
11143,g_11143,train
11144,g_11144,train
11145,g_11145,train
11146,g_11146,train
11147,g_11147,train
11148,g_11148,train
11149,g_11149,train
11150,g_11150,validation
11151,g_11151,train
11152,g_11152,train
11153,g_11153,train
11154,g_11154,train
11155,g_11155,train
11156,g_11156,validation
11157,g_11157,train
11158,g_11158,train
11159,g_11159,train
11160,g_11160,train
11161,g_11161,train
11162,g_11162,train
11163,g_11163,train
11164,g_11164,train
11165,g_11165,test
11166,g_11166,validation
11167,g_11167,validation
11168,g_11168,train
11169,g_11169,train
11170,g_11170,train
11171,g_11171,train
11173,g_11173,validation
11174,g_11174,train
11175,g_11175,train
11176,g_11175,train
11177,g_11175,train
11178,g_11178,train
11179,g_11179,train
11180,g_11180,train
11181,g_11181,train
11182,g_11182,train
11183,g_11183,train
11184,g_11184,train
11185,g_11185,train
11186,g_11186,train
11187,g_11187,train
11188,g_11188,validation
11189,g_11189,train
11190,g_11190,train
11191,g_11191,train
11192,g_11192,validation
11193,g_11193,train
11194,g_11194,train
11195,g_11195,train
11196,g_11196,train
11197,g_11197,train
11198,g_11198,train
11199,g_11199,train
11200,g_11200,train
11201,g_11201,train
11202,g_11202,train
11203,g_11203,train
11204,g_11204,train
11205,g_11205,train
11206,g_11206,train
11207,g_11207,train
11208,g_11208,validation
11209,g_11209,train
11210,g_11210,train
11211,g_11211,validation
11212,g_11212,train
11213,g_11213,train
11214,g_11214,validation
11215,g_11215,train
11216,g_11216,train
11217,g_11217,train
11218,g_11218,train
11219,g_11219,train
11220,g_11220,train
11221,g_11221,train
11222,g_11222,train
11223,g_11223,train
11224,g_11224,train
11225,g_11225,train
11226,g_11226,validation
11227,g_11227,validation
11228,g_11228,train
11229,g_11229,train
11230,g_11230,train
11232,g_11232,validation
11233,g_11233,test
11234,g_11234,train
11235,g_11235,test
11236,g_11236,train
11237,g_11237,train
11238,g_11238,train
11239,g_11239,test
11240,g_11240,train
11241,g_11241,train
11242,g_11242,validation
11243,g_11243,test
11244,g_11244,train
11245,g_11245,validation
11246,g_11246,train
11247,g_11247,validation
11248,g_11248,train
11249,g_11249,train
11250,g_11250,test
11251,g_11251,train
11252,g_11252,train
11253,g_11253,train
11254,g_11254,train
11255,g_11255,train
11256,g_11256,train
11257,g_11257,train
11258,g_11258,train
11259,g_11259,train
11260,g_11260,train
11261,g_11261,test
11262,g_11262,test
11263,g_11263,test
11264,g_11264,test
11265,g_11265,train
11266,g_11266,train
11267,g_11267,test
11268,g_11268,test
11269,g_11269,train
11270,g_11270,train
11271,g_11271,validation
11272,g_11272,train
11273,g_11011,train
11274,g_11274,train
11275,g_11275,train
11276,g_11276,train
11277,g_11277,train
11278,g_11278,train
11279,g_11279,train
11280,g_11280,train
11281,g_11281,validation
11282,g_11282,train
11283,g_11283,train
11284,g_11284,train
11285,g_11285,train
11286,g_11286,train
11287,g_11287,train
11288,g_11288,train
11289,g_11289,train
11290,g_11290,train
11291,g_11291,validation
11292,g_11292,train
11293,g_11293,train
11294,g_11294,train
11295,g_11295,validation
11296,g_11296,train
11297,g_11297,train
11298,g_11298,validation
11299,g_11299,train
11300,g_11300,validation
11301,g_11301,train
11302,g_11302,train
11303,g_11303,validation
11304,g_11304,train
11305,g_11305,train
11306,g_11306,train
11307,g_11307,train
11308,g_11308,train
11309,g_11309,validation
11310,g_11310,train
11311,g_11311,train
11312,g_11312,train
11313,g_11313,validation
11314,g_11314,test
11315,g_11315,train
11316,g_11316,train
11317,g_11317,train
11318,g_11318,train
11319,g_11319,train
11320,g_11320,train
11321,g_11321,train
11322,g_11322,train
11323,g_11323,train
11324,g_11324,train
11325,g_11325,train
11326,g_11326,test
11327,g_11327,validation
11328,g_11328,test
11329,g_11329,train
11330,g_11330,train
11331,g_11331,train
11332,g_11332,train
11333,g_11333,train
11334,g_11334,train
11335,g_11335,test
11337,g_11337,train
11338,g_11338,train
11339,g_11339,train
11340,g_11340,test
11341,g_11341,train
11342,g_11342,train
11343,g_11343,train
11344,g_11344,train
11345,g_11345,test
11346,g_11346,train
11347,g_11347,train
11348,g_11348,train
11349,g_11349,train
11350,g_11350,train
11351,g_11351,train
11352,g_11352,train
11353,g_11353,train
11354,g_11354,train
11355,g_11355,train
11356,g_11356,test
11357,g_11357,train
11358,g_11358,train
11359,g_11359,validation
11360,g_11360,train
11361,g_11361,train
11362,g_11362,test
11363,g_11363,train
11364,g_11364,train
11365,g_11365,train
11366,g_11366,train
11367,g_11367,train
11368,g_11368,train
11369,g_11369,train
11370,g_11370,train
11371,g_11371,train
11372,g_11372,train
11373,g_11373,train
11374,g_11374,train
11375,g_11375,validation
11376,g_11376,train
11377,g_11377,test
11378,g_11378,train
11379,g_11379,train
11380,g_11380,train
11381,g_11381,train
11382,g_11382,train
11383,g_11383,train
11384,g_11384,train
11385,g_11385,train
11386,g_11386,train
11387,g_11387,train
11388,g_11388,train
11389,g_11389,train
11390,g_11390,validation
11391,g_11391,test
11392,g_11392,train
11393,g_11393,test
11394,g_11394,train
11395,g_11395,train
11396,g_11396,train
11397,g_11397,train
11398,g_11398,train
11399,g_11399,train
11400,g_11400,train
11401,g_11401,validation
11402,g_11402,train
11403,g_11403,train
11404,g_11404,train
11405,g_11405,train
11406,g_11406,test
11407,g_11407,train
11408,g_11408,train
11409,g_11409,train
11410,g_11410,test
11411,g_11411,train
11412,g_11412,train
11413,g_11413,validation
11414,g_11414,train
11415,g_11415,train
11416,g_11416,train
11417,g_11417,train
11418,g_11418,train
11419,g_11419,validation
11420,g_11420,train
11421,g_11421,train
11422,g_11422,test
11423,g_11423,train
11424,g_11424,train
11425,g_11425,train
11426,g_11426,train
11427,g_11427,validation
11428,g_11428,train
11429,g_11429,train
11430,g_11430,test
11431,g_11431,train
11432,g_11432,train
11433,g_11433,train
11434,g_11434,train
11435,g_11435,train
11436,g_11436,validation
11437,g_11437,test
11438,g_11438,train
11439,g_11439,validation
11440,g_11440,train
11441,g_11441,train
11442,g_11442,test
11443,g_11443,train
11444,g_11444,train
11445,g_11445,train
11446,g_11446,train
11447,g_11447,train
11448,g_11448,train
11449,g_11449,test
11450,g_11450,train
11451,g_11451,validation
11452,g_11452,train
11453,g_11453,train
11454,g_11454,train
11455,g_11455,train
11456,g_11456,validation
11457,g_11457,train
11458,g_11458,train
11459,g_11459,train
11460,g_11460,train
11461,g_11461,train
11462,g_11462,train
11463,g_11463,train
11464,g_11464,train
11465,g_11465,train
11466,g_11466,train
11467,g_11467,train
11468,g_11468,train
11469,g_11469,train
11470,g_11470,train
11472,g_11472,train
11473,g_11473,train
11474,g_11474,train
11475,g_11475,train
11476,g_11476,train
11477,g_11477,train
11478,g_11478,train
11479,g_11479,train
11480,g_11480,train
11481,g_11481,train
11482,g_11482,train
11483,g_11483,train
11484,g_11484,validation
11485,g_11485,train
11486,g_11486,train
11487,g_11487,validation
11488,g_11486,train
11491,g_11491,train
11492,g_11492,train
11493,g_11493,train
11494,g_11494,train
11495,g_11495,validation
11496,g_11496,validation
11497,g_11497,train
11498,g_11498,train
11499,g_11499,train
11500,g_11499,train
11501,g_11501,validation
11502,g_11502,train
11503,g_11503,train
11504,g_11504,train
11505,g_11505,validation
11506,g_11506,test
11507,g_11507,train
11508,g_11508,train
11509,g_11509,train
11510,g_11510,train
11511,g_11511,validation
11512,g_11512,train
11513,g_11513,train
11514,g_11514,train
11515,g_11515,train
11516,g_11516,train
11517,g_11517,train
11518,g_11518,train
11519,g_11519,train
11520,g_11520,train
11521,g_11521,train
11522,g_11522,validation
11523,g_11523,train
11524,g_11524,train
11525,g_11525,validation
11526,g_11526,train
11527,g_11527,train
11528,g_11528,train
11529,g_11529,validation
11530,g_11530,train
11531,g_11531,train
11532,g_11532,train
11533,g_11533,train
11534,g_11534,train
11535,g_11535,train
11536,g_11536,train
11537,g_11537,test
11538,g_11538,train
11539,g_11539,train
11540,g_11540,train
11541,g_11541,train
11542,g_11542,train
11543,g_11543,train
11544,g_11544,train
11545,g_11545,train
11546,g_11546,train
11547,g_11547,validation
11548,g_11548,train
11549,g_11549,train
11550,g_11550,train
11551,g_11551,train
11552,g_11552,train
11553,g_11553,train
11554,g_11554,test
11555,g_11555,train
11556,g_11556,train
11557,g_11557,train
11558,g_11558,test
11559,g_11559,train
11560,g_11560,train
11561,g_11561,train
11562,g_11562,train
11563,g_11563,train
11564,g_11564,train
11565,g_11565,validation
11566,g_11566,train
11567,g_11567,train
11568,g_11568,train
11569,g_11569,train
11570,g_11570,train
11571,g_11571,train
11572,g_11572,train
11573,g_11573,validation
11574,g_11574,train
11575,g_11575,train
11576,g_11576,train
11577,g_11577,train
11578,g_11578,train
11579,g_11579,train
11580,g_11580,train
11581,g_11581,train
11582,g_11582,train
11583,g_11583,train
11584,g_11584,train
11585,g_11585,train
11586,g_11586,train
11587,g_11587,train
11588,g_11588,train
11589,g_11589,train
11590,g_11590,train
11591,g_11591,train
11592,g_11592,train
11593,g_11593,train
11594,g_11594,validation
11595,g_11595,train
11596,g_11596,train
11597,g_11597,train
11598,g_11598,train
11599,g_11599,validation
11600,g_11600,train
11601,g_11601,train
11602,g_11602,train
11603,g_11603,train
11604,g_11604,train
11605,g_11605,train
11606,g_11606,validation
11607,g_11607,train
11608,g_11608,train
11609,g_11609,train
11610,g_11610,train
11611,g_11611,validation
11613,g_11613,train
11614,g_11614,validation
11615,g_11615,train
11616,g_11616,train
11617,g_11617,train
11618,g_11618,train
11619,g_11619,train
11621,g_11621,test
11622,g_11622,train
11624,g_11624,train
11625,g_11625,train
11626,g_11626,train
11627,g_11626,train
11628,g_11628,train
11629,g_11629,train
11630,g_11630,train
11631,g_11631,train
11632,g_11632,train
11633,g_11633,train
11634,g_11634,train
11636,g_11636,test
11637,g_11637,train
11638,g_11638,validation
11639,g_11639,train
11640,g_11640,train
11641,g_11641,train
11642,g_11642,train
11643,g_11643,train
11644,g_11644,train
11645,g_11645,test
11646,g_11646,train
11647,g_11647,train
11648,g_11648,train
11649,g_11649,train
11650,g_11650,train
11651,g_11651,train
11652,g_11652,train
11653,g_11653,train
11654,g_11654,train
11655,g_11655,train
11656,g_11656,train
11658,g_11658,train
11659,g_11659,train
11660,g_11660,train
11661,g_11661,train
11662,g_11662,train
11663,g_11663,train
11664,g_11664,validation
11665,g_11665,train
11666,g_11666,train
11667,g_11667,train
11668,g_11668,train
11669,g_11669,train
11670,g_11670,validation
11671,g_11671,train
11672,g_11672,train
11673,g_11673,train
11674,g_11674,train
11675,g_11675,test
11676,g_11676,train
11677,g_11677,test
11678,g_11678,train
11679,g_11679,train
11680,g_11680,train
11681,g_11681,train
11682,g_11682,train
11683,g_11683,train
11684,g_11684,train
11685,g_11685,test
11686,g_11686,test
11687,g_11687,train
11688,g_11688,train
11689,g_11689,test
11690,g_11690,train
11691,g_11691,train
11692,g_11692,train
11693,g_11693,train
11694,g_11694,train
11695,g_11695,train
11696,g_11695,train
11697,g_11697,train
11698,g_11698,train
11699,g_11699,train
11700,g_11700,train
11701,g_11701,train
11702,g_11702,train
11703,g_11703,train
11704,g_11704,train
11705,g_11705,validation
11706,g_11706,train
11707,g_11707,train
11708,g_11708,train
11709,g_11709,train
11710,g_11710,train
11711,g_11711,train
11712,g_11712,train
11713,g_11713,train
11714,g_11714,train
11715,g_11715,train
11716,g_11716,train
11717,g_11717,validation
11718,g_11718,train
11719,g_11719,train
11720,g_11720,validation
11721,g_11721,train
11722,g_11722,train
11723,g_11723,test
11724,g_11724,train
11725,g_11725,train
11726,g_11726,train
11727,g_11727,validation
11728,g_11728,train
11729,g_11729,train
11731,g_11731,test
11732,g_11732,test
11733,g_11733,train
11734,g_11734,train
11735,g_11735,train
11736,g_11736,train
11737,g_11737,train
11738,g_11738,train
11739,g_11739,train
11740,g_11740,train
11741,g_11741,train
11742,g_11742,train
11743,g_11743,train
11744,g_11744,train
11745,g_11745,validation
11746,g_11746,validation
11747,g_11747,train
11748,g_11748,train
11749,g_11749,train
11750,g_11750,test
11751,g_11751,test
11752,g_11752,train
11753,g_11753,train
11754,g_11754,train
11755,g_11755,train
11756,g_11756,train
11757,g_11757,validation
11758,g_11758,train
11759,g_11759,train
11760,g_11760,train
11761,g_11761,train
11762,g_11762,test
11763,g_11763,validation
11764,g_11764,train
11765,g_11765,train
11766,g_11766,validation
11767,g_11767,test
11768,g_11768,train
11769,g_11769,train
11770,g_11770,test
11771,g_11771,test
11772,g_11772,train
11773,g_11773,validation
11774,g_11774,train
11775,g_11775,train
11776,g_11776,test
11777,g_11777,train
11778,g_11778,train
11779,g_11779,train
11780,g_11780,train
11781,g_11781,validation
11782,g_11782,train
11783,g_11783,train
11784,g_11784,train
11785,g_11785,validation
11786,g_11786,train
11787,g_11787,train
11788,g_11788,test
11789,g_11789,train
11790,g_11790,train
11791,g_11791,train
11792,g_11792,validation
11793,g_11793,validation
11794,g_11794,train
11795,g_11795,train
11796,g_11796,validation
11797,g_11797,train
11798,g_11798,train
11799,g_11799,train
11800,g_11800,train
11801,g_11801,train
11802,g_11802,train
11803,g_11803,test
11804,g_11804,validation
11805,g_11805,train
11806,g_11806,train
11807,g_11807,train
11808,g_11808,train
11809,g_11809,train
11810,g_11810,test
11811,g_11811,train
11812,g_11812,train
11813,g_11813,validation
11814,g_11814,train
11815,g_11815,validation
11816,g_11816,train
11817,g_11817,train
11818,g_11818,train
11819,g_11819,train
11820,g_11820,train
11822,g_11822,validation
11823,g_11823,train
11824,g_11824,train
11825,g_11825,train
11826,g_11826,train
11827,g_11827,train
11828,g_11828,train
11829,g_11829,train
11830,g_11830,train
11831,g_11831,train
11832,g_11832,train
11833,g_11833,train
11834,g_11834,train
11835,g_11835,train
11836,g_11836,train
11837,g_11837,train
11838,g_11838,validation
11839,g_11839,train
11840,g_11840,train
11841,g_11841,train
11842,g_11842,train
11843,g_11843,train
11844,g_11844,train
11845,g_11845,train
11846,g_11846,train
11847,g_11847,test
11848,g_11848,train
11849,g_11849,train
11850,g_11850,train
11851,g_11851,train
11852,g_11852,test
11853,g_11853,train
11854,g_11854,train
11855,g_11855,train
11856,g_11856,validation
11857,g_11857,train
11858,g_11858,train
11859,g_11859,train
11860,g_11860,train
11861,g_11861,train
11862,g_11862,train
11863,g_11863,train
11864,g_11864,train
11865,g_11865,train
11866,g_11866,train
11868,g_11868,train
11869,g_11869,train
11870,g_11870,train
11871,g_11871,train
11872,g_11872,validation
11873,g_11873,train
11874,g_11874,train
11875,g_11875,train
11876,g_11876,test
11877,g_11877,train
11878,g_11878,train
11879,g_11879,train
11880,g_11880,train
11881,g_11881,train
11882,g_11882,train
11883,g_11883,train
11884,g_11884,train
11885,g_11885,train
11886,g_11886,train
11887,g_11887,train
11888,g_11888,test
11889,g_11889,train
11890,g_11890,train
11891,g_11891,train
11892,g_11892,train
11893,g_11893,train
11894,g_11894,train
11895,g_11895,train
11896,g_11896,validation
11897,g_11897,train
11898,g_11898,train
11899,g_11899,train
11900,g_11900,train
11901,g_11901,test
11902,g_11902,test
11903,g_11903,train
11904,g_11904,train
11905,g_11905,test
11906,g_11906,train
11907,g_11907,train
11908,g_11908,train
11910,g_11910,train
11911,g_11911,train
11912,g_11912,train
11913,g_11913,validation
11914,g_11914,validation
11915,g_11915,validation
11916,g_11916,train
11917,g_11917,train
11918,g_11918,test
11919,g_11919,train
11920,g_11920,test
11921,g_11921,train
11922,g_11922,train
11923,g_11923,train
11924,g_11924,train
11925,g_11925,train
11926,g_11926,train
11927,g_11927,train
11928,g_11928,train
11929,g_11929,train
11930,g_11930,test
11931,g_11931,validation
11932,g_11932,train
11933,g_11933,validation
11934,g_11934,train
11935,g_11935,validation
11936,g_11936,validation
11937,g_11937,train
11938,g_11938,train
11939,g_11939,train
11940,g_11940,train
11941,g_11941,train
11942,g_11942,test
11944,g_11944,train
11945,g_11945,train
11946,g_11946,train
11947,g_11947,train
11948,g_11948,validation
11949,g_11949,train
11950,g_11950,train
11951,g_11951,train
11952,g_11952,test
11953,g_11953,train
11954,g_11954,test
11955,g_11955,train
11956,g_11956,test
11957,g_11957,test
11958,g_11958,train
11959,g_11959,train
11960,g_11960,validation
11961,g_11961,test
11962,g_11962,train
11963,g_11963,validation
11964,g_11964,train
11965,g_11965,test
11966,g_11966,train
11967,g_11967,train
11968,g_11968,test
11969,g_11969,train
11970,g_11970,train
11971,g_11971,train
11972,g_11972,validation
11973,g_11973,train
11974,g_11974,train
11975,g_11975,train
11976,g_11976,train
11977,g_11977,train
11978,g_11978,train
11979,g_11979,train
11980,g_11980,train
11981,g_11981,train
11982,g_11982,validation
11983,g_11983,train
11984,g_11984,validation
11985,g_11985,train
11986,g_11986,train
11987,g_11987,train
11988,g_11988,train
11989,g_11989,validation
11990,g_11990,train
11991,g_11991,validation
11992,g_11992,train
11993,g_11993,train
11994,g_11994,train
11995,g_11995,validation
11996,g_11996,train
11997,g_11997,train
11998,g_11998,train
11999,g_11999,train
12000,g_12000,train
12001,g_12001,train
12002,g_12002,train
12003,g_12003,train
12004,g_12004,test
12005,g_12005,train
12006,g_12006,train
12007,g_12007,train
12008,g_12008,train
12009,g_12009,train
12010,g_12010,train
12011,g_12011,train
12012,g_12012,train
12013,g_12013,train
12014,g_12014,validation
12015,g_12015,train
12016,g_12016,test
12017,g_12017,validation
12018,g_12018,train
12019,g_12019,train
12020,g_12020,train
12021,g_12021,train
12022,g_12022,train
12023,g_12023,validation
12024,g_12024,train
12025,g_12025,train
12026,g_12026,train
12027,g_12027,train
12028,g_12028,train
12029,g_12029,train
12030,g_12030,train
12031,g_12031,test
12032,g_12032,train
12033,g_12033,train
12034,g_12034,train
12035,g_12035,train
12036,g_12036,train
12037,g_12037,train
12038,g_12038,train
12039,g_12039,train
12040,g_12040,train
12041,g_12041,train
12042,g_12042,validation
12043,g_12043,train
12044,g_12044,train
12045,g_12045,train
12046,g_12046,train
12047,g_12047,test
12048,g_12048,train
12049,g_12049,train
12050,g_12050,train
12051,g_12051,validation
12052,g_12052,train
12053,g_12053,train
12054,g_12054,train
12055,g_12055,train
12056,g_12056,train
12057,g_12057,train
12058,g_12058,train
12059,g_12059,train
12060,g_12060,train
12061,g_12061,train
12062,g_12062,train
12063,g_12063,train
12065,g_12065,train
12066,g_12066,train
12067,g_12067,train
12068,g_12068,train
12069,g_12069,validation
12070,g_12070,train
12071,g_12071,train
12072,g_12072,train
12073,g_12073,train
12074,g_12074,train
12075,g_12075,train
12076,g_12076,validation
12077,g_12077,train
12078,g_12078,test
12079,g_12079,train
12080,g_12080,train
12081,g_12081,train
12082,g_12082,train
12083,g_12083,train
12084,g_12084,test
12085,g_12085,train
12086,g_12086,train
12087,g_12087,train
12088,g_12088,train
12089,g_12089,train
12090,g_12090,train
12091,g_12091,train
12092,g_12092,train
12093,g_12093,train
12094,g_12094,validation
12095,g_12095,validation
12096,g_12096,train
12097,g_12097,train
12098,g_12098,train
12099,g_12099,train
12100,g_12098,train
12101,g_12101,train
12102,g_12102,train
12103,g_12103,validation
12104,g_12104,train
12105,g_12105,train
12106,g_12106,train
12107,g_12107,train
12108,g_12108,train
12109,g_12109,train
12110,g_12110,train
12111,g_12111,train
12112,g_12112,validation
12113,g_12113,train
12114,g_12114,train
12115,g_12115,test
12116,g_12116,train
12117,g_12117,validation
12118,g_12118,validation
12119,g_12119,train
12120,g_12120,train
12121,g_12121,train
12122,g_12122,train
12123,g_12123,train
12124,g_12124,train
12125,g_12125,train
12126,g_12126,train
12127,g_12127,train
12128,g_12128,train
12129,g_12129,validation
12130,g_12130,train
12131,g_12131,validation
12132,g_12132,train
12133,g_12133,validation
12134,g_12134,train
12135,g_12135,validation
12136,g_12136,test
12137,g_12137,train
12138,g_12138,train
12139,g_12139,train
12140,g_12140,train
12141,g_12141,train
12142,g_12142,train
12143,g_12143,train
12144,g_12144,train
12145,g_12145,train
12146,g_12146,train
12147,g_12147,train
12148,g_12148,train
12149,g_12149,train
12150,g_12150,train
12151,g_12151,train
12152,g_12152,train
12153,g_12153,train
12154,g_12154,train
12155,g_12155,train
12156,g_12156,train
12157,g_12157,train
12158,g_12158,test
12159,g_12159,train
12160,g_12160,train
12161,g_12161,train
12162,g_12162,train
12163,g_12163,train
12164,g_12164,test
12165,g_12165,train
12166,g_12166,train
12167,g_12167,train
12168,g_12168,train
12169,g_12169,validation
12170,g_12170,train
12171,g_12171,train
12172,g_12172,train
12173,g_12173,validation
12174,g_12174,test
12177,g_12177,train
12178,g_12178,train
12179,g_12179,train
12180,g_12180,train
12181,g_12181,train
12182,g_12182,train
12183,g_12183,train
12184,g_12184,train
12185,g_12185,train
12186,g_12186,train
12187,g_12187,train
12188,g_12188,train
12189,g_12189,train
12190,g_12190,train
12191,g_12191,train
12192,g_12192,train
12193,g_12193,test
12194,g_12194,validation
12195,g_12195,train
12196,g_12196,test
12197,g_12196,test
12198,g_12198,train
12199,g_12199,train
12200,g_12200,train
12201,g_12184,train
12202,g_12202,train
12203,g_12203,train
12204,g_12204,train
12205,g_12205,train
12206,g_12206,train
12207,g_12207,train
12208,g_12208,train
12209,g_12209,train
12210,g_12210,train
12211,g_12211,train
12212,g_12212,train
12213,g_12213,validation
12214,g_8484,train
12215,g_12215,train
12216,g_12216,train
12218,g_12218,train
12219,g_12219,train
12220,g_12220,train
12221,g_12221,train
12222,g_12222,train
12223,g_12223,train
12224,g_12224,validation
12225,g_12225,train
12226,g_12226,train
12227,g_12227,train
12228,g_12228,test
12229,g_12229,train
12230,g_12230,train
12231,g_12231,validation
12232,g_12232,train
12233,g_12233,train
12234,g_12234,train
12235,g_12235,train
12236,g_12236,train
12237,g_12237,train
12238,g_12238,train
12239,g_12239,train
12240,g_12240,train
12241,g_12241,train
12242,g_12242,train
12243,g_12243,train
12244,g_12244,test
12245,g_12245,train
12246,g_12246,train
12247,g_12247,train
12248,g_12248,train
12249,g_12249,train
12250,g_12250,train
12251,g_12251,train
12252,g_12252,train
12253,g_12253,train
12254,g_12254,train
12255,g_12255,train
12256,g_12256,train
12257,g_12257,test
12258,g_12258,train
12259,g_12259,train
12260,g_12260,train
12261,g_12261,validation
12262,g_12262,train
12263,g_12263,train
12264,g_12264,train
12265,g_12265,train
12266,g_12266,train
12267,g_12267,train
12268,g_12268,train
12269,g_12269,train
12270,g_12270,train
12271,g_12271,test
12272,g_12272,train
12273,g_12273,train
12274,g_12274,train
12275,g_12275,train
12276,g_12276,test
12277,g_12277,train
12278,g_12278,train
12279,g_12279,train
12280,g_12280,test
12281,g_12281,train
12282,g_12282,train
12283,g_12283,train
12284,g_12284,train
12285,g_12285,test
12286,g_12286,test
12287,g_12287,train
12288,g_12288,train
12289,g_12289,train
12290,g_12290,train
12291,g_12291,train
12292,g_12292,train
12293,g_12293,train
12294,g_12294,train
12296,g_12296,train
12297,g_12297,train
12298,g_12298,train
12301,g_12301,train
12302,g_12302,train
12303,g_12303,train
12304,g_12304,train
12306,g_12306,train
12307,g_12307,train
12308,g_12308,train
12309,g_12309,train
12310,g_12310,train
12311,g_12311,test
12312,g_12312,train
12313,g_12313,test
12314,g_12314,train
12315,g_12315,train
12316,g_12316,train
12317,g_12317,validation
12318,g_12318,train
12319,g_12319,train
12320,g_12320,test
12321,g_12321,test
12322,g_12322,train
12323,g_12323,train
12324,g_12324,train
12325,g_12325,train
12326,g_12326,train
12327,g_12327,train
12328,g_12328,train
12329,g_12329,train
12330,g_12330,train
12331,g_12331,train
12332,g_12332,train
12333,g_12333,validation
12334,g_12334,train
12335,g_12335,train
12336,g_12336,train
12337,g_12337,validation
12338,g_12338,train
12339,g_12339,test
12340,g_12340,train
12341,g_12341,validation
12342,g_12342,train
12343,g_12343,train
12344,g_12344,train
12345,g_12345,train
12346,g_12346,train
12347,g_12347,train
12348,g_12348,train
12349,g_12349,train
12350,g_12350,test
12351,g_12351,train
12352,g_12352,train
12353,g_12353,train
12354,g_12354,train
12355,g_12355,train
12356,g_12356,train
12357,g_12357,train
12358,g_12358,train
12359,g_12359,train
12360,g_12360,train
12361,g_12361,train
12362,g_12362,train
12363,g_12363,train
12364,g_12364,train
12365,g_12365,train
12366,g_12366,train
12367,g_12367,train
12368,g_12368,train
12369,g_12369,train
12370,g_12370,train
12371,g_12371,train
12372,g_12372,train
12373,g_12373,train
12374,g_12374,train
12375,g_12375,train
12376,g_12376,train
12377,g_12377,train
12378,g_12378,train
12379,g_12379,validation
12380,g_12380,train
12381,g_12381,test
12382,g_12382,train
12383,g_12383,train
12384,g_12384,train
12385,g_12385,train
12386,g_12386,test
12387,g_12387,train
12388,g_12388,train
12389,g_12389,train
12390,g_12390,validation
12391,g_12391,validation
12392,g_12392,train
12393,g_12393,train
12394,g_12394,train
12395,g_12395,train
12396,g_12396,train
12397,g_12397,test
12398,g_12398,test
12399,g_12399,train
12400,g_12400,validation
12401,g_12401,train
12402,g_12402,train
12403,g_12403,train
12404,g_12404,test
12405,g_12405,train
12406,g_12406,train
12407,g_12407,train
12408,g_12408,train
12409,g_12409,train
12410,g_12410,train
12411,g_12411,train
12412,g_12412,train
12413,g_12413,train
12414,g_12414,train
12415,g_12415,train
12416,g_12416,train
12417,g_12417,test
12418,g_12418,test
12420,g_12420,validation
12421,g_12421,train
12422,g_12422,validation
12423,g_12423,test
12424,g_12424,test
12425,g_12425,train
12426,g_12426,train
12427,g_12427,validation
12428,g_12428,train
12429,g_12429,validation
12430,g_12430,train
12431,g_12431,train
12432,g_12432,train
12433,g_12433,train
12434,g_12434,train
12435,g_12435,train
12436,g_12436,train
12437,g_12437,train
12438,g_12438,train
12439,g_12439,train
12440,g_12440,train
12441,g_12441,validation
12442,g_12442,train
12443,g_12443,train
12444,g_12444,train
12445,g_12445,train
12446,g_12446,train
12447,g_12447,train
12448,g_12448,train
12449,g_12449,validation
12450,g_12450,train
12451,g_12451,train
12452,g_12452,test
12453,g_12453,train
12454,g_12454,test
12455,g_12455,train
12456,g_12456,train
12457,g_12457,train
12458,g_12458,train
12459,g_12459,train
12460,g_12460,train
12461,g_12461,train
12463,g_12463,train
12464,g_12464,train
12466,g_12466,train
12467,g_12467,test
12468,g_12468,train
12469,g_12469,train
12470,g_12470,train
12471,g_12469,train
12472,g_12472,train
12473,g_12473,train
12474,g_12474,train
12475,g_12475,train
12476,g_12476,train
12477,g_12477,train
12478,g_12478,test
12479,g_12479,train
12480,g_12480,train
12481,g_12481,test
12482,g_12482,train
12483,g_12483,train
12484,g_12484,train
12485,g_12485,train
12486,g_12486,train
12487,g_12486,train
12488,g_12488,train
12489,g_12489,train
12490,g_12490,train
12491,g_12491,train
12492,g_12492,train
12493,g_12493,train
12494,g_12494,train
12495,g_12495,test
12496,g_12496,validation
12497,g_12497,train
12498,g_12498,train
12499,g_12499,validation
12500,g_12500,train
12501,g_12501,train
12502,g_12502,train
12503,g_12503,train
12504,g_12504,train
12506,g_12506,train
12509,g_12509,train
12510,g_12510,train
12511,g_12511,train
12512,g_12512,train
12513,g_12513,train
12514,g_12514,train
12515,g_12515,train
12516,g_12516,train
12518,g_12518,train
12519,g_12519,validation
12520,g_12520,train
12521,g_12521,train
12522,g_12522,train
12523,g_12523,train
12524,g_12524,train
12525,g_12525,train
12526,g_12526,train
12528,g_12528,train
12529,g_12529,train
12530,g_12530,validation
12531,g_12531,test
12532,g_12532,train
12533,g_12533,validation
12534,g_12534,train
12535,g_12535,train
12536,g_12536,train
12537,g_12537,train
12538,g_12538,train
12539,g_12539,train
12540,g_12540,validation
12541,g_12539,train
12542,g_12540,validation
12543,g_12543,train
12549,g_12549,train
12550,g_12550,train
12551,g_12551,train
12553,g_12553,test
12555,g_12555,train
12559,g_12559,train
12560,g_12560,validation
12563,g_12563,validation
12565,g_12565,train
12566,g_12566,train
12568,g_12568,train
12571,g_12571,validation
12572,g_12572,test
12573,g_12573,validation
12574,g_12574,train
12575,g_12575,train
12576,g_12576,train
12577,g_12577,test
12578,g_12578,train
12579,g_12579,train
12581,g_12581,train
12582,g_12582,train
12583,g_12583,train
12584,g_12584,train
12586,g_12586,validation
12587,g_12587,train
12588,g_12588,train
12589,g_12589,train
12590,g_12590,train
12591,g_12591,train
12592,g_12592,test
12593,g_12593,train
12594,g_12594,train
12595,g_12595,train
12596,g_12596,train
12597,g_12597,train
12598,g_12594,train
12599,g_12595,train
12600,g_12600,validation
12601,g_12601,train
12602,g_12602,train
12604,g_12604,train
12608,g_12608,train
12610,g_12610,train
12611,g_12611,train
12612,g_12612,test
12613,g_12613,train
12614,g_12614,train
12615,g_12615,train
12616,g_12616,train
12617,g_12617,train
12618,g_12618,train
12619,g_12619,train
12620,g_12620,train
12621,g_12621,validation
12622,g_12622,train
12623,g_12623,train
12624,g_12624,train
12625,g_12625,train
12626,g_12626,validation
12627,g_12627,train
12628,g_12628,train
12629,g_12629,train
12630,g_12630,train
12631,g_12631,train
12632,g_12632,train
12633,g_12633,test
12634,g_12634,validation
12635,g_12635,train
12636,g_12636,test
12637,g_12637,train
12638,g_12638,validation
12639,g_12639,test
12640,g_12640,validation
12641,g_12641,train
12642,g_12642,train
12643,g_12643,train
12646,g_12646,train
12647,g_12647,test
12648,g_12648,train
12649,g_12649,train
12650,g_12650,train
12651,g_12651,train
12652,g_12652,train
12653,g_12653,train
12654,g_12654,train
12655,g_12655,train
12656,g_12656,train
12657,g_12657,test
12658,g_12658,train
12659,g_12659,train
12660,g_12660,test
12661,g_12661,train
12662,g_12662,train
12663,g_12663,train
12664,g_12664,train
12665,g_12665,train
12666,g_12666,train
12667,g_12667,train
12668,g_12668,train
12669,g_12669,validation
12670,g_12670,train
12671,g_12671,test
12672,g_12672,train
12673,g_12673,train
12674,g_12674,validation
12675,g_12675,validation
12676,g_12676,train
12677,g_12677,train
12678,g_12678,test
12679,g_12679,train
12680,g_12680,train
12681,g_12681,train
12682,g_12682,train
12683,g_12683,train
12684,g_12684,train
12685,g_12685,train
12686,g_12686,validation
12687,g_12687,train
12688,g_12688,train
12689,g_12689,train
12690,g_12690,train
12692,g_12692,validation
12693,g_12693,train
12694,g_12694,validation
12695,g_12695,train
12696,g_12696,test
12697,g_12697,train
12698,g_12698,train
12699,g_12699,train
12700,g_12700,train
12701,g_12701,validation
12702,g_12702,train
12703,g_12703,train
12707,g_12707,train
12708,g_12708,validation
12713,g_12713,train
12714,g_12714,train
12715,g_12715,train
12716,g_12716,train
12717,g_12717,train
12718,g_12718,train
12724,g_12724,train
12725,g_12725,train
12726,g_12726,train
12727,g_12727,train
12728,g_12728,train
12729,g_12729,train
12730,g_12730,test
12731,g_12731,train
12732,g_12732,train
12733,g_12733,validation
12734,g_12734,test
12735,g_12735,train
12736,g_12736,train
12737,g_12737,train
12739,g_12739,train
12740,g_12740,train
12741,g_12741,test
12742,g_12742,train
12743,g_12743,train
12744,g_12744,train
12745,g_12745,train
12746,g_12746,train
12747,g_12747,validation
12748,g_12748,train
12749,g_12749,validation
12750,g_12750,train
12751,g_12751,test
12752,g_12752,train
12753,g_12753,test
12754,g_12754,train
12755,g_12755,test
12756,g_12756,train
12757,g_12757,train
12758,g_12758,train
12759,g_12759,train
12760,g_12760,train
12761,g_12761,train
12762,g_12762,train
12763,g_12763,test
12764,g_12764,train
12765,g_12765,train
12766,g_12766,train
12767,g_12767,train
12768,g_12768,train
12769,g_12769,train
12770,g_12770,train
12771,g_12771,train
12772,g_12772,train
12774,g_12774,train
12775,g_12775,test
12776,g_12776,validation
12778,g_12778,train
12780,g_12780,train
12781,g_12781,train
12782,g_12782,train
12783,g_12783,train
12784,g_12784,train
12786,g_12786,train
12789,g_12789,train
12790,g_12790,train
12791,g_12791,test
12792,g_12792,train
12793,g_12793,test
12794,g_12794,train
12795,g_12795,train
12796,g_12796,test
12797,g_12797,test
12798,g_12798,train
12799,g_12799,train
12800,g_12800,train
12801,g_12801,train
12802,g_12802,train
12803,g_12803,train
12804,g_12804,train
12805,g_12805,validation
12806,g_12806,train
12807,g_12807,validation
12808,g_12808,train
12809,g_12809,train
12810,g_12810,train
12811,g_12811,test
12812,g_12812,train
12813,g_12813,train
12814,g_12814,train
12815,g_12815,validation
12816,g_12816,train
12817,g_12817,train
12818,g_12818,train
12819,g_12819,test
12820,g_12820,train
12821,g_12821,train
12822,g_12822,train
12823,g_12823,train
12824,g_12824,train
12825,g_12825,test
12826,g_12826,train
12827,g_12827,test
12828,g_12828,train
12829,g_12829,train
12830,g_12830,train
12831,g_12831,train
12832,g_12832,train
12833,g_12833,train
12834,g_12834,train
12835,g_12835,train
12836,g_12810,train
12837,g_12837,train
12838,g_12838,train
12839,g_12839,train
12840,g_12840,train
12841,g_12841,train
12842,g_12842,train
12843,g_12843,train
12844,g_12844,test
12845,g_12845,train
12846,g_12846,train
12847,g_12847,test
12848,g_12848,train
12849,g_12849,train
12850,g_12850,train
12851,g_12851,validation
12852,g_12852,train
12853,g_12853,train
12854,g_12854,train
12855,g_12855,train
12856,g_12856,train
12857,g_12857,validation
12858,g_12858,train
12859,g_12859,train
12860,g_12860,test
12861,g_12861,train
12862,g_12862,train
12863,g_12863,validation
12864,g_12864,train
12865,g_12865,train
12866,g_12866,train
12867,g_12867,train
12868,g_12868,test
12869,g_12869,test
12870,g_12870,train
12871,g_12871,train
12872,g_12872,test
12873,g_12837,train
12874,g_12874,train
12875,g_12875,train
12876,g_12876,validation
12877,g_12877,train
12878,g_12878,train
12879,g_12879,train
12880,g_12880,train
12881,g_12881,train
12882,g_12882,train
12883,g_12883,train
12884,g_12884,validation
12885,g_12885,test
12886,g_12886,train
12887,g_12887,train
12888,g_12888,train
12890,g_12890,test
12891,g_12891,train
12892,g_12892,train
12893,g_12893,train
12894,g_12894,validation
12895,g_12895,train
12896,g_12896,validation
12897,g_12897,train
12898,g_12898,test
12899,g_12899,train
12900,g_12900,train
12901,g_12901,train
12902,g_12902,train
12903,g_12903,train
12904,g_12904,test
12905,g_12905,train
12906,g_12906,train
12907,g_12907,train
12908,g_12908,validation
12909,g_12909,validation
12910,g_12910,train
12911,g_12911,train
12912,g_12912,train
12913,g_12913,train
12914,g_12914,train
12915,g_12915,train
12916,g_12916,train
12917,g_12917,train
12918,g_12918,train
12920,g_12920,train
12921,g_12921,validation
12922,g_12922,train
12923,g_12923,train
12924,g_12924,train
12925,g_12842,train
12926,g_12926,train
12927,g_12845,train
12928,g_12928,train
12930,g_12930,train
12931,g_12931,train
12932,g_12845,train
12933,g_12933,train
12934,g_12934,train
12935,g_12935,test
12936,g_12936,validation
12937,g_12937,validation
12938,g_12938,train
12939,g_12939,train
12940,g_12940,train
12941,g_12941,train
12942,g_12942,train
12943,g_12943,train
12944,g_12944,train
12945,g_12945,train
12946,g_12946,train
12947,g_12947,train
12948,g_12948,validation
12949,g_12949,train
12950,g_12950,train
12951,g_12951,train
12952,g_12952,train
12953,g_12953,train
12954,g_12954,train
12955,g_12955,train
12957,g_12957,train
12958,g_12958,validation
12959,g_12959,train
12960,g_12960,train
12961,g_12961,test
12962,g_12962,test
12963,g_12963,train
12964,g_12964,validation
12965,g_12965,train
12966,g_12966,train
12967,g_12967,validation
12968,g_12968,train
12969,g_12969,train
12970,g_12970,train
12971,g_12971,train
12972,g_12972,test
12973,g_12973,train
12974,g_12974,train
12975,g_12975,train
12976,g_12976,test
12977,g_12977,train
12978,g_12978,train
12979,g_12979,train
12980,g_12980,train
12981,g_12981,train
12982,g_12982,train
12983,g_12983,train
12984,g_12984,train
12985,g_12985,train
12986,g_12986,train
12987,g_12987,train
12988,g_12988,train
12989,g_12989,train
12990,g_12990,train
12991,g_12991,train
12992,g_12992,train
12993,g_12993,train
12994,g_12994,train
12995,g_12995,train
12996,g_12996,train
12997,g_12997,train
12998,g_12998,test
12999,g_12999,train
13000,g_13000,train
13001,g_13001,train
13002,g_13002,test
13003,g_13003,train
13004,g_13004,train
13005,g_13005,train
13006,g_13006,train
13007,g_13007,train
13008,g_13008,test
13009,g_13009,train
13010,g_13010,train
13011,g_13011,train
13012,g_13012,train
13013,g_13013,train
13014,g_13014,train
13015,g_13015,train
13016,g_13016,train
13017,g_13017,train
13018,g_13018,validation
13019,g_13019,train
13020,g_13020,train
13021,g_13021,train
13022,g_13022,train
13023,g_13023,train
13024,g_13024,train
13025,g_13025,train
13026,g_13026,train
13027,g_13027,train
13028,g_13028,train
13029,g_13029,test
13030,g_13030,validation
13031,g_13031,train
13032,g_13032,train
13033,g_13033,train
13034,g_13034,train
13035,g_13035,train
13036,g_13036,train
13037,g_13037,train
13038,g_13038,train
13039,g_13039,train
13040,g_13040,train
13041,g_13041,train
13042,g_13042,train
13043,g_13043,train
13044,g_13044,train
13045,g_13045,train
13046,g_13046,test
13047,g_13047,train
13048,g_13048,test
13049,g_12902,train
13050,g_13050,train
13051,g_13051,train
13052,g_13052,train
13053,g_13053,test
13054,g_13054,train
13055,g_13055,train
13056,g_13056,train
13057,g_13057,train
13058,g_13058,train
13059,g_13059,train
13060,g_13060,train
13061,g_13061,test
13062,g_13062,train
13063,g_13063,validation
13064,g_13064,train
13065,g_13065,train
13066,g_13066,train
13067,g_13067,train
13068,g_13068,train
13069,g_13069,validation
13070,g_13070,train
13071,g_13029,test
13072,g_13030,validation
13073,g_13073,train
13075,g_13075,train
13076,g_13076,test
13077,g_13077,train
13078,g_13078,train
13079,g_13079,train
13080,g_13080,train
13081,g_13081,train
13082,g_13082,train
13083,g_13083,train
13084,g_13084,validation
13085,g_13085,train
13086,g_13086,train
13087,g_13087,train
13088,g_13088,train
13089,g_13089,train
13090,g_13090,train
13091,g_13091,train
13092,g_13092,test
13093,g_13093,train
13094,g_13094,validation
13095,g_13095,train
13096,g_13096,train
13097,g_13097,train
13098,g_13098,train
13099,g_13099,train
13100,g_13100,train
13101,g_13101,train
13102,g_13102,train
13103,g_13103,train
13104,g_13104,train
13105,g_13105,test
13106,g_13106,test
13107,g_13107,train
13108,g_13108,validation
13109,g_13109,test
13110,g_13110,train
13111,g_13111,train
13112,g_13112,train
13113,g_13113,validation
13114,g_13114,train
13115,g_12899,train
13116,g_12900,train
13117,g_13117,train
13118,g_13118,train
13119,g_13119,train
13120,g_13120,test
13121,g_13121,train
13122,g_13122,test
13123,g_13123,test
13124,g_13124,test
13125,g_13125,validation
13126,g_13126,validation
13127,g_13127,test
13128,g_13128,train
13129,g_13129,train
13130,g_13130,train
13131,g_13131,train
13132,g_13132,train
13133,g_13133,train
13134,g_13134,train
13135,g_13135,train
13136,g_13136,train
13137,g_13137,train
13138,g_13138,train
13139,g_13139,validation
13140,g_13140,train
13141,g_13141,train
13142,g_13142,train
13143,g_13143,train
13144,g_13144,train
13145,g_13145,train
13146,g_13146,validation
13147,g_13147,train
13148,g_13148,train
13149,g_13149,validation
13150,g_13150,train
13151,g_13151,train
13152,g_13152,train
13153,g_13153,train
13154,g_13154,train
13155,g_13155,train
13156,g_13156,train
13157,g_13157,train
13158,g_13158,train
13159,g_13159,train
13160,g_13160,train
13161,g_13161,train
13162,g_13162,train
13163,g_13163,train
13164,g_13164,train
13165,g_13165,train
13166,g_13166,train
13167,g_13167,validation
13168,g_13168,train
13169,g_13169,validation
13170,g_13170,train
13171,g_13171,train
13172,g_13172,train
13173,g_13173,train
13174,g_13174,train
13175,g_13175,train
13176,g_13176,validation
13177,g_13177,train
13178,g_13178,test
13179,g_13179,train
13180,g_13180,train
13181,g_13181,test
13182,g_13182,train
13183,g_13183,train
13184,g_13184,train
13185,g_13185,train
13186,g_13186,train
13187,g_13187,train
13188,g_13188,train
13189,g_13189,train
13190,g_13190,train
13191,g_13191,train
13192,g_13192,train
13193,g_13193,train
13194,g_13194,train
13195,g_13195,validation
13196,g_13196,test
13197,g_13197,train
13198,g_13198,train
13199,g_13199,train
13200,g_13200,train
13201,g_13201,train
13202,g_13202,train
13203,g_13203,train
13204,g_13204,train
13205,g_13205,train
13206,g_13206,train
13207,g_13207,train
13208,g_13208,train
13209,g_13209,train
13210,g_13210,train
13211,g_13211,train
13212,g_13149,validation
13213,g_13213,test
13214,g_13214,train
13215,g_13152,train
13216,g_13216,train
13217,g_13217,train
13218,g_13218,train
13219,g_13219,train
13220,g_13220,test
13221,g_13221,train
13222,g_13222,train
13223,g_13223,train
13224,g_13224,validation
13225,g_13225,train
13226,g_13226,train
13227,g_13227,train
13228,g_13228,train
13229,g_13229,train
13230,g_12875,train
13231,g_13231,train
13232,g_13232,test
13233,g_13233,validation
13234,g_13234,train
13235,g_13235,train
13236,g_13236,train
13237,g_13237,train
13238,g_13238,train
13239,g_13239,train
13240,g_13240,train
13241,g_13241,train
13242,g_13242,train
13243,g_13243,train
13244,g_13244,train
13245,g_13245,train
13246,g_13223,train
13247,g_13247,train
13248,g_13248,train
13249,g_13249,train
13250,g_13250,train
13251,g_13251,train
13252,g_13252,train
13253,g_13253,train
13254,g_13254,train
13255,g_13255,test
13256,g_13256,train
13257,g_13257,train
13258,g_13258,train
13259,g_13259,validation
13260,g_13260,train
13261,g_13261,train
13262,g_13262,validation
13263,g_13263,validation
13264,g_13264,train
13265,g_13265,train
13266,g_13266,train
13267,g_13267,train
13268,g_13268,test
13269,g_13269,test
13270,g_13270,train
13271,g_13271,train
13272,g_13272,train
13273,g_13273,train
13274,g_13274,validation
13275,g_13275,validation
13276,g_13276,train
13277,g_13277,train
13278,g_13278,test
13279,g_13279,test
13280,g_13280,train
13281,g_13281,train
13282,g_13282,validation
13283,g_13283,train
13284,g_13284,train
13285,g_13285,train
13286,g_13286,test
13287,g_13287,train
13288,g_13288,train
13289,g_13289,train
13290,g_13290,train
13291,g_13291,train
13292,g_13292,train
13293,g_13293,train
13294,g_13294,train
13295,g_13295,test
13296,g_13296,test
13297,g_13297,train
13298,g_13298,test
13299,g_13299,train
13300,g_13300,train
13301,g_13301,test
13302,g_13240,train
13303,g_13303,train
13304,g_13304,train
13305,g_13305,train
13306,g_13306,train
13307,g_13307,validation
13308,g_13308,train
13309,g_13309,train
13310,g_13310,train
13311,g_13311,test
13312,g_13312,train
13313,g_13313,train
13314,g_13314,train
13315,g_13315,test
13316,g_13316,train
13317,g_13317,train
13318,g_13318,train
13319,g_13319,train
13320,g_13320,train
13321,g_13321,train
13322,g_13322,train
13323,g_13323,test
13324,g_13324,train
13325,g_13325,validation
13326,g_13324,train
13327,g_13327,test
13328,g_13328,train
13329,g_13329,train
13330,g_13330,train
13331,g_13331,validation
13332,g_13332,test
13333,g_13324,train
13334,g_13334,validation
13336,g_13336,train
13337,g_13337,train
13338,g_13338,train
13339,g_13339,train
13340,g_13340,train
13341,g_13341,train
13342,g_13342,train
13343,g_13343,train
13344,g_13344,train
13345,g_13345,train
13346,g_13346,validation
13347,g_13347,test
13348,g_13348,train
13349,g_13349,train
13350,g_13350,train
13351,g_13351,train
13352,g_13352,train
13353,g_13353,train
13354,g_13216,train
13355,g_13355,test
13356,g_13356,train
13357,g_13357,train
13358,g_13358,train
13359,g_13359,train
13360,g_13360,train
13361,g_13361,train
13362,g_13362,train
13363,g_13363,train
13364,g_13364,train
13365,g_13365,train
13366,g_13366,test
13367,g_13367,train
13368,g_13368,train
13369,g_13369,validation
13370,g_13370,train
13371,g_13371,train
13372,g_13372,test
13373,g_13196,test
13374,g_13374,test
13375,g_13375,train
13376,g_13376,train
13377,g_13377,train
13378,g_13378,validation
13379,g_13379,train
13380,g_13380,train
13381,g_13381,train
13382,g_13382,train
13383,g_13383,train
13384,g_13384,validation
13385,g_13385,validation
13386,g_13386,train
13387,g_13387,train
13388,g_13388,validation
13389,g_13389,train
13390,g_13390,test
13391,g_13391,train
13392,g_13392,train
13393,g_13393,test
13394,g_13394,train
13395,g_13395,train
13396,g_13396,train
13397,g_13397,train
13398,g_13398,validation
13399,g_13399,validation
13400,g_13400,train
13401,g_13401,train
13402,g_13402,train
13403,g_13403,train
13404,g_13404,train
13405,g_13405,train
13406,g_13406,train
13407,g_13407,validation
13408,g_13408,train
13409,g_13409,train
13410,g_13410,train
13411,g_13411,test
13412,g_13412,train
13413,g_13413,train
13414,g_13414,train
13415,g_13415,train
13416,g_13416,train
13417,g_13417,train
13418,g_13418,train
13419,g_13419,test
13420,g_13420,train
13421,g_13421,validation
13422,g_13422,train
13423,g_13423,test
13424,g_13424,train
13425,g_13425,train
13426,g_13316,train
13427,g_13427,train
13428,g_13428,train
13429,g_13429,train
13430,g_13430,train
13431,g_13431,train
13432,g_13432,train
13433,g_13433,train
13434,g_13434,train
13435,g_13435,train
13436,g_13436,train
13437,g_13437,train
13438,g_13438,train
13439,g_13439,validation
13440,g_13440,train
13441,g_13441,train
13442,g_13442,train
13443,g_13443,test
13445,g_13240,train
13446,g_13446,train
13447,g_13447,test
13448,g_13448,train
13449,g_13449,test
13450,g_13450,train
13451,g_13451,train
13452,g_13452,train
13453,g_13453,train
13454,g_13454,train
13455,g_13455,validation
13456,g_13456,test
13457,g_13457,train
13458,g_13458,train
13459,g_13459,train
13460,g_13460,train
13461,g_13461,train
13462,g_13462,train
13463,g_13463,train
13464,g_13464,train
13465,g_12875,train
13466,g_12810,train
13467,g_12875,train
13468,g_13219,train
13469,g_13469,train
13470,g_13470,validation
13471,g_13471,train
13472,g_13472,train
13473,g_13473,train
13474,g_13474,train
13475,g_13475,train
13476,g_13476,test
13477,g_13477,train
13478,g_13478,train
13479,g_13479,train
13480,g_13480,validation
13481,g_13481,train
13482,g_13482,train
13483,g_13483,train
13484,g_13484,train
13485,g_13485,train
13486,g_13486,train
13487,g_13487,train
13488,g_13488,train
13489,g_13489,validation
13490,g_13490,validation
13491,g_13491,train
13492,g_13492,train
13493,g_13493,train
13494,g_13494,train
13495,g_13495,train
13496,g_13496,train
13497,g_13497,train
13498,g_13498,train
13499,g_13499,train
13500,g_13500,train
13501,g_13501,train
13502,g_13502,train
13503,g_13503,train
13504,g_13504,train
13505,g_13505,train
13506,g_13474,train
13507,g_13507,train
13508,g_13508,train
13509,g_13509,validation
13510,g_13510,train
13511,g_13511,train
13512,g_13512,train
13513,g_13513,train
13514,g_13514,train
13515,g_13515,train
13516,g_13516,train
13517,g_13517,validation
13518,g_13370,train
13519,g_13519,train
13520,g_13520,train
13521,g_13521,train
13522,g_13522,train
13523,g_13523,train
13524,g_13524,train
13525,g_13525,train
13526,g_13526,train
13527,g_13527,test
13528,g_13528,train
13529,g_13529,test
13530,g_13530,train
13531,g_13531,train
13532,g_13532,validation
13533,g_13533,train
13534,g_13534,test
13535,g_13535,train
13536,g_13536,train
13537,g_13537,train
13538,g_13538,train
13539,g_13539,test
13540,g_13540,train
13541,g_13541,train
13542,g_13542,train
13543,g_13538,train
13544,g_13539,test
13545,g_13540,train
13547,g_13547,train
13548,g_13548,train
13549,g_12875,train
13550,g_12810,train
13551,g_13551,train
13552,g_13552,train
13553,g_13553,train
13554,g_13554,train
13556,g_13540,train
13558,g_13558,validation
13559,g_13559,train
13560,g_13560,train
13561,g_13561,train
13562,g_13562,train
13563,g_13563,validation
13564,g_13564,train
13565,g_13565,test
13566,g_13566,train
13567,g_13567,train
13568,g_13568,train
13569,g_13569,train
13570,g_13570,train
13571,g_13571,train
13572,g_13572,train
13573,g_13573,train
13574,g_13574,train
13575,g_13575,test
13576,g_13576,train
13577,g_13577,test
13578,g_13578,test
13579,g_13579,train
13580,g_13580,validation
13581,g_13581,train
13582,g_13288,train
13583,g_13583,train
13584,g_13584,train
13585,g_13585,train
13586,g_13586,train
13587,g_13587,train
13588,g_13588,test
13589,g_13589,validation
13590,g_13590,train
13591,g_13591,train
13592,g_13592,train
13593,g_13408,train
13594,g_13538,train
13597,g_13541,train
13598,g_13598,train
13599,g_13599,test
13600,g_13600,train
13601,g_13601,train
13602,g_13602,train
13603,g_13603,train
13604,g_13604,train
13605,g_13605,validation
13606,g_13606,train
13607,g_13607,test
13608,g_13608,test
13609,g_13609,train
13610,g_13610,train
13611,g_13611,train
13612,g_13612,test
13613,g_13613,train
13614,g_13614,train
13615,g_13615,train
13616,g_13616,train
13617,g_13617,train
13618,g_13618,train
13619,g_13619,train
13621,g_13621,train
13622,g_13622,validation
13623,g_13623,train
13624,g_13624,train
13625,g_13625,validation
13626,g_13538,train
13628,g_13540,train
13629,g_13629,train
13630,g_13630,train
13631,g_13631,train
13632,g_13632,train
13633,g_13633,train
13634,g_13634,validation
13635,g_13635,test
13636,g_13537,train
13637,g_13538,train
13638,g_13539,test
13639,g_13540,train
13640,g_13640,train
13641,g_13641,train
13642,g_13642,validation
13643,g_13643,train
13644,g_13644,train
13645,g_13645,train
13646,g_13646,train
13647,g_13647,train
13648,g_13648,train
13649,g_13649,validation
13650,g_13650,train
13651,g_13651,train
13652,g_13652,train
13653,g_13653,train
13654,g_13654,train
13655,g_13655,train
13656,g_13656,train
13657,g_13657,test
13658,g_13658,train
13659,g_13659,train
13660,g_13494,train
13661,g_13661,train
13662,g_13662,train
13663,g_13663,validation
13664,g_13664,train
13665,g_13665,train
13666,g_13666,train
13667,g_13667,test
13668,g_13668,test
13669,g_13669,validation
13671,g_13671,train
13672,g_13672,train
13673,g_13673,train
13674,g_13674,validation
13675,g_13675,train
13676,g_13676,train
13677,g_13677,train
13678,g_13678,train
13679,g_13679,train
13680,g_13680,train
13681,g_13681,validation
13682,g_13682,train
13683,g_13683,train
13684,g_13684,train
13685,g_13685,train
13686,g_13686,train
13687,g_13687,train
13688,g_13688,train
13689,g_12812,train
13690,g_13690,train
13691,g_13691,train
13692,g_13692,train
13693,g_13693,train
13694,g_13694,train
13695,g_13695,test
13696,g_13696,test
13697,g_13697,train
13698,g_13698,train
13699,g_13699,validation
13700,g_13700,train
13701,g_13701,validation
13702,g_13702,train
13703,g_13703,train
13704,g_13704,test
13705,g_13705,validation
13706,g_13706,train
13707,g_13707,train
13708,g_13708,train
13709,g_13709,test
13710,g_13710,train
13711,g_13711,train
13712,g_13712,train
13713,g_13713,train
13714,g_13714,test
13715,g_13715,train
13716,g_13716,train
13717,g_13717,train
13718,g_13718,train
13719,g_13719,train
13720,g_13720,train
13721,g_13721,train
13722,g_13722,train
13723,g_13723,train
13724,g_13724,train
13725,g_13725,train
13726,g_13726,train
13727,g_13727,train
13728,g_13728,train
13729,g_13729,train
13730,g_13730,train
13731,g_13731,train
13732,g_13732,train
13733,g_13733,train
13734,g_13734,train
13735,g_13735,train
13736,g_13736,validation
13737,g_13737,train
13738,g_13738,train
13739,g_13739,train
13740,g_13740,train
13741,g_13741,train
13742,g_13742,train
13743,g_13743,train
13744,g_13744,train
13745,g_13745,train
13746,g_13746,test
13747,g_13747,validation
13748,g_13748,train
13749,g_13749,train
13750,g_13750,train
13751,g_13751,test
13753,g_13753,train
13754,g_13754,train
13755,g_13755,train
13756,g_13756,validation
13757,g_13757,train
13758,g_13758,validation
13759,g_13759,train
13760,g_13760,train
13761,g_13761,test
13762,g_13762,validation
13763,g_13763,train
13764,g_13764,train
13765,g_13765,train
13766,g_13766,train
13767,g_13767,validation
13768,g_13768,train
13769,g_13769,train
13770,g_13770,train
13771,g_13771,train
13772,g_13772,train
13773,g_13773,train
13774,g_13774,train
13775,g_13775,train
13776,g_13776,train
13777,g_13777,train
13778,g_13778,train
13779,g_13779,test
13780,g_13780,train
13781,g_13781,train
13782,g_13782,train
13783,g_13783,train
13784,g_13784,train
13785,g_13785,train
13786,g_13786,train
13787,g_13787,train
13788,g_13788,validation
13789,g_13789,train
13790,g_13790,train
13791,g_13791,test
13792,g_13792,train
13793,g_13793,train
13794,g_13794,train
13795,g_13795,train
13796,g_13796,train
13797,g_13797,validation
13798,g_13798,train
13799,g_13799,validation
13800,g_13800,train
13801,g_13801,train
13802,g_13802,train
13803,g_13803,train
13804,g_13804,train
13805,g_13805,test
13806,g_13806,train
13807,g_13807,train
13808,g_13808,train
13809,g_13809,train
13810,g_13810,train
13811,g_13811,train
13812,g_13812,train
13813,g_13813,train
13814,g_13814,train
13815,g_13815,train
13816,g_13816,train
13817,g_13817,train
13818,g_13818,train
13819,g_13819,test
13820,g_13820,train
13821,g_13821,train
13822,g_13822,validation
13823,g_13823,train
13824,g_13824,train
13825,g_13825,train
13826,g_13826,train
13827,g_13827,train
13828,g_13828,train
13829,g_13829,validation
13830,g_13830,train
13831,g_13831,train
13832,g_13832,test
13833,g_13833,train
13834,g_13834,train
13835,g_13835,train
13836,g_13836,train
13837,g_13837,test
13838,g_13838,test
13839,g_13839,train
13840,g_13840,train
13841,g_13841,train
13842,g_13842,train
13843,g_13843,train
13844,g_13844,train
13845,g_13845,train
13846,g_13846,train
13847,g_13847,train
13848,g_13848,train
13849,g_13849,train
13850,g_13850,validation
13851,g_13851,train
13852,g_13852,train
13853,g_13853,validation
13854,g_13854,train
13855,g_13855,train
13856,g_13560,train
13857,g_13857,train
13858,g_13858,train
13859,g_13859,train
13860,g_13860,train
13861,g_13861,train
13862,g_13862,train
13863,g_12938,train
13864,g_13864,train
13865,g_13865,train
13866,g_13866,validation
13867,g_13293,train
13868,g_13868,train
13870,g_13870,train
13871,g_13871,train
13872,g_13872,test
13873,g_13873,test
13874,g_13874,train
13876,g_13876,train
13877,g_13877,validation
13878,g_13878,train
13879,g_13879,train
13880,g_13880,train
13881,g_13881,train
13882,g_13882,train
13883,g_13883,train
13884,g_13884,train
13885,g_13885,train
13886,g_13886,validation
13887,g_13887,train
13888,g_13888,train
13889,g_13889,train
13890,g_13890,test
13891,g_13891,train
13892,g_13892,train
13893,g_13893,validation
13894,g_13894,train
13895,g_13895,train
13896,g_13896,train
13897,g_13897,train
13898,g_13898,train
13899,g_13899,train
13900,g_13900,train
13901,g_13901,train
13902,g_13902,train
13903,g_13903,test
13904,g_13904,train
13905,g_13905,train
13906,g_13906,train
13907,g_13907,train
13908,g_13908,train
13909,g_13909,train
13910,g_13910,train
13911,g_13911,train
13912,g_13912,train
13913,g_13913,test
13914,g_13914,train
13915,g_13915,train
13916,g_13916,train
13917,g_13917,train
13918,g_13918,train
13919,g_13919,train
13920,g_13920,test
13921,g_13921,train
13922,g_13922,train
13923,g_13923,train
13924,g_13924,train
13925,g_13925,train
13926,g_13926,train
13927,g_13927,train
13928,g_13928,train
13929,g_13929,validation
13930,g_13930,train
13931,g_13931,test
13932,g_13932,validation
13933,g_13933,validation
13934,g_13934,train
13935,g_13908,train
13936,g_13936,train
13937,g_13937,train
13938,g_13938,train
13939,g_13939,train
13940,g_13940,train
13941,g_13917,train
13942,g_13942,test
13943,g_13943,train
13944,g_13944,train
13945,g_13945,train
13947,g_13240,train
13948,g_13948,test
13949,g_13949,validation
13950,g_13950,train
13951,g_13951,train
13952,g_13952,train
13953,g_13953,train
13954,g_13954,validation
13955,g_13955,test
13956,g_13956,train
13957,g_13957,train
13958,g_13958,train
13959,g_13959,train
13960,g_13960,validation
13961,g_13961,train
13962,g_13962,test
13963,g_13963,train
13964,g_13964,train
13965,g_13965,train
13966,g_13966,train
13967,g_13967,train
13968,g_13968,train
13969,g_13969,train
13970,g_13970,train
13971,g_13971,train
13972,g_13972,train
13973,g_13973,train
13974,g_13974,train
13975,g_13975,train
13976,g_13976,validation
13977,g_13977,train
13978,g_13978,test
13979,g_13979,validation
13980,g_13980,train
13981,g_13981,train
13982,g_13982,train
13983,g_13983,train
13984,g_13984,train
13985,g_13985,train
13986,g_13986,train
13987,g_13987,train
13989,g_13864,train
13990,g_13990,train
13991,g_13991,train
13992,g_13992,validation
13993,g_13993,train
13994,g_13994,train
13995,g_13995,test
13996,g_13996,test
13997,g_13997,train
13998,g_13998,train
13999,g_13999,train
14000,g_14000,train
14001,g_14001,test
14002,g_14002,train
14003,g_14003,train
14004,g_14004,train
14005,g_14005,train
14006,g_14006,train
14007,g_14007,train
14008,g_14008,train
14009,g_14009,train
14010,g_14010,train
14011,g_14011,validation
14012,g_14012,train
14013,g_14013,train
14014,g_14014,train
14015,g_14015,train
14016,g_14016,train
14017,g_14017,train
14018,g_14018,train
14019,g_14019,validation
14020,g_14020,train
14021,g_14021,train
14022,g_14022,train
14023,g_14023,train
14024,g_14024,train
14025,g_14025,train
14027,g_14027,train
14028,g_14028,train
14029,g_14029,train
14030,g_14030,train
14031,g_14031,train
14032,g_14032,train
14033,g_14033,validation
14034,g_14034,test
14036,g_13334,validation
14037,g_13329,train
14038,g_14038,train
14039,g_13334,validation
14041,g_14041,train
14042,g_14042,train
14043,g_14043,train
14045,g_14045,train
14046,g_13324,train
14047,g_13327,test
14048,g_14048,train
14051,g_13240,train
14052,g_14052,train
14053,g_14053,train
14054,g_14054,train
14055,g_14055,train
14056,g_14056,test
14057,g_14057,train
14058,g_14058,train
14059,g_14059,validation
14060,g_14060,validation
14061,g_14061,train
14062,g_14062,train
14063,g_14063,test
14064,g_14064,train
14065,g_14065,train
14066,g_14066,train
14067,g_14067,validation
14068,g_14068,train
14069,g_14069,train
14070,g_14070,train
14071,g_14071,train
14072,g_14072,train
14073,g_14073,train
14074,g_14074,train
14075,g_14075,test
14076,g_14076,train
14077,g_14077,train
14078,g_14078,train
14079,g_14079,train
14080,g_14080,train
14081,g_14081,test
14082,g_14082,validation
14083,g_14083,train
14085,g_13368,train
14086,g_13750,train
14087,g_13751,test
14089,g_14089,train
14090,g_13754,train
14092,g_14092,train
14093,g_14093,train
14095,g_14095,train
14096,g_14096,train
14097,g_14097,train
14098,g_14098,train
14099,g_14099,train
14100,g_14100,train
14101,g_14101,train
14102,g_14102,test
14103,g_14103,train
14104,g_14104,train
14105,g_14105,train
14106,g_14106,validation
14107,g_14107,test
14108,g_14108,validation
14109,g_14109,validation
14110,g_14110,validation
14111,g_14111,test
14112,g_14112,train
14113,g_14113,train
14114,g_14114,train
14115,g_14115,train
14116,g_14116,train
14117,g_14117,train
14118,g_14118,train
14119,g_14119,train
14120,g_14120,train
14121,g_14121,train
14122,g_14122,train
14123,g_14123,train
14124,g_14124,train
14125,g_14125,train
14126,g_14126,train
14127,g_14127,train
14128,g_14128,train
14129,g_14129,train
14130,g_14130,train
14131,g_14131,train
14132,g_14132,train
14133,g_14133,train
14134,g_14134,train
14135,g_14135,train
14136,g_14136,train
14137,g_14137,train
14138,g_14138,train
14139,g_14139,train
14140,g_14140,train
14141,g_14141,train
14142,g_14142,validation
14143,g_14143,train
14144,g_14144,test
14145,g_14145,train
14146,g_14146,train
14147,g_14147,train
14148,g_14148,train
14149,g_14149,train
14150,g_14150,train
14151,g_14151,train
14152,g_14152,train
14153,g_14153,train
14154,g_14154,train
14155,g_14155,train
14156,g_14156,train
14157,g_14157,train
14158,g_14158,train
14159,g_14159,train
14160,g_14160,train
14161,g_14161,test
14162,g_14162,train
14163,g_14163,train
14164,g_14164,train
14165,g_14165,train
14166,g_14166,train
14167,g_14167,test
14168,g_14168,train
14169,g_14169,validation
14170,g_14170,train
14171,g_14171,train
14172,g_14172,train
14173,g_14173,train
14174,g_14174,train
14175,g_14175,train
14176,g_14176,train
14177,g_14177,train
14178,g_14178,test
14179,g_14179,train
14180,g_14180,train
14181,g_14181,validation
14182,g_14182,test
14183,g_14183,train
14184,g_14184,train
14185,g_14185,train
14186,g_14186,train
14187,g_14187,train
14188,g_14188,train
14189,g_14189,train
14190,g_14190,train
14191,g_14191,train
14192,g_14192,train
14193,g_14193,train
14194,g_14194,train
14195,g_14195,train
14196,g_14196,test
14197,g_14197,train
14198,g_14144,test
14199,g_14199,train
14200,g_14200,train
14201,g_14201,train
14202,g_14202,train
14203,g_14203,train
14204,g_14204,train
14205,g_14205,train
14206,g_14206,train
14207,g_14207,test
14208,g_14208,train
14209,g_14209,train
14210,g_14210,train
14211,g_14211,train
14212,g_14212,test
14213,g_14213,test
14214,g_14214,train
14215,g_14215,train
14216,g_14216,test
14217,g_14217,train
14218,g_14218,validation
14219,g_14219,train
14220,g_14220,validation
14221,g_14221,train
14222,g_14222,test
14223,g_14223,train
14224,g_14224,train
14225,g_14225,train
14226,g_14226,train
14227,g_14227,train
14228,g_14228,train
14229,g_14229,validation
14230,g_14230,train
14231,g_14231,validation
14232,g_14232,test
14233,g_14233,train
14234,g_14234,train
14235,g_14235,train
14236,g_14236,test
14237,g_14237,train
14238,g_14238,train
14239,g_14239,train
14240,g_14240,train
14241,g_14241,train
14242,g_14242,train
14243,g_14243,validation
14244,g_14244,train
14245,g_14245,train
14246,g_14246,train
14247,g_14247,train
14248,g_14248,validation
14249,g_14249,train
14250,g_14250,train
14251,g_14251,train
14252,g_14252,train
14253,g_14253,train
14254,g_14254,train
14255,g_14255,train
14256,g_14256,train
14257,g_14257,train
14258,g_14258,train
14259,g_14259,train
14260,g_14260,train
14261,g_14261,train
14262,g_14262,test
14263,g_14263,train
14264,g_14264,train
14265,g_14265,train
14266,g_14266,validation
14267,g_14267,train
14268,g_14268,train
14269,g_14269,validation
14270,g_14270,train
14271,g_14271,train
14272,g_14272,train
14273,g_14273,train
14274,g_14274,test
14275,g_14275,train
14276,g_14276,test
14277,g_14277,train
14278,g_14278,train
14279,g_14279,train
14280,g_14280,train
14281,g_14281,test
14282,g_14282,train
14283,g_14283,train
14284,g_14284,train
14285,g_14285,train
14286,g_14286,validation
14287,g_14287,train
14288,g_14288,train
14289,g_14289,test
14290,g_14290,train
14291,g_14291,train
14292,g_14292,train
14293,g_14293,test
14294,g_14294,train
14295,g_14295,train
14296,g_14296,train
14297,g_14297,train
14298,g_14298,train
14299,g_14299,train
14300,g_14300,validation
14301,g_14301,train
14302,g_14302,train
14303,g_14303,train
14304,g_14304,test
14305,g_14305,train
14306,g_14306,train
14307,g_14307,train
14308,g_14308,train
14309,g_14309,train
14310,g_14310,train
14311,g_14311,train
14312,g_14312,train
14313,g_14313,train
14314,g_14314,validation
14315,g_14315,train
14316,g_14316,train
14317,g_14317,train
14318,g_14318,train
14319,g_14319,train
14320,g_14320,train
14321,g_14321,validation
14322,g_14322,train
14323,g_14323,train
14324,g_14324,train
14325,g_14325,train
14326,g_14326,train
14327,g_14327,train
14328,g_14328,validation
14329,g_14329,train
14330,g_14330,train
14331,g_14331,train
14332,g_14332,train
14333,g_14333,train
14334,g_14334,test
14335,g_14335,train
14336,g_14336,train
14337,g_14337,train
14338,g_14338,train
14339,g_14339,train
14340,g_14340,train
14341,g_14341,train
14342,g_14342,test
14343,g_14343,train
14344,g_14344,test
14345,g_14345,train
14346,g_14346,train
14347,g_14347,train
14348,g_14348,train
14349,g_14349,train
14350,g_14350,test
14351,g_14351,train
14352,g_14352,train
14353,g_14353,train
14354,g_14354,train
14355,g_14355,train
14357,g_14350,test
14358,g_14342,test
14359,g_14359,train
14360,g_14360,train
14361,g_14361,train
14362,g_14362,train
14363,g_14363,train
14364,g_14364,test
14366,g_14366,train
14367,g_14367,train
14368,g_14368,train
14369,g_14369,validation
14370,g_14370,train
14371,g_14371,train
14372,g_14372,train
14373,g_14373,train
14374,g_14374,train
14375,g_14375,train
14376,g_14376,train
14377,g_14377,validation
14378,g_14378,train
14379,g_14379,train
14380,g_14380,train
14381,g_14381,train
14382,g_14382,test
14383,g_14383,train
14384,g_14384,train
14385,g_14385,train
14386,g_14349,train
14387,g_14387,train
14388,g_14388,train
14389,g_14389,test
14390,g_14390,train
14391,g_14391,train
14392,g_14392,train
14393,g_14393,train
14394,g_14394,train
14395,g_14395,train
14396,g_14396,train
14397,g_14397,train
14398,g_14398,train
14399,g_14399,train
14400,g_14400,train
14401,g_14401,validation
14402,g_14402,train
14403,g_14403,train
14404,g_14404,train
14405,g_14405,train
14406,g_14406,train
14407,g_14407,train
14408,g_14408,train
14409,g_14409,train
14410,g_14410,train
14411,g_14411,train
14412,g_14412,train
14413,g_14413,train
14414,g_14414,train
14415,g_14415,test
14417,g_14417,train
14418,g_14398,train
14419,g_14419,train
14420,g_14420,train
14421,g_14421,test
14422,g_14422,train
14423,g_14404,train
14424,g_14424,train
14425,g_14425,validation
14426,g_14426,train
14427,g_14427,train
14428,g_14428,train
14429,g_14429,train
14430,g_14430,train
14431,g_14431,validation
14432,g_14432,train
14433,g_14433,train
14434,g_14434,train
14435,g_14435,train
14436,g_14436,train
14437,g_14415,test
14438,g_14438,train
14439,g_14439,train
14440,g_14440,train
14441,g_14441,test
14442,g_14442,train
14443,g_14443,train
14444,g_14444,train
14445,g_14445,train
14446,g_14446,train
14447,g_14447,train
14448,g_14448,train
14449,g_14449,train
14450,g_14450,train
14451,g_14451,train
14452,g_14452,train
14453,g_14453,train
14454,g_14454,train
14455,g_14455,train
14456,g_14456,validation
14457,g_14457,train
14458,g_14458,train
14459,g_14459,train
14460,g_14460,train
14461,g_14461,train
14462,g_14462,train
14463,g_14463,train
14464,g_14464,validation
14465,g_14465,train
14466,g_14466,train
14467,g_14467,train
14468,g_14468,train
14469,g_14469,test
14470,g_14470,train
14471,g_14471,test
14472,g_14472,train
14473,g_14473,train
14474,g_14474,validation
14475,g_14475,train
14476,g_14476,train
14477,g_14477,validation
14478,g_13414,train
14479,g_13672,train
14480,g_14480,train
14481,g_14481,train
14482,g_14482,train
14483,g_14483,train
14484,g_14484,train
14485,g_14485,train
14486,g_14486,test
14487,g_14487,train
14488,g_14488,train
14489,g_14489,test
14490,g_14490,train
14491,g_14491,train
14492,g_14492,train
14493,g_14493,train
14494,g_14494,train
14495,g_14495,train
14496,g_14496,validation
14497,g_14497,train
14498,g_14498,train
14499,g_14499,validation
14500,g_14500,train
14501,g_13539,test
14502,g_14502,validation
14503,g_14503,test
14504,g_14504,validation
14505,g_14505,train
14506,g_14506,train
14507,g_14507,train
14508,g_14508,train
14509,g_14509,train
14510,g_14510,validation
14511,g_14511,train
14512,g_14512,train
14513,g_14513,test
14514,g_14514,train
14515,g_14515,train
14516,g_14516,train
14517,g_14517,train
14518,g_14518,train
14519,g_14519,train
14520,g_14520,train
14521,g_14521,train
14522,g_14522,train
14523,g_14523,train
14524,g_14524,test
14525,g_14525,train
14526,g_14526,train
14527,g_14527,train
14528,g_14528,train
14529,g_14529,train
14530,g_14530,train
14531,g_14531,train
14532,g_14532,train
14533,g_14533,train
14534,g_14534,train
14537,g_14475,train
14538,g_14538,validation
14539,g_14539,train
14540,g_14540,train
14541,g_14541,train
14542,g_14542,validation
14543,g_14543,train
14544,g_14544,train
14545,g_14545,train
14546,g_14516,train
14548,g_14548,train
14549,g_14519,train
14550,g_13239,train
14551,g_14551,train
14552,g_14552,train
14553,g_14553,train
14554,g_14522,train
14555,g_14523,train
14556,g_14556,train
14557,g_14557,train
14558,g_14558,train
14559,g_14559,train
14560,g_14560,train
14561,g_14561,train
14562,g_14562,train
14563,g_14563,train
14564,g_14564,train
14565,g_14565,train
14566,g_14566,test
14567,g_14567,test
14568,g_14568,validation
14569,g_14569,train
14570,g_14570,train
14571,g_14571,train
14572,g_14572,train
14573,g_14573,train
14574,g_14574,train
14575,g_14575,train
14576,g_14576,train
14577,g_14577,train
14578,g_14578,train
14579,g_14579,train
14580,g_14580,train
14581,g_14581,train
14582,g_14582,train
14583,g_14583,train
14584,g_14584,train
14585,g_14585,train
14586,g_14586,train
14587,g_14587,train
14588,g_14588,train
14589,g_14589,train
14590,g_14590,validation
14591,g_14591,train
14592,g_14592,train
14593,g_14593,train
14594,g_14594,validation
14595,g_14595,train
14596,g_14596,train
14597,g_14597,train
14598,g_14598,train
14599,g_14599,train
14600,g_14600,train
14601,g_14601,train
14602,g_14602,train
14603,g_14603,train
14604,g_14604,train
14605,g_14605,validation
14606,g_14606,train
14607,g_14607,validation
14608,g_14608,train
14609,g_14609,train
14610,g_14610,train
14611,g_14611,test
14612,g_14612,train
14613,g_14613,train
14614,g_14614,train
14615,g_14615,train
14616,g_14616,test
14617,g_14617,train
14618,g_14618,train
14619,g_14619,train
14620,g_14620,test
14621,g_14621,validation
14622,g_14622,validation
14623,g_14623,train
14624,g_14624,validation
14625,g_13614,train
14626,g_14626,validation
14627,g_14627,train
14629,g_14629,train
14630,g_14630,test
14631,g_14631,train
14632,g_14632,train
14633,g_14633,train
14634,g_14634,train
14635,g_14635,train
14636,g_14636,test
14637,g_14637,train
14638,g_14638,train
14639,g_14639,train
14640,g_14640,train
14641,g_14641,test
14642,g_14642,train
14643,g_14643,train
14644,g_14644,train
14645,g_14644,train
14646,g_14646,train
14647,g_14647,train
14648,g_14648,train
14649,g_14649,train
14650,g_14650,train
14651,g_14651,train
14652,g_14652,train
14653,g_14653,test
14654,g_14654,train
14655,g_14655,test
14656,g_14656,train
14657,g_14657,train
14658,g_14658,train
14659,g_14659,train
14660,g_14660,test
14661,g_14661,train
14662,g_14662,train
14663,g_14663,train
14664,g_14664,test
14665,g_14665,train
14666,g_14666,train
14667,g_14667,validation
14668,g_14668,train
14669,g_14669,train
14670,g_14670,validation
14671,g_14671,train
14672,g_14672,train
14673,g_14673,train
14674,g_14674,train
14675,g_14675,validation
14676,g_14676,train
14677,g_14677,train
14678,g_14678,train
14679,g_14679,train
14680,g_14680,train
14681,g_14681,train
14682,g_14682,test
14683,g_14683,train
14684,g_14684,train
14685,g_14685,train
14686,g_14686,train
14687,g_14687,train
14688,g_14688,train
14689,g_14689,train
14690,g_14690,train
14691,g_14691,train
14692,g_14692,train
14693,g_14693,train
14694,g_14694,train
14695,g_14695,train
14696,g_14696,validation
14697,g_14697,train
14698,g_14698,train
14699,g_14499,validation
14700,g_14700,train
14701,g_14701,validation
14702,g_14702,train
14703,g_14703,train
14704,g_14704,train
14705,g_14705,train
14706,g_14706,validation
14707,g_14707,train
14708,g_14708,train
14709,g_14709,train
14710,g_14710,train
14711,g_14711,validation
14712,g_14712,train
14713,g_14713,train
14714,g_14714,train
14715,g_14715,train
14716,g_14716,validation
14717,g_14717,train
14718,g_14718,train
14719,g_14719,train
14720,g_14720,train
14721,g_14721,train
14722,g_14722,train
14723,g_14723,train
14724,g_14724,train
14725,g_14725,train
14726,g_14726,train
14727,g_14727,train
14728,g_14728,test
14729,g_14729,train
14730,g_14730,train
14731,g_14731,train
14732,g_14732,train
14733,g_14733,train
14734,g_14734,train
14735,g_14735,train
14736,g_14736,train
14737,g_14737,train
14738,g_14738,train
14739,g_14739,train
14740,g_14740,test
14741,g_14741,train
14742,g_14742,train
14743,g_14743,validation
14744,g_14744,validation
14745,g_14745,validation
14746,g_14746,train
14747,g_14747,validation
14748,g_14748,train
14749,g_14749,train
14750,g_14750,train
14751,g_14751,train
14752,g_14752,train
14753,g_14753,train
14754,g_14754,train
14755,g_14755,train
14756,g_14756,test
14757,g_14757,train
14758,g_14758,train
14759,g_14759,train
14760,g_14760,train
14761,g_14761,train
14764,g_14764,train
14765,g_14765,test
14766,g_14766,train
14767,g_14767,train
14768,g_14768,train
14769,g_14769,train
14770,g_14770,train
14771,g_14771,train
14772,g_14772,train
14773,g_14773,train
14774,g_14774,train
14775,g_14703,train
14777,g_14705,train
14779,g_14779,train
14780,g_14780,test
14781,g_14781,train
14782,g_14782,train
14783,g_14783,train
14784,g_14784,train
14785,g_14785,train
14786,g_14786,train
14787,g_14787,train
14788,g_14788,test
14789,g_14789,validation
14790,g_14790,train
14791,g_14791,train
14792,g_14792,train
14793,g_14793,train
14794,g_14794,test
14795,g_14795,train
14796,g_14796,train
14797,g_14797,validation
14798,g_14798,train
14799,g_14799,train
14800,g_14800,train
14801,g_14801,train
14802,g_14802,train
14803,g_14803,train
14804,g_14804,validation
14805,g_14805,train
14806,g_14806,train
14807,g_14807,train
14808,g_14808,train
14809,g_14809,train
14810,g_14810,train
14811,g_14811,train
14812,g_14812,train
14813,g_14813,train
14814,g_14789,validation
14815,g_14815,train
14816,g_14328,validation
14817,g_14817,train
14818,g_14818,test
14819,g_14819,train
14820,g_14796,train
14821,g_14821,train
14822,g_14822,train
14823,g_14823,train
14824,g_14824,train
14825,g_14825,train
14826,g_14826,train
14827,g_14827,train
14828,g_14828,train
14829,g_14829,train
14830,g_14830,train
14831,g_14831,train
14832,g_14796,train
14833,g_14833,train
14834,g_14834,train
14835,g_14835,test
14836,g_14836,train
14837,g_14837,train
14838,g_14838,train
14839,g_14839,train
14840,g_14840,train
14841,g_14841,test
14842,g_14842,train
14843,g_14843,train
14844,g_14844,train
14845,g_14845,train
14846,g_14846,train
14847,g_14847,train
14848,g_14848,train
14849,g_14849,train
14850,g_14850,train
14851,g_14851,train
14852,g_14852,train
14853,g_14853,train
14854,g_14854,train
14855,g_14855,test
14856,g_14856,test
14857,g_14857,train
14858,g_14858,train
14859,g_14859,train
14860,g_14850,train
14861,g_14328,validation
14862,g_14862,train
14863,g_14863,train
14864,g_14864,train
14865,g_14865,train
14866,g_14866,validation
14867,g_14867,train
14868,g_14868,validation
14869,g_14869,train
14870,g_14870,test
14871,g_14871,train
14872,g_14872,train
14873,g_14873,validation
14874,g_14874,train
14875,g_14875,train
14876,g_14876,train
14877,g_14877,train
14878,g_14878,train
14879,g_14879,validation
14880,g_14880,train
14881,g_14881,test
14882,g_14882,train
14883,g_14883,validation
14884,g_14884,test
14885,g_14885,train
14886,g_14886,train
14887,g_14887,validation
14888,g_14888,validation
14889,g_14889,train
14890,g_14890,train
14891,g_14891,train
14892,g_14892,train
14893,g_14893,train
14894,g_14894,train
14895,g_14895,train
14896,g_14896,train
14897,g_14897,train
14898,g_14898,validation
14899,g_14899,test
14900,g_14900,train
14901,g_14901,train
14902,g_14902,validation
14903,g_14903,train
14904,g_14904,train
14905,g_14905,train
14906,g_14906,validation
14907,g_14907,validation
14908,g_14908,train
14909,g_14909,train
14910,g_14910,train
14911,g_14911,test
14912,g_14912,train
14913,g_14913,train
14914,g_14914,train
14915,g_14915,test
14916,g_14916,train
14917,g_14917,train
14918,g_14918,train
14919,g_14919,train
14920,g_14920,train
14921,g_14921,train
14922,g_14922,train
14923,g_14923,train
14924,g_14924,train
14925,g_14925,train
14926,g_14926,train
14927,g_14927,train
14928,g_14928,train
14929,g_14929,train
14930,g_14930,train
14931,g_14931,train
14932,g_14932,train
14933,g_14933,train
14934,g_14934,train
14935,g_14935,test
14936,g_14936,train
14937,g_14937,train
14938,g_14938,train
14939,g_14939,train
14940,g_14940,train
14941,g_14941,train
14942,g_14942,validation
14943,g_14943,train
14944,g_14944,train
14945,g_14945,test
14946,g_14946,test
14947,g_14947,train
14948,g_14948,train
14949,g_14949,train
14950,g_14950,train
14951,g_14951,train
14952,g_14952,train
14953,g_14953,train
14954,g_14954,train
14955,g_14955,train
14956,g_14956,train
14957,g_14957,train
14958,g_14958,train
14959,g_14959,train
14960,g_14960,train
14961,g_14961,train
14962,g_14962,validation
14963,g_14963,train
14964,g_14964,train
14965,g_14965,train
14966,g_14966,train
14967,g_14967,train
14968,g_14968,train
14969,g_14969,train
14970,g_14970,test
14971,g_14971,train
14972,g_14972,train
14973,g_14973,train
14974,g_14974,train
14975,g_14975,validation
14976,g_14976,train
14977,g_14977,validation
14978,g_14978,train
14979,g_14979,train
14980,g_14980,train
14981,g_14981,train
14982,g_14982,train
14983,g_14983,train
14984,g_14984,train
14985,g_14985,train
14986,g_14986,train
14987,g_14987,train
14988,g_14988,train
14989,g_14989,train
14990,g_14990,train
14991,g_14991,train
14992,g_14992,train
14993,g_14993,train
14994,g_14994,train
14995,g_14995,train
14996,g_14996,train
14997,g_14997,train
14998,g_14998,train
14999,g_14999,train
15000,g_15000,train
15001,g_15001,train
15002,g_15002,train
15003,g_15003,train
15004,g_15004,test
15005,g_15005,train
15006,g_15006,train
15007,g_15007,train
15008,g_15008,train
15009,g_15009,train
15010,g_15010,train
15011,g_15011,train
15012,g_15012,train
15013,g_15013,train
15014,g_15014,train
15015,g_15015,test
15016,g_15016,train
15017,g_15017,train
15018,g_15018,train
15019,g_15019,test
15020,g_15020,train
15021,g_15021,train
15022,g_15022,train
15023,g_15023,validation
15024,g_15024,test
15025,g_15025,train
15026,g_15026,validation
15027,g_15027,test
15028,g_15028,train
15029,g_15029,train
15030,g_15030,test
15031,g_5110,validation
15032,g_15032,test
15033,g_15033,train
15034,g_15034,train
15035,g_15035,train
15036,g_15036,train
15037,g_15037,train
15038,g_15038,train
15039,g_15039,train
15040,g_15040,train
15041,g_15041,train
15042,g_15042,train
15043,g_15043,train
15044,g_15044,train
15045,g_15045,train
15046,g_15046,train
15047,g_15047,train
15048,g_15048,train
15049,g_15049,train
15050,g_15050,train
15051,g_15051,train
15052,g_15052,train
15053,g_15053,train
15054,g_15054,train
15055,g_15055,train
15056,g_15056,train
15057,g_15057,train
15058,g_15058,train
15059,g_15059,train
15060,g_15060,validation
15061,g_15061,train
15062,g_15062,train
15063,g_15063,train
15064,g_15064,train
15065,g_15065,train
15066,g_15066,validation
15067,g_15067,train
15068,g_15068,train
15069,g_15069,train
15070,g_15070,train
15071,g_15071,train
15072,g_15072,train
15073,g_15073,train
15074,g_15074,train
15075,g_15075,train
15076,g_15076,train
15077,g_15077,train
15078,g_15078,train
15079,g_15079,train
15080,g_15080,train
15081,g_15081,test
15082,g_15082,train
15083,g_15083,train
15084,g_15084,train
15085,g_15085,train
15086,g_15086,train
15087,g_15087,train
15088,g_15088,train
15089,g_15089,train
15090,g_15090,validation
15091,g_15091,train
15092,g_15092,train
15093,g_15093,train
15094,g_15094,train
15095,g_15095,train
15096,g_15096,train
15097,g_15097,train
15098,g_15098,train
15099,g_249,train
15100,g_15100,train
15101,g_15101,test
15102,g_15102,train
15103,g_15103,train
15104,g_15104,train
15105,g_15105,validation
15106,g_15106,train
15107,g_15107,test
15108,g_15108,train
15109,g_15109,train
15110,g_15110,test
15111,g_15111,train
15112,g_15112,train
15113,g_15113,test
15114,g_15114,train
15115,g_15115,train
15116,g_15116,train
15117,g_15117,train
15118,g_15118,train
15119,g_15119,test
15120,g_15120,test
15121,g_15121,validation
15122,g_15122,train
15123,g_15123,train
15124,g_15124,train
15125,g_15125,train
15126,g_15126,validation
15127,g_15127,train
15128,g_15128,train
15129,g_15129,train
15130,g_15130,train
15131,g_15131,train
15132,g_15132,train
15133,g_15133,validation
15134,g_15134,train
15135,g_15135,train
15136,g_15136,train
15137,g_15137,train
15138,g_15138,train
15139,g_15139,test
15140,g_15140,train
15141,g_15141,train
15142,g_15142,train
15143,g_15143,validation
15144,g_15144,train
15145,g_15145,train
15146,g_15146,train
15147,g_15147,validation
15148,g_15148,train
15149,g_15149,test
15150,g_15150,train
15151,g_15151,test
15152,g_15152,train
15153,g_15153,train
15154,g_15154,train
15155,g_15155,train
15156,g_15156,train
15157,g_15157,train
15158,g_15158,train
15159,g_15159,train
15160,g_15160,train
15161,g_15161,test
15162,g_15162,train
15163,g_15163,train
15164,g_15164,train
15165,g_15165,validation
15166,g_15166,train
15167,g_15167,train
15168,g_15168,train
15169,g_15169,train
15170,g_15170,train
15171,g_15171,test
15172,g_15172,train
15173,g_15173,test
15174,g_15174,train
15175,g_15175,train
15176,g_15176,train
15177,g_15177,train
15178,g_15178,train
15179,g_15179,train
15180,g_15180,train
15181,g_15181,train
15182,g_15182,train
15183,g_15183,train
15184,g_15184,train
15185,g_15185,train
15186,g_15186,train
15187,g_15187,test
15188,g_15188,train
15189,g_15189,train
15190,g_15190,train
15191,g_15191,train
15192,g_15192,train
15193,g_15193,train
15194,g_15194,train
15195,g_15195,train
15196,g_15196,train
15197,g_15197,train
15198,g_15198,train
15199,g_15199,train
15200,g_15200,train
15201,g_15201,train
15202,g_15202,train
15203,g_15203,test
15204,g_15204,train
15205,g_15205,train
15206,g_15206,train
15207,g_15207,train
15208,g_15208,train
15209,g_15209,train
15210,g_15210,train
15211,g_15211,train
15212,g_15212,train
15213,g_15213,train
15214,g_15214,train
15215,g_15215,train
15216,g_15216,train
15217,g_15217,train
15218,g_15218,train
15219,g_15219,train
15220,g_15220,validation
15221,g_15221,validation
15222,g_15222,train
15223,g_15223,train
15224,g_15224,train
15225,g_15225,validation
15226,g_15226,train
15227,g_15227,train
15228,g_15228,train
15229,g_15229,train
15230,g_15230,train
15231,g_15231,train
15232,g_15232,train
15233,g_15233,train
15234,g_15234,train
15235,g_15235,train
15236,g_15236,train
15237,g_15237,train
15238,g_15238,validation
15239,g_15239,train
15240,g_15240,train
15241,g_15241,train
15242,g_15242,train
15243,g_15243,test
15244,g_15244,train
15245,g_15245,train
15246,g_15246,train
15247,g_15247,train
15248,g_15248,validation
15249,g_15249,train
15250,g_15250,train
15251,g_15251,train
15252,g_15252,train
15253,g_15253,train
15254,g_15254,train
15255,g_15255,train
15256,g_15256,train
15257,g_15257,train
15258,g_15258,train
15259,g_15259,train
15260,g_15260,train
15261,g_15261,test
15262,g_15262,validation
15263,g_15263,validation
15264,g_15264,train
15265,g_15265,train
15266,g_15266,train
15267,g_15267,train
15268,g_15268,train
15269,g_15269,train
15270,g_15270,train
15271,g_15271,train
15272,g_15272,validation
15273,g_15273,train
15274,g_15274,train
15275,g_15275,train
15276,g_15276,train
15277,g_15277,train
15278,g_15278,train
15279,g_15279,train
15280,g_15280,test
15281,g_15281,train
15282,g_15282,test
15283,g_15283,train
15284,g_15284,train
15285,g_15285,train
15286,g_15286,train
15287,g_15287,test
15288,g_15288,train
15289,g_15289,test
15290,g_15290,train
15291,g_15291,validation
15292,g_15292,validation
15293,g_15293,train
15294,g_15294,train
15295,g_15295,train
15296,g_15296,train
15297,g_15297,train
15298,g_15298,train
15299,g_15299,train
15300,g_15300,train
15301,g_15301,train
15302,g_15302,train
15303,g_15303,test
15304,g_15304,train
15305,g_15305,train
15306,g_15306,train
15307,g_15307,train
15308,g_15308,train
15309,g_15309,train
15310,g_15310,test
15311,g_15311,test
15312,g_15312,validation
15313,g_15313,train
15314,g_15314,train
15315,g_15315,train
15316,g_15316,train
15317,g_15317,validation
15318,g_15318,train
15319,g_15319,train
15320,g_15320,train
15321,g_15321,train
15322,g_15322,train
15323,g_15323,train
15324,g_15324,train
15325,g_15325,train
15326,g_15326,train
15327,g_15327,validation
15328,g_15328,train
15329,g_15329,train
15330,g_15330,validation
15331,g_15331,train
15332,g_15332,train
15333,g_15333,test
15334,g_15334,train
15335,g_15335,test
15336,g_15336,test
15337,g_15337,train
15338,g_15338,train
15339,g_15339,train
15340,g_15340,train
15341,g_15341,train
15342,g_15342,test
15343,g_15343,train
15344,g_15344,train
15345,g_15345,train
15346,g_15346,train
15347,g_15347,test
15348,g_15348,test
15349,g_15349,train
15350,g_15350,train
15351,g_15351,train
15352,g_15352,train
15353,g_15353,train
15354,g_15354,train
15355,g_15355,train
15356,g_15356,train
15357,g_15357,validation
15358,g_15358,test
15359,g_15359,train
15360,g_15360,train
15361,g_15361,train
15362,g_15362,train
15363,g_15363,test
15364,g_15364,train
15365,g_15365,test
15366,g_15366,validation
15367,g_15367,train
15368,g_15368,train
15369,g_15369,train
15370,g_15370,train
15371,g_15371,train
15372,g_15372,validation
15373,g_15373,train
15374,g_15374,train
15375,g_15375,train
15376,g_15376,train
15377,g_15377,train
15378,g_15378,train
15379,g_15379,train
15380,g_15380,train
15381,g_15381,train
15382,g_15382,train
15383,g_15383,train
15384,g_15384,train
15385,g_15385,test
15386,g_15386,train
15387,g_15387,test
15388,g_15388,test
15389,g_15389,train
15390,g_15390,train
15391,g_15391,test
15392,g_15392,test
15393,g_15393,train
15394,g_15394,train
15395,g_15395,train
15396,g_15396,train
15397,g_15397,train
15398,g_15398,train
15399,g_15399,train
15400,g_15400,train
15401,g_15401,train
15402,g_15402,test
15403,g_15403,test
15404,g_15404,train
15405,g_15405,train
15406,g_15406,train
15407,g_15407,train
15408,g_15408,train
15409,g_15409,train
15410,g_15410,test
15411,g_15411,train
15412,g_15412,train
15413,g_15413,train
15414,g_15414,validation
15415,g_15415,train
15416,g_15416,train
15417,g_15417,train
15418,g_15418,train
15419,g_15419,train
15420,g_15420,train
15421,g_15421,train
15422,g_15422,validation
15423,g_15423,train
15424,g_15424,train
15425,g_15425,train
15426,g_15426,train
15427,g_15427,train
15428,g_15428,train
15429,g_15429,train
15430,g_15430,train
15431,g_15431,train
15432,g_15432,test
15433,g_15433,train
15434,g_15434,train
15435,g_15435,train
15436,g_15436,train
15437,g_15437,train
15438,g_15438,train
15439,g_15439,train
15440,g_15440,train
15441,g_15441,train
15442,g_15442,test
15443,g_15443,validation
15444,g_15444,train
15445,g_15445,train
15446,g_15446,validation
15447,g_15447,train
15448,g_15448,train
15449,g_15449,train
15450,g_15450,train
15451,g_15451,train
15452,g_15452,test
15453,g_15453,test
15454,g_15454,train
15455,g_15455,train
15456,g_15456,train
15457,g_15457,train
15458,g_15458,validation
15459,g_15459,train
15460,g_15460,train
15461,g_15461,validation
15462,g_15462,train
15463,g_15463,train
15464,g_15464,train
15465,g_15465,train
15466,g_15466,train
15467,g_15467,train
15468,g_15468,train
15469,g_15469,train
15470,g_15470,train
15471,g_15471,train
15472,g_15472,train
15473,g_15473,train
15474,g_15474,test
15475,g_15475,train
15476,g_15476,train
15477,g_15477,train
15478,g_15478,train
15479,g_15479,test
15480,g_15480,train
15481,g_15481,train
15482,g_15482,train
15483,g_15483,train
15484,g_15484,train
15485,g_15485,test
15486,g_15486,validation
15487,g_15487,train
15488,g_15488,train
15489,g_15489,train
15490,g_15490,train
15491,g_15491,train
15492,g_15492,train
15493,g_15493,train
15494,g_15494,validation
15495,g_15495,train
15496,g_15496,train
15497,g_15497,train
15498,g_15498,train
15499,g_15499,validation
15500,g_15500,validation
15501,g_15501,test
15502,g_15502,train
15503,g_15503,train
15504,g_15504,train
15505,g_15505,train
15506,g_15506,train
15507,g_15507,train
15508,g_15508,train
15509,g_15509,train
15510,g_15510,test
15511,g_15511,train
15512,g_15512,train
15513,g_15513,train
15514,g_15514,train
15515,g_15515,train
15516,g_15516,train
15517,g_15517,train
15518,g_15518,train
15519,g_15519,train
15520,g_15520,train
15521,g_15521,train
15522,g_15522,train
15523,g_15523,train
15524,g_15524,train
15525,g_15525,train
15526,g_15526,train
15527,g_15527,train
15528,g_15528,test
15529,g_15529,train
15530,g_15530,train
15531,g_15531,train
15532,g_15532,train
15533,g_15533,train
15534,g_15534,validation
15535,g_15535,validation
15536,g_15536,train
15537,g_15537,validation
15538,g_15538,test
15539,g_15539,train
15540,g_15540,test
15541,g_15541,train
15542,g_15542,train
15543,g_15543,train
15544,g_15544,train
15545,g_15545,train
15546,g_15546,train
15547,g_15547,train
15548,g_15548,train
15549,g_15549,train
15550,g_15550,train
15551,g_15551,train
15552,g_15552,train
15553,g_15553,train
15554,g_15554,test
15555,g_15555,validation
15556,g_15556,train
15557,g_15557,train
15558,g_15558,train
15559,g_15559,train
15560,g_15560,train
15561,g_15561,test
15562,g_15562,train
15563,g_15563,train
15564,g_15564,train
15565,g_15565,train
15566,g_15566,validation
15567,g_15567,train
15568,g_15568,train
15569,g_15569,train
15570,g_15570,train
15571,g_15571,train
15572,g_15572,train
15573,g_15573,train
15574,g_15574,validation
15575,g_15575,train
15576,g_15576,train
15577,g_15577,test
15578,g_15578,train
15579,g_15579,train
15580,g_15580,test
15581,g_15581,validation
15582,g_15582,train
15583,g_15583,train
15584,g_15584,train
15585,g_15585,train
15586,g_15586,train
15587,g_15587,train
15588,g_15588,test
15589,g_15589,train
15590,g_15590,train
15591,g_15591,train
15592,g_15592,train
15593,g_15593,train
15594,g_15594,train
15595,g_15595,train
15596,g_15596,validation
15597,g_15597,test
15598,g_15598,train
15599,g_15599,validation
15600,g_15600,train
15601,g_15601,test
15602,g_15602,train
15603,g_15603,train
15604,g_15604,train
15605,g_15605,train
15606,g_15606,train
15607,g_15607,train
15608,g_15608,train
15609,g_15609,train
15610,g_15610,train
15611,g_15611,train
15612,g_15612,train
15613,g_15613,train
15614,g_15614,train
15615,g_15615,validation
15616,g_15616,train
15617,g_15617,train
15618,g_15618,train
15619,g_15619,train
15620,g_15620,train
15621,g_15621,train
15622,g_15622,train
15623,g_15623,train
15624,g_15624,train
15625,g_15625,validation
15626,g_15626,train
15627,g_15627,train
15628,g_15628,train
15629,g_15629,validation
15630,g_15630,train
15631,g_15631,validation
15632,g_15632,validation
15633,g_15633,validation
15634,g_15634,train
15635,g_15635,train
15636,g_15636,train
15637,g_15637,train
15638,g_15638,validation
15639,g_15639,train
15640,g_15640,train
15641,g_15641,train
15642,g_15642,train
15643,g_15643,train
15644,g_15644,validation
15645,g_15645,test
15646,g_15646,train
15647,g_15647,validation
15648,g_15648,train
15649,g_15649,train
15650,g_15650,train
15651,g_15651,train
15652,g_15652,test
15653,g_15653,validation
15654,g_15654,validation
15655,g_15655,train
15656,g_15656,train
15657,g_15657,train
15658,g_15658,train
15659,g_15659,train
15660,g_15660,train
15661,g_15077,train
15662,g_15662,train
15663,g_15663,train
15664,g_15664,test
15665,g_15665,train
15666,g_15666,train
15667,g_15667,test
15668,g_15668,train
15669,g_15669,train
15670,g_15670,train
15671,g_15671,train
15672,g_15672,train
15673,g_15673,test
15674,g_15674,train
15675,g_15675,train
15676,g_15676,train
15677,g_15677,train
15678,g_15678,train
15679,g_15679,train
15680,g_15680,train
15681,g_15681,train
15682,g_15682,train
15683,g_15683,train
15684,g_15684,train
15685,g_15685,train
15686,g_15686,test
15687,g_15687,test
15688,g_15688,test
15689,g_15689,test
15690,g_15690,train
15691,g_15691,train
15692,g_15692,train
15693,g_15693,train
15694,g_15694,train
15695,g_15695,train
15696,g_15696,train
15697,g_15697,train
15698,g_15698,train
15699,g_15699,train
15700,g_15700,train
15701,g_15701,train
15702,g_15702,validation
15703,g_15703,train
15704,g_15704,test
15705,g_15705,train
15706,g_15706,train
15707,g_15707,train
15708,g_15708,train
15709,g_15709,train
15710,g_15710,test
15711,g_15711,train
15712,g_15712,validation
15713,g_15713,train
15714,g_15714,validation
15715,g_15715,train
15716,g_15716,train
15717,g_15717,train
15718,g_15718,train
15719,g_15719,train
15720,g_15720,train
15721,g_15721,test
15722,g_15722,test
15723,g_15723,train
15724,g_15724,train
15725,g_15725,train
15726,g_15726,train
15727,g_15727,test
15728,g_15728,train
15729,g_15729,test
15730,g_5325,validation
15731,g_15731,train
15732,g_15732,train
15733,g_15733,train
15734,g_15734,train
15735,g_15735,train
15736,g_15736,train
15737,g_15737,train
15738,g_15738,train
15739,g_15739,train
15740,g_15740,train
15741,g_15741,test
15742,g_15742,train
15743,g_15743,train
15744,g_15744,train
15745,g_15745,train
15746,g_15746,test
15747,g_15747,train
15748,g_15748,train
15749,g_15749,train
15750,g_15750,train
15751,g_15751,train
15752,g_15752,validation
15753,g_15753,train
15754,g_15754,train
15755,g_15755,train
15756,g_15756,train
15757,g_15757,train
15758,g_15758,validation
15759,g_15759,train
15760,g_15760,validation
15761,g_15761,train
15762,g_15762,train
15763,g_15763,train
15764,g_15764,train
15765,g_15765,train
15766,g_15766,train
15767,g_15767,train
15768,g_15768,train
15769,g_15769,train
15770,g_15770,train
15771,g_15771,train
15772,g_15772,validation
15773,g_15773,train
15774,g_15774,train
15775,g_15775,validation
15776,g_15776,test
15777,g_15777,train
15778,g_15778,train
15779,g_15779,train
15780,g_15780,test
15781,g_15781,test
15782,g_15782,train
15783,g_15783,train
15784,g_15784,train
15785,g_15785,train
15786,g_15786,train
15787,g_15787,train
15788,g_15788,train
15789,g_15789,train
15790,g_15790,validation
15791,g_15791,train
15792,g_15792,test
15793,g_15793,train
15794,g_15794,test
15795,g_15795,train
15796,g_15796,train
15797,g_15797,test
15798,g_15798,train
15799,g_15799,train
15800,g_15800,train
15801,g_15801,train
15802,g_15802,test
15803,g_15803,train
15804,g_15804,train
15805,g_15805,validation
15806,g_15806,train
15807,g_15807,train
15808,g_15808,train
15809,g_15809,train
15810,g_15810,train
15811,g_15811,train
15812,g_15812,train
15813,g_15813,train
15814,g_15814,train
15815,g_15815,train
15816,g_15816,train
15817,g_15817,train
15818,g_15818,validation
15819,g_15819,train
15820,g_15820,train
15821,g_15821,train
15822,g_15822,train
15823,g_15823,train
15824,g_15824,train
15825,g_15825,train
15826,g_15826,train
15827,g_15827,train
15828,g_15828,test
15829,g_15829,train
15830,g_15830,train
15831,g_15831,test
15832,g_15832,train
15833,g_15833,train
15834,g_15834,train
15835,g_15835,train
15836,g_15836,validation
15837,g_15837,train
15838,g_15838,train
15839,g_15839,validation
15840,g_15840,train
15841,g_15841,train
15842,g_15842,train
15843,g_15843,train
15844,g_15844,train
15845,g_15845,train
15846,g_15846,train
15847,g_15847,train
15848,g_15848,train
15849,g_15849,train
15850,g_15850,train
15851,g_15851,validation
15852,g_15852,train
15853,g_15853,train
15854,g_15854,train
15855,g_15855,train
15856,g_15856,train
15857,g_15857,train
15858,g_15858,train
15859,g_15859,train
15860,g_15860,train
15861,g_15861,train
15862,g_15862,train
15863,g_15863,train
15864,g_15864,train
15865,g_15865,train
15866,g_15866,train
15867,g_15867,train
15868,g_15868,test
15869,g_15869,train
15870,g_15870,train
15871,g_15871,validation
15872,g_15872,train
15873,g_15873,train
15874,g_15874,train
15875,g_15875,train
15876,g_15876,test
15877,g_15877,train
15878,g_15878,train
15879,g_15879,train
15880,g_15880,train
15881,g_15881,test
15882,g_15882,validation
15883,g_15883,train
15884,g_15884,test
15885,g_15885,train
15886,g_15886,train
15887,g_15887,train
15888,g_15888,test
15889,g_15889,test
15890,g_15890,train
15891,g_15891,train
15892,g_15892,train
15893,g_15893,validation
15894,g_15894,test
15895,g_15895,train
15896,g_15896,train
15897,g_15897,train
15898,g_15898,train
15899,g_15899,train
15900,g_15900,train
15901,g_15901,train
15902,g_15902,train
15903,g_15903,train
15904,g_15904,train
15905,g_15905,train
15906,g_15906,test
15907,g_15907,train
15908,g_15908,train
15909,g_15909,train
15910,g_15910,train
15911,g_15911,train
15912,g_15912,validation
15913,g_15913,train
15914,g_15914,train
15915,g_15915,validation
15916,g_15916,train
15917,g_15917,train
15918,g_15918,train
15919,g_15919,validation
15920,g_15920,train
15921,g_15921,train
15922,g_15922,train
15923,g_15923,validation
15924,g_15924,test
15925,g_15925,test
15926,g_15926,train
15927,g_15927,train
15928,g_15928,train
15929,g_15929,train
15930,g_15930,train
15931,g_15931,train
15932,g_15932,validation
15933,g_15933,validation
15934,g_15934,train
15935,g_15935,test
15936,g_15936,train
15937,g_15937,train
15938,g_15938,train
15939,g_15939,train
15940,g_15940,train
15941,g_15941,train
15942,g_15942,train
15943,g_15943,test
15944,g_15944,train
15945,g_15945,train
15946,g_15946,test
15947,g_15947,train
15948,g_15948,train
15949,g_15949,train
15950,g_15950,test
15951,g_15951,validation
15952,g_15952,train
15953,g_15953,test
15954,g_15954,train
15955,g_15955,test
15956,g_15937,train
15957,g_15957,train
15958,g_15958,validation
15959,g_15959,test
15960,g_15960,train
15961,g_15961,train
15962,g_15962,train
15963,g_15963,train
15964,g_15964,train
15965,g_15965,train
15966,g_15966,train
15967,g_15967,train
15968,g_15968,train
15969,g_15965,train
15970,g_15970,train
15971,g_15971,train
15972,g_15972,train
15973,g_15973,train
15974,g_15974,train
15975,g_15975,train
15976,g_15976,test
15977,g_15977,validation
15978,g_15978,test
15979,g_15979,train
15980,g_15980,train
15981,g_15981,train
15982,g_15982,validation
15983,g_15983,train
15984,g_15984,train
15985,g_15985,train
15986,g_15986,train
15987,g_15987,train
15988,g_15988,train
15989,g_15989,train
15990,g_15990,train
15991,g_15991,train
15992,g_15992,test
15993,g_15993,train
15994,g_15994,validation
15995,g_15995,train
15996,g_15996,train
15997,g_15997,train
15998,g_15998,train
15999,g_15999,train
16000,g_16000,train
16001,g_16001,validation
16002,g_16002,test
16003,g_16003,validation
16004,g_16004,train
16005,g_16005,test
16006,g_16006,train
16007,g_16007,train
16008,g_16008,train
16009,g_16009,train
16010,g_16010,train
16011,g_16011,train
16012,g_16012,train
16013,g_16013,train
16014,g_16014,train
16015,g_16015,train
16016,g_16016,train
16017,g_16017,train
16018,g_16018,train
16019,g_16019,train
16020,g_16020,test
16021,g_16021,train
16022,g_16022,train
16023,g_16023,train
16024,g_16024,train
16025,g_16025,validation
16026,g_16026,train
16027,g_16027,train
16028,g_16028,train
16029,g_16029,train
16030,g_16030,train
16031,g_16031,validation
16032,g_16032,train
16033,g_16033,train
16034,g_16034,train
16035,g_16035,test
16036,g_16036,train
16037,g_16037,train
16038,g_16038,validation
16039,g_16039,train
16041,g_16041,test
16043,g_16043,test
16044,g_16044,train
16045,g_16045,test
16046,g_16046,train
16047,g_16047,train
16048,g_16048,train
16049,g_16049,validation
16050,g_16050,validation
16051,g_16051,train
16052,g_16052,train
16053,g_16053,train
16054,g_16054,train
16055,g_16055,test
16056,g_16056,train
16057,g_16057,train
16058,g_16058,train
16059,g_16059,train
16060,g_16060,train
16061,g_16061,train
16062,g_16062,train
16063,g_16063,train
16064,g_16064,train
16065,g_16065,train
16066,g_16066,train
16067,g_16067,train
16068,g_16068,train
16069,g_16069,train
16070,g_16070,train
16071,g_16071,train
16072,g_16072,train
16073,g_16073,train
16074,g_16074,train
16075,g_16075,train
16076,g_16076,train
16077,g_16077,test
16078,g_16078,train
16079,g_16079,train
16080,g_16080,train
16081,g_16081,train
16082,g_16082,train
16083,g_16083,train
16084,g_16084,test
16085,g_16085,train
16086,g_16086,test
16087,g_16087,train
16088,g_16088,train
16089,g_16089,train
16090,g_16090,train
16091,g_16091,train
16092,g_16092,train
16093,g_16093,train
16094,g_16094,validation
16095,g_16095,train
16096,g_16096,train
16097,g_16097,train
16098,g_16098,train
16099,g_16099,validation
16100,g_16100,validation
16101,g_16101,train
16102,g_16102,train
16103,g_16103,train
16104,g_16104,train
16105,g_16105,train
16106,g_16106,train
16107,g_16107,train
16108,g_16108,train
16109,g_16109,train
16110,g_16110,train
16111,g_16111,train
16112,g_16112,train
16113,g_16113,train
16114,g_16114,train
16115,g_16115,train
16116,g_16116,test
16117,g_16117,validation
16118,g_16118,train
16119,g_16119,train
16120,g_16120,train
16121,g_16121,train
16122,g_16122,train
16123,g_16123,train
16124,g_16124,test
16125,g_16125,train
16126,g_16126,train
16127,g_16127,train
16128,g_16128,train
16129,g_16129,test
16130,g_16130,train
16131,g_16131,test
16132,g_16132,train
16133,g_16133,train
16134,g_16134,validation
16135,g_16135,train
16136,g_16136,train
16137,g_16137,train
16138,g_16138,train
16139,g_16139,train
16140,g_16140,test
16141,g_16141,train
16142,g_16142,train
16143,g_16143,train
16144,g_16144,train
16145,g_16145,train
16146,g_16146,train
16147,g_16147,train
16148,g_16148,validation
16149,g_16149,train
16150,g_16150,train
16151,g_16151,train
16152,g_16152,train
16153,g_16153,train
16154,g_16154,train
16155,g_16155,validation
16156,g_16156,train
16157,g_16157,train
16158,g_16158,train
16159,g_16159,train
16160,g_16160,train
16161,g_16161,train
16162,g_16162,train
16163,g_16163,train
16164,g_16164,train
16165,g_16165,test
16166,g_16166,train
16167,g_16167,train
16168,g_16168,train
16169,g_16169,train
16170,g_16170,train
16171,g_16171,validation
16172,g_16172,test
16173,g_16173,train
16174,g_16174,train
16175,g_16175,train
16176,g_16176,train
16177,g_16177,train
16178,g_16178,train
16179,g_16179,test
16180,g_16180,test
16181,g_16181,train
16182,g_16182,validation
16183,g_16183,train
16184,g_16184,train
16185,g_16185,train
16186,g_16186,train
16187,g_16187,validation
16188,g_16188,train
16189,g_16189,train
16190,g_16190,train
16191,g_16191,train
16192,g_16192,train
16193,g_16193,train
16194,g_16194,train
16195,g_16195,train
16196,g_16196,train
16197,g_16197,train
16198,g_16198,train
16199,g_16199,train
16200,g_16200,validation
16201,g_16201,train
16202,g_16202,train
16203,g_16203,train
16204,g_16204,train
16205,g_16205,train
16206,g_16206,validation
16207,g_16207,train
16208,g_16208,train
16209,g_16209,train
16210,g_16210,train
16211,g_16211,train
16212,g_16212,train
16213,g_16213,test
16214,g_16214,train
16215,g_16215,validation
16216,g_16216,train
16217,g_16217,test
16218,g_16218,train
16219,g_16219,train
16220,g_16220,train
16221,g_16221,test
16222,g_16222,train
16223,g_16223,validation
16224,g_16224,train
16225,g_16225,train
16226,g_16226,train
16227,g_16227,test
16228,g_16228,train
16229,g_16229,train
16230,g_16230,train
16231,g_16231,train
16232,g_16232,train
16233,g_16233,train
16234,g_16234,train
16235,g_16235,train
16236,g_16236,train
16237,g_16237,train
16238,g_16238,validation
16239,g_16239,test
16240,g_16240,train
16241,g_16241,validation
16242,g_16242,train
16243,g_16243,train
16244,g_16244,train
16245,g_16245,train
16246,g_16246,train
16247,g_16247,train
16248,g_16248,train
16249,g_16249,train
16250,g_16250,test
16251,g_16251,test
16252,g_16252,test
16253,g_16253,train
16254,g_16254,train
16255,g_16255,train
16256,g_16256,train
16257,g_16257,train
16258,g_16258,train
16259,g_16259,train
16260,g_16260,train
16261,g_16261,train
16262,g_16262,train
16263,g_16263,train
16264,g_16264,train
16265,g_16265,train
16266,g_16266,train
16267,g_16267,train
16268,g_16268,train
16269,g_16269,validation
16270,g_16270,train
16271,g_16271,test
16272,g_16272,train
16273,g_16273,train
16274,g_16274,train
16275,g_16275,test
16276,g_16276,test
16277,g_16277,train
16278,g_16278,train
16279,g_16279,train
16280,g_16280,train
16281,g_16281,train
16282,g_16282,train
16283,g_16283,train
16284,g_16284,train
16285,g_16285,train
16286,g_16286,train
16287,g_16287,train
16288,g_16288,test
16289,g_16289,train
16290,g_16290,train
16291,g_16291,train
16292,g_16292,train
16293,g_16293,train
16294,g_16294,train
16295,g_16295,train
16296,g_16296,train
16297,g_16297,train
16298,g_16298,train
16299,g_16299,train
16300,g_16300,validation
16301,g_16301,train
16302,g_16302,test
16303,g_16303,train
16304,g_16304,train
16305,g_16305,train
16306,g_16306,train
16307,g_16307,test
16308,g_16308,train
16309,g_16309,train
16310,g_16310,train
16311,g_16311,train
16312,g_16312,train
16313,g_16313,train
16314,g_16314,train
16315,g_16315,train
16316,g_16316,train
16317,g_16317,train
16318,g_16318,train
16319,g_16319,train
16320,g_16320,train
16321,g_16321,train
16322,g_16322,train
16323,g_16323,train
16324,g_16324,train
16325,g_16325,train
16326,g_16326,train
16327,g_16327,train
16328,g_16328,train
16329,g_16329,validation
16330,g_16330,train
16331,g_16331,train
16332,g_16332,train
16333,g_16333,test
16334,g_16334,train
16335,g_16335,validation
16336,g_16336,train
16337,g_16337,train
16338,g_16338,train
16339,g_16339,train
16340,g_16340,train
16341,g_16341,train
16342,g_16342,train
16343,g_16343,train
16344,g_16344,train
16345,g_16345,test
16346,g_16346,train
16347,g_16347,train
16348,g_16348,train
16349,g_16349,train
16350,g_16350,train
16351,g_16351,train
16352,g_16352,train
16353,g_16353,train
16354,g_16354,train
16355,g_16355,train
16356,g_16356,train
16357,g_16357,validation
16358,g_16358,train
16359,g_16359,train
16360,g_16360,train
16361,g_16361,test
16362,g_16362,train
16363,g_16363,validation
16364,g_16364,train
16365,g_16365,train
16366,g_16366,train
16367,g_16367,test
16368,g_16368,train
16369,g_16369,train
16370,g_16370,train
16371,g_16371,train
16372,g_16372,train
16373,g_16373,train
16374,g_16374,validation
16375,g_16375,train
16376,g_16376,train
16377,g_16377,test
16378,g_16378,test
16379,g_16379,train
16380,g_16380,train
16381,g_16381,train
16382,g_16382,train
16383,g_16383,test
16384,g_16384,train
16385,g_16385,test
16386,g_16386,train
16387,g_16387,train
16388,g_16388,train
16389,g_16389,train
16390,g_16390,train
16391,g_16391,train
16392,g_16392,train
16393,g_16393,test
16394,g_16394,train
16395,g_16395,validation
16396,g_16396,train
16397,g_16397,train
16398,g_16398,train
16399,g_16399,train
16400,g_16400,train
16401,g_16401,train
16402,g_16402,train
16403,g_16403,train
16404,g_16404,train
16405,g_16405,train
16406,g_16406,train
16407,g_16407,validation
16408,g_16408,train
16409,g_16409,train
16410,g_16410,train
16411,g_16411,train
16412,g_16412,test
16413,g_16413,validation
16414,g_16414,train
16415,g_16415,train
16416,g_16416,test
16417,g_16417,validation
16418,g_16418,train
16419,g_16419,train
16420,g_16420,train
16421,g_16421,train
16422,g_16422,train
16423,g_16423,train
16424,g_16424,train
16425,g_16425,train
16426,g_16426,train
16427,g_16427,train
16428,g_16428,train
16429,g_16429,train
16430,g_16430,train
16431,g_16431,train
16432,g_16432,validation
16433,g_16433,train
16434,g_16434,train
16435,g_16435,train
16436,g_16436,train
16437,g_16437,train
16438,g_16438,train
16439,g_16439,train
16440,g_16440,train
16441,g_16441,train
16442,g_16442,train
16443,g_16443,test
16444,g_16444,validation
16445,g_16445,train
16446,g_16446,train
16447,g_16447,train
16448,g_16448,train
16449,g_16449,train
16450,g_16450,train
16451,g_16451,train
16452,g_16452,train
16453,g_16453,validation
16454,g_16454,train
16455,g_16455,train
16456,g_16456,train
16457,g_16457,train
16458,g_16458,train
16459,g_16459,train
16460,g_16460,train
16461,g_16461,validation
16462,g_16462,train
16463,g_16463,train
16464,g_16464,train
16465,g_16465,train
16466,g_16466,train
16467,g_16467,train
16468,g_16468,train
16469,g_16469,validation
16470,g_16470,train
16471,g_16471,validation
16472,g_16472,train
16473,g_16473,train
16474,g_16474,train
16475,g_16475,train
16476,g_16476,train
16477,g_16477,train
16478,g_16478,train
16479,g_16479,train
16480,g_16480,train
16481,g_16481,train
16482,g_16482,train
16483,g_16483,train
16484,g_16484,train
16485,g_16485,train
16486,g_16486,validation
16487,g_16487,validation
16488,g_16488,train
16489,g_16489,train
16490,g_16490,train
16491,g_16491,train
16492,g_16492,train
16493,g_16493,train
16494,g_16494,train
16495,g_16495,train
16496,g_16496,train
16497,g_16497,test
16498,g_16498,validation
16499,g_16499,train
16500,g_16500,train
16501,g_16501,train
16502,g_16502,train
16503,g_16503,train
16504,g_16504,train
16505,g_16505,train
16506,g_16506,train
16507,g_16507,test
16508,g_16508,train
16509,g_16509,train
16510,g_16510,train
16511,g_16511,train
16512,g_16512,validation
16513,g_16513,train
16514,g_16514,train
16515,g_16515,train
16516,g_16516,train
16517,g_16517,train
16518,g_16518,train
16519,g_16519,train
16520,g_16520,train
16521,g_16521,train
16522,g_16522,validation
16523,g_16523,train
16524,g_16524,train
16525,g_16525,train
16526,g_16526,train
16527,g_16527,train
16528,g_16528,train
16529,g_16529,train
16530,g_16530,train
16531,g_16531,train
16532,g_16532,train
16533,g_16533,train
16534,g_16534,validation
16535,g_16535,train
16536,g_16536,train
16537,g_16537,test
16538,g_16538,validation
16539,g_16539,train
16540,g_16540,train
16541,g_16541,train
16542,g_16542,train
16543,g_16543,train
16544,g_16544,train
16545,g_16545,train
16546,g_16546,train
16547,g_16547,train
16548,g_16548,train
16549,g_16549,train
16550,g_16550,train
16551,g_16551,train
16552,g_16552,train
16553,g_16553,train
16554,g_16554,train
16555,g_16555,train
16556,g_16556,train
16557,g_16557,train
16558,g_16558,train
16559,g_16559,train
16560,g_16560,train
16561,g_16561,train
16562,g_16562,train
16563,g_16563,train
16564,g_16564,train
16565,g_16565,validation
16566,g_16566,train
16567,g_16567,validation
16568,g_16568,test
16569,g_16569,test
16570,g_16570,train
16571,g_16571,train
16572,g_16572,train
16573,g_16573,train
16574,g_16574,train
16575,g_16575,test
16576,g_16576,validation
16577,g_16577,train
16578,g_16578,train
16579,g_16579,test
16580,g_16580,train
16581,g_16581,train
16582,g_16582,train
16583,g_16583,train
16584,g_16584,train
16585,g_16585,train
16586,g_16586,train
16587,g_16587,train
16588,g_16588,train
16589,g_16589,train
16590,g_16590,train
16591,g_16591,train
16592,g_16592,test
16593,g_16593,train
16594,g_16594,train
16595,g_16595,test
16596,g_16596,test
16597,g_16597,train
16598,g_16598,validation
16599,g_16599,train
16600,g_16600,train
16601,g_16601,train
16602,g_16602,train
16603,g_16603,train
16604,g_16604,train
16605,g_16605,train
16606,g_16606,train
16607,g_16607,train
16608,g_16608,train
16609,g_16609,train
16610,g_16610,train
16611,g_16611,train
16612,g_16612,train
16613,g_16613,test
16614,g_16614,test
16615,g_16615,train
16616,g_16616,test
16617,g_16617,train
16618,g_16618,train
16619,g_16619,train
16620,g_16620,train
16621,g_16621,validation
16622,g_16622,train
16623,g_16623,test
16624,g_16624,train
16625,g_16625,train
16626,g_16626,train
16627,g_16627,train
16628,g_16628,train
16629,g_16629,train
16630,g_16630,train
16631,g_16631,train
16632,g_16632,validation
16633,g_16633,train
16634,g_16634,train
16635,g_16635,train
16636,g_16636,train
16637,g_16637,train
16638,g_16638,train
16639,g_16639,train
16640,g_16640,train
16641,g_16641,train
16642,g_16642,train
16643,g_16643,train
16644,g_16644,validation
16645,g_16645,train
16646,g_16646,train
16647,g_16647,train
16648,g_16648,train
16649,g_16649,train
16650,g_16650,train
16651,g_16651,train
16652,g_16652,train
16653,g_16653,train
16654,g_16654,test
16655,g_16655,train
16656,g_16656,train
16657,g_16657,train
16658,g_16658,train
16659,g_16659,train
16660,g_16660,validation
16661,g_16661,train
16662,g_16662,train
16663,g_16663,train
16664,g_16664,train
16665,g_16665,train
16666,g_16666,train
16667,g_16667,train
16668,g_16668,train
16669,g_16669,train
16670,g_16670,test
16671,g_16671,train
16672,g_16672,train
16673,g_16673,train
16674,g_16674,train
16675,g_16675,train
16676,g_16676,train
16677,g_16677,validation
16678,g_16678,train
16679,g_16679,train
16680,g_16680,train
16681,g_16681,train
16682,g_6092,train
16683,g_16683,train
16684,g_16684,validation
16685,g_16685,validation
16686,g_16686,train
16687,g_16687,train
16688,g_16688,train
16689,g_16689,train
16690,g_16690,train
16691,g_16691,train
16692,g_16692,train
16693,g_16693,train
16694,g_16694,train
16695,g_16695,train
16696,g_16696,train
16697,g_16697,train
16698,g_16698,train
16699,g_16699,train
16700,g_16700,train
16701,g_16701,train
16702,g_16702,train
16703,g_16703,validation
16704,g_16704,train
16705,g_16705,train
16706,g_16706,train
16707,g_16707,test
16708,g_16708,train
16709,g_16709,train
16710,g_16710,validation
16711,g_16711,train
16712,g_16712,train
16713,g_16713,train
16714,g_16714,train
16715,g_16715,train
16716,g_16716,train
16717,g_16717,train
16718,g_16718,train
16719,g_16719,train
16720,g_16720,train
16721,g_16721,test
16722,g_16722,train
16723,g_16723,train
16724,g_16724,train
16725,g_16725,train
16726,g_16726,train
16727,g_16727,train
16728,g_16728,train
16729,g_16729,train
16730,g_16730,validation
16731,g_16731,validation
16732,g_16732,test
16733,g_16733,train
16734,g_16734,train
16735,g_16735,train
16736,g_16736,train
16737,g_16737,train
16738,g_16738,train
16739,g_16739,train
16740,g_16740,train
16741,g_16741,test
16742,g_16742,train
16743,g_16743,train
16744,g_16744,train
16745,g_16745,train
16746,g_16746,train
16747,g_16747,train
16748,g_16748,train
16749,g_16749,validation
16750,g_16750,validation
16751,g_16751,train
16752,g_16752,train
16753,g_16753,train
16754,g_16754,train
16755,g_16755,train
16756,g_16756,validation
16757,g_16757,train
16758,g_16758,train
16759,g_16759,train
16760,g_16760,test
16761,g_16761,validation
16762,g_16762,train
16763,g_16763,train
16764,g_16764,train
16765,g_16765,train
16766,g_16766,validation
16767,g_16767,train
16768,g_16768,train
16769,g_16769,train
16770,g_16770,train
16771,g_16771,train
16772,g_16772,train
16773,g_16773,train
16774,g_16774,train
16775,g_16775,train
16776,g_16776,train
16777,g_16777,train
16778,g_16778,train
16779,g_16779,train
16780,g_16780,train
16781,g_16781,train
16782,g_16782,test
16783,g_16783,validation
16784,g_16784,train
16785,g_16785,train
16786,g_16786,train
16787,g_16787,train
16788,g_16788,train
16789,g_16789,train
16790,g_16790,train
16791,g_16791,train
16792,g_16792,validation
16793,g_16793,train
16794,g_16794,train
16795,g_16795,train
16796,g_16796,validation
16797,g_16797,train
16798,g_16798,train
16799,g_16799,train
16800,g_16800,train
16801,g_16801,train
16802,g_16802,train
16803,g_16803,train
16804,g_16804,train
16805,g_16805,train
16806,g_16806,train
16807,g_16807,train
16808,g_16808,train
16809,g_16809,train
16810,g_16810,validation
16811,g_16811,test
16812,g_16812,train
16813,g_16813,train
16814,g_16814,train
16815,g_16815,train
16816,g_16816,train
16817,g_16817,test
16818,g_16818,train
16819,g_16819,train
16820,g_16820,train
16821,g_16821,train
16822,g_16822,train
16823,g_16823,train
16824,g_16824,train
16825,g_16825,test
16826,g_16826,train
16827,g_16827,train
16828,g_16828,train
16829,g_16829,train
16830,g_16830,train
16831,g_16831,validation
16832,g_16832,validation
16833,g_16833,train
16834,g_16834,test
16835,g_16835,train
16836,g_16836,train
16837,g_16837,validation
16838,g_16838,train
16839,g_16839,test
16840,g_16840,train
16841,g_16841,train
16842,g_16842,train
16843,g_16843,train
16844,g_16844,train
16845,g_16845,validation
16846,g_16846,train
16847,g_16847,train
16848,g_16848,test
16849,g_16849,validation
16850,g_16850,train
16851,g_16851,train
16852,g_16852,train
16853,g_16853,train
16854,g_16854,train
16855,g_16855,train
16856,g_16856,train
16857,g_16857,train
16858,g_16858,test
16859,g_16859,train
16860,g_16860,train
16861,g_16861,train
16862,g_16862,train
16863,g_16863,train
16864,g_16864,train
16865,g_16865,train
16866,g_16866,train
16867,g_16867,train
16868,g_16868,train
16869,g_16869,train
16870,g_16870,train
16871,g_16871,train
16872,g_16872,train
16873,g_16873,train
16874,g_16874,train
16875,g_16875,train
16876,g_16876,train
16877,g_16877,train
16878,g_16878,train
16879,g_16879,train
16880,g_16880,train
16881,g_16881,train
16882,g_16882,validation
16883,g_16883,test
16884,g_16884,train
16885,g_16885,test
16886,g_16886,train
16887,g_16887,train
16888,g_16888,train
16889,g_16889,train
16890,g_16890,train
16891,g_16891,train
16892,g_16892,train
16893,g_16893,test
16894,g_16894,train
16895,g_16895,train
16896,g_16896,train
16897,g_16897,test
16898,g_16898,train
16899,g_16899,train
16900,g_16900,train
16901,g_16901,train
16902,g_16902,validation
16903,g_16903,test
16904,g_16904,train
16905,g_16905,train
16906,g_16906,train
16907,g_16907,train
16908,g_16908,train
16909,g_16909,test
16910,g_16910,train
16911,g_16911,train
16912,g_16912,train
16913,g_16913,validation
16914,g_16914,train
16915,g_16915,train
16916,g_16916,train
16917,g_16917,train
16918,g_16918,train
16919,g_16919,test
16920,g_16920,train
16921,g_16921,train
16922,g_16922,train
16923,g_16923,train
16924,g_16924,train
16925,g_16925,train
16926,g_16926,train
16927,g_16927,train
16928,g_16928,train
16929,g_16929,train
16930,g_16930,train
16931,g_16931,train
16932,g_16932,train
16933,g_16933,train
16934,g_16934,train
16935,g_16935,train
16936,g_16936,train
16937,g_16937,train
16938,g_16938,train
16939,g_16939,train
16940,g_16940,test
16941,g_16941,train
16942,g_16942,train
16943,g_16943,test
16944,g_16944,validation
16945,g_16945,validation
16946,g_16946,train
16947,g_16947,train
16948,g_16948,train
16949,g_16949,train
16950,g_16950,train
16951,g_16951,train
16952,g_16952,train
16953,g_16953,train
16954,g_16954,test
16955,g_16955,train
16956,g_16956,train
16957,g_16957,test
16958,g_16958,test
16959,g_16959,train
16960,g_16960,train
16961,g_16961,train
16962,g_16962,train
16963,g_16963,train
16964,g_16964,train
16965,g_16965,train
16966,g_16966,train
16967,g_16967,train
16968,g_16968,train
16969,g_16969,train
16970,g_16970,train
16971,g_16971,train
16972,g_16972,test
16973,g_16973,train
16974,g_16974,train
16975,g_16975,train
16976,g_16976,train
16977,g_16977,train
16978,g_16978,train
16979,g_16979,train
16980,g_16980,train
16981,g_16981,test
16982,g_16982,test
16983,g_16983,train
16984,g_16984,validation
16985,g_16985,train
16986,g_16986,validation
16987,g_16987,train
16988,g_16988,train
16989,g_16989,validation
16990,g_16990,train
16991,g_16991,validation
16992,g_16992,train
16993,g_16993,train
16994,g_16994,train
16995,g_16995,train
16996,g_16996,train
16997,g_16997,train
16998,g_16998,train
16999,g_16999,test
17000,g_17000,train
17001,g_17001,train
17002,g_17002,train
17003,g_17003,train
17004,g_17004,validation
17005,g_17005,train
17006,g_17006,train
17007,g_17007,train
17008,g_17008,train
17009,g_17009,test
17010,g_17010,train
17011,g_17011,train
17012,g_17012,train
17013,g_17013,train
17014,g_17014,train
17015,g_17015,train
17016,g_17016,test
17017,g_17017,train
17018,g_17018,train
17019,g_17019,train
17020,g_17020,validation
17021,g_17021,train
17022,g_17022,train
17023,g_17023,train
17024,g_17024,test
17025,g_17025,train
17026,g_17026,train
17027,g_17027,validation
17028,g_17028,train
17029,g_17029,train
17030,g_17030,test
17038,g_17038,train
17040,g_17040,train
17041,g_17041,train
17042,g_17042,train
17043,g_17043,validation
17044,g_17044,train
17045,g_17045,train
17046,g_17046,train
17047,g_17047,train
17048,g_17048,train
17049,g_17049,train
17050,g_17050,train
17051,g_17051,train
17052,g_17052,train
17053,g_17053,train
17054,g_17054,train
17055,g_17055,train
17056,g_17056,validation
17057,g_17057,train
17058,g_17058,train
17059,g_17059,test
17060,g_17060,train
17061,g_17061,train
17062,g_17062,train
17063,g_17063,test
17064,g_17064,test
17065,g_17065,train
17066,g_17066,train
17067,g_17067,train
17068,g_17068,train
17069,g_17069,train
17070,g_17070,train
17071,g_17071,train
17072,g_17072,train
17073,g_17073,train
17074,g_17074,train
17075,g_17075,train
17076,g_17076,train
17077,g_17077,train
17078,g_17078,train
17079,g_17079,train
17080,g_17080,train
17081,g_17081,train
17082,g_17082,train
17083,g_17083,train
17084,g_17084,train
17085,g_17085,train
17086,g_17086,train
17087,g_17087,train
17088,g_17088,train
17089,g_17089,train
17090,g_17090,train
17091,g_17091,test
17092,g_17092,train
17093,g_17093,train
17094,g_17094,train
17095,g_17095,test
17096,g_17096,test
17097,g_17097,train
17098,g_17098,train
17099,g_17099,validation
17100,g_17100,validation
17101,g_17101,train
17102,g_17102,train
17103,g_17103,train
17104,g_17104,train
17105,g_17105,train
17106,g_17106,train
17107,g_17107,validation
17108,g_17108,train
17109,g_17109,train
17110,g_17110,train
17111,g_17111,train
17112,g_17112,train
17113,g_17113,train
17114,g_17114,train
17115,g_17115,train
17116,g_17116,train
17117,g_17117,train
17118,g_17118,train
17119,g_17119,test
17120,g_17120,train
17121,g_17121,train
17122,g_17122,train
17123,g_17123,train
17124,g_17124,train
17125,g_17125,validation
17126,g_17126,train
17127,g_17127,train
17128,g_17128,train
17129,g_17129,train
17130,g_17130,train
17131,g_17131,train
17132,g_17132,test
17133,g_17133,validation
17134,g_17134,train
17135,g_17135,train
17136,g_17136,test
17137,g_17137,train
17138,g_17138,train
17139,g_17139,train
17140,g_17140,train
17141,g_17141,train
17142,g_17142,train
17143,g_17143,train
17144,g_17144,train
17145,g_17145,test
17146,g_17146,train
17147,g_17147,train
17148,g_17148,train
17149,g_17149,train
17150,g_17150,train
17151,g_17151,train
17152,g_17152,train
17153,g_17153,train
17154,g_17154,test
17155,g_17155,train
17156,g_17156,train
17157,g_17157,test
17158,g_17158,test
17159,g_17159,train
17160,g_17160,test
17161,g_17161,validation
17162,g_17162,train
17163,g_17163,test
17164,g_17164,train
17165,g_17165,train
17166,g_17166,validation
17167,g_17167,train
17168,g_17168,train
17169,g_17169,test
17170,g_17170,validation
17171,g_17171,train
17172,g_17172,validation
17173,g_17173,train
17174,g_17174,test
17175,g_17175,train
17176,g_17176,train
17177,g_17177,train
17178,g_17178,train
17179,g_17179,validation
17180,g_17180,train
17181,g_17181,train
17182,g_17182,train
17183,g_17183,train
17184,g_17184,train
17185,g_17185,test
17186,g_17186,train
17187,g_17187,validation
17188,g_17188,train
17189,g_17189,train
17190,g_17190,train
17191,g_17191,train
17192,g_17192,train
17193,g_17193,train
17194,g_17194,train
17195,g_17195,train
17196,g_17196,train
17197,g_17197,train
17198,g_17198,train
17199,g_17199,train
17200,g_17200,test
17201,g_17201,train
17202,g_17202,train
17203,g_17203,validation
17204,g_17204,train
17205,g_17205,test
17206,g_17206,test
17207,g_17207,train
17208,g_17208,train
17209,g_17209,train
17210,g_17210,train
17211,g_17211,train
17212,g_17212,train
17213,g_17213,train
17214,g_17214,train
17215,g_17215,train
17216,g_17216,train
17217,g_17217,train
17218,g_17218,train
17219,g_17219,train
17220,g_17220,validation
17221,g_17221,train
17222,g_17222,train
17223,g_17223,train
17224,g_17224,train
17225,g_17225,validation
17226,g_17226,train
17227,g_17227,train
17228,g_17228,validation
17229,g_17229,train
17230,g_17230,train
17231,g_17231,train
17232,g_17232,train
17233,g_17233,train
17234,g_17234,train
17235,g_17235,train
17236,g_17236,train
17237,g_17237,validation
17238,g_17238,train
17239,g_17239,train
17240,g_17240,train
17241,g_17241,train
17242,g_17242,train
17243,g_17243,validation
17244,g_17244,test
17245,g_17245,train
17246,g_17246,train
17247,g_17247,train
17248,g_17248,train
17249,g_17249,train
17250,g_17250,train
17251,g_17251,test
17252,g_17252,train
17253,g_17253,train
17254,g_17254,train
17255,g_17255,train
17256,g_17256,train
17257,g_17257,test
17258,g_17258,train
17259,g_17259,train
17260,g_17260,train
17261,g_17261,test
17262,g_17262,train
17263,g_17263,train
17264,g_17264,train
17265,g_17265,train
17266,g_17266,validation
17267,g_17267,train
17268,g_17268,train
17269,g_17269,train
17270,g_17270,train
17271,g_17271,train
17272,g_17272,test
17273,g_17273,validation
17274,g_17274,train
17275,g_17275,train
17276,g_17276,test
17277,g_17277,train
17278,g_17278,validation
17279,g_17279,train
17280,g_17280,train
17281,g_17281,train
17282,g_17282,validation
17283,g_17283,validation
17284,g_17284,train
17285,g_17285,train
17286,g_17286,train
17287,g_17287,train
17288,g_17288,train
17289,g_17289,train
17290,g_17290,test
17291,g_17291,validation
17292,g_17292,train
17293,g_17293,test
17294,g_17294,train
17295,g_17295,train
17296,g_17296,train
17297,g_17297,train
17298,g_17298,train
17299,g_17299,train
17300,g_17300,train
17301,g_17301,train
17302,g_17302,train
17303,g_17303,test
17304,g_17304,test
17305,g_17305,train
17306,g_17306,train
17307,g_17307,train
17308,g_17308,train
17309,g_17309,train
17310,g_17310,train
17311,g_17311,train
17312,g_17312,validation
17313,g_17313,train
17314,g_17314,test
17315,g_17315,train
17316,g_17316,train
17317,g_17317,train
17318,g_17318,test
17319,g_17319,train
17320,g_17320,train
17321,g_17321,train
17322,g_17322,train
17323,g_17323,train
17324,g_17324,train
17325,g_17325,train
17326,g_17326,train
17327,g_17327,train
17328,g_17328,train
17329,g_17329,train
17330,g_17330,train
17331,g_17331,train
17332,g_17332,train
17333,g_17333,validation
17334,g_17334,train
17335,g_17335,train
17336,g_17336,train
17337,g_17337,train
17338,g_17338,train
17339,g_17339,train
17340,g_17340,train
17341,g_17341,validation
17342,g_17342,train
17343,g_17343,train
17344,g_17344,train
17345,g_17345,validation
17346,g_17346,validation
17347,g_17347,train
17348,g_17348,train
17349,g_17349,train
17350,g_17350,test
17351,g_17351,train
17352,g_17352,train
17353,g_17353,train
17354,g_17354,validation
17355,g_17355,train
17356,g_17356,test
17357,g_17357,train
17358,g_17358,train
17359,g_17359,train
17360,g_17360,validation
17361,g_17361,train
17362,g_17362,train
17363,g_17363,validation
17364,g_17364,test
17366,g_17366,train
17367,g_17367,train
17368,g_17368,train
17369,g_17369,train
17370,g_17370,train
17371,g_17371,train
17372,g_17372,test
17373,g_17373,train
17374,g_17374,train
17375,g_17375,test
17376,g_17376,train
17377,g_17377,train
17378,g_17378,train
17379,g_17379,train
17380,g_17380,test
17381,g_17381,train
17382,g_17382,train
17383,g_17383,train
17384,g_17384,train
17385,g_17385,train
17386,g_17386,validation
17387,g_17387,train
17388,g_17388,train
17389,g_17389,train
17390,g_17390,train
17391,g_17391,train
17392,g_17392,train
17393,g_17393,train
17394,g_17394,validation
17395,g_17395,train
17396,g_17396,train
17397,g_17397,train
17398,g_17398,train
17399,g_17399,train
17400,g_17400,test
17401,g_17401,train
17402,g_17402,train
17403,g_17403,train
17404,g_17404,test
17405,g_17405,train
17406,g_17406,train
17407,g_17407,validation
17408,g_17408,train
17409,g_17409,train
17410,g_17410,train
17411,g_17411,train
17412,g_17412,validation
17413,g_17413,train
17414,g_17414,train
17415,g_17415,train
17416,g_17416,train
17417,g_17417,train
17418,g_17418,train
17419,g_17419,train
17420,g_17420,train
17421,g_17421,train
17422,g_17422,train
17423,g_17423,train
17424,g_17424,train
17425,g_17425,train
17426,g_17426,train
17427,g_17427,validation
17428,g_17428,train
17429,g_17429,validation
17430,g_17430,train
17431,g_17431,train
17432,g_17432,train
17433,g_17433,train
17434,g_17434,train
17435,g_17435,train
17436,g_17436,train
17437,g_17437,train
17438,g_17438,train
17439,g_17439,train
17440,g_17440,train
17441,g_17441,train
17442,g_17442,train
17443,g_17443,validation
17444,g_17444,train
17445,g_17445,train
17446,g_17446,train
17447,g_17447,train
17448,g_17448,train
17449,g_17449,train
17450,g_17450,train
17451,g_17451,train
17452,g_17452,train
17453,g_17453,train
17454,g_17454,train
17455,g_17455,train
17456,g_17456,train
17457,g_17457,test
17458,g_17458,train
17459,g_17459,train
17460,g_17460,validation
17461,g_17461,train
17462,g_17462,test
17463,g_17463,train
17464,g_17464,train
17465,g_17465,validation
17466,g_17466,train
17467,g_17467,train
17468,g_17468,test
17469,g_17469,train
17470,g_17470,train
17471,g_17471,validation
17472,g_17472,validation
17473,g_17473,train
17474,g_17474,train
17475,g_17475,train
17476,g_17476,train
17477,g_17477,validation
17478,g_17478,train
17479,g_17479,train
17480,g_17480,train
17481,g_17481,train
17482,g_17482,train
17483,g_17483,train
17484,g_17484,train
17485,g_17485,train
17486,g_17486,train
17487,g_17487,train
17488,g_17488,train
17489,g_17489,test
17490,g_17490,train
17491,g_17491,train
17492,g_17492,train
17493,g_17493,validation
17494,g_17494,train
17495,g_17495,train
17496,g_17496,train
17497,g_17497,train
17498,g_17498,train
17499,g_17499,train
17500,g_17500,train
17501,g_17501,train
17502,g_17502,test
17503,g_17503,train
17504,g_17504,train
17505,g_17505,train
17506,g_17506,train
17507,g_17507,train
17508,g_17508,validation
17509,g_17509,validation
17510,g_17510,validation
17511,g_17511,train
17512,g_17512,train
17513,g_17513,train
17514,g_17514,validation
17515,g_17515,train
17516,g_17516,train
17517,g_17517,train
17518,g_17518,train
17519,g_17519,train
17520,g_17520,train
17521,g_17521,train
17522,g_17522,train
17523,g_17523,train
17524,g_17524,train
17525,g_17525,train
17526,g_17526,validation
17527,g_17527,train
17528,g_17528,train
17529,g_17529,train
17530,g_17530,train
17531,g_17531,train
17532,g_17532,train
17533,g_17533,train
17534,g_17534,validation
17535,g_17535,validation
17536,g_17536,train
17537,g_17537,train
17538,g_17538,train
17539,g_17539,train
17540,g_17540,train
17541,g_17541,train
17542,g_17542,train
17543,g_17543,train
17544,g_17544,train
17545,g_17545,train
17546,g_17546,validation
17547,g_17547,train
17548,g_17548,train
17549,g_17549,train
17550,g_17550,train
17551,g_17551,validation
17552,g_17552,train
17553,g_17553,train
17554,g_17554,validation
17555,g_17555,train
17556,g_17556,train
17557,g_17557,train
17558,g_17558,train
17559,g_17559,train
17560,g_17560,train
17561,g_17561,train
17562,g_17562,train
17563,g_17563,test
17564,g_17564,train
17565,g_17565,train
17566,g_17566,train
17567,g_17567,train
17568,g_17568,train
17569,g_17569,train
17570,g_17570,test
17571,g_17571,train
17572,g_17572,train
17573,g_17573,train
17574,g_17574,train
17575,g_17575,train
17576,g_17576,train
17577,g_17577,test
17578,g_17578,validation
17579,g_17579,train
17580,g_17580,validation
17581,g_17581,test
17582,g_17582,train
17583,g_17583,train
17584,g_17584,train
17585,g_17585,train
17586,g_17586,train
17587,g_17587,validation
17588,g_17588,train
17589,g_17589,validation
17590,g_17590,train
17591,g_17591,train
17592,g_17592,validation
17593,g_17593,validation
17594,g_17594,test
17595,g_17595,train
17596,g_17596,train
17597,g_17597,train
17598,g_17598,train
17599,g_17599,train
17600,g_17600,train
17601,g_17601,train
17602,g_17602,validation
17603,g_17603,train
17604,g_17604,train
17605,g_17605,train
17606,g_17606,train
17607,g_17607,train
17608,g_17608,train
17609,g_17609,train
17610,g_17610,train
17611,g_17611,train
17612,g_17612,validation
17613,g_17613,train
17614,g_17614,train
17615,g_17615,validation
17616,g_17616,train
17617,g_17617,train
17618,g_17618,train
17619,g_17619,validation
17620,g_17620,train
17621,g_17621,train
17622,g_17622,test
17623,g_17623,train
17624,g_17624,train
17625,g_17625,train
17626,g_17626,train
17627,g_17627,test
17628,g_17628,test
17629,g_17629,train
17630,g_17630,test
17631,g_17631,train
17632,g_17632,train
17633,g_17633,train
17634,g_17634,train
17635,g_17635,train
17636,g_17636,test
17637,g_17637,train
17638,g_17638,train
17639,g_17639,train
17640,g_17640,train
17641,g_17641,train
17642,g_17642,train
17643,g_17643,train
17644,g_17644,test
17645,g_17645,train
17646,g_17646,validation
17647,g_17647,test
17648,g_17648,train
17649,g_17649,train
17650,g_17650,train
17651,g_17651,test
17652,g_17652,train
17653,g_17653,validation
17654,g_17654,train
17655,g_17655,train
17656,g_17656,train
17657,g_17657,train
17658,g_17658,train
17659,g_17659,train
17660,g_17660,train
17661,g_17661,train
17662,g_17662,train
17663,g_17663,train
17664,g_17664,train
17665,g_17665,train
17666,g_17666,test
17667,g_17667,train
17668,g_17668,train
17669,g_17669,train
17670,g_17670,train
17671,g_17671,train
17672,g_17672,train
17673,g_17673,test
17674,g_17674,train
17675,g_17675,train
17676,g_17676,train
17677,g_17677,train
17678,g_17678,train
17679,g_17679,test
17680,g_17680,train
17681,g_17681,train
17682,g_17682,train
17683,g_17683,train
17684,g_17684,train
17685,g_17685,train
17686,g_17686,train
17687,g_17687,validation
17688,g_17688,train
17689,g_17689,validation
17690,g_17690,train
17691,g_17691,train
17692,g_17692,train
17693,g_17693,train
17694,g_17694,test
17695,g_17695,validation
17696,g_17696,train
17697,g_17697,test
17698,g_17698,validation
17699,g_17699,test
17700,g_17700,train
17701,g_17701,train
17702,g_17702,validation
17703,g_17703,train
17704,g_17704,train
17705,g_17705,validation
17706,g_17706,validation
17707,g_17707,train
17708,g_17708,train
17709,g_17709,train
17710,g_17710,train
17711,g_17711,train
17712,g_17712,validation
17713,g_17713,train
17714,g_17714,train
17715,g_17715,test
17716,g_17716,train
17717,g_17717,test
17718,g_17718,validation
17719,g_17719,test
17720,g_17720,train
17721,g_17721,train
17722,g_17722,train
17723,g_17723,train
17724,g_17724,train
17725,g_17725,train
17726,g_17726,train
17727,g_17727,train
17728,g_17728,train
17729,g_17729,train
17730,g_17730,train
17731,g_17731,train
17732,g_17732,train
17733,g_17733,train
17734,g_17734,train
17735,g_17735,train
17736,g_17736,train
17737,g_17737,train
17738,g_17738,train
17739,g_17739,train
17740,g_17740,train
17741,g_17741,train
17742,g_17742,validation
17743,g_17743,test
17744,g_17744,train
17745,g_17745,train
17746,g_17746,train
17747,g_17747,train
17748,g_17748,train
17749,g_17749,train
17750,g_17750,validation
17751,g_17751,train
17752,g_17752,train
17753,g_17753,train
17754,g_17754,train
17755,g_17755,train
17756,g_17756,train
17757,g_17757,train
17758,g_17758,train
17759,g_17759,train
17760,g_17760,train
17761,g_17761,train
17762,g_17762,train
17763,g_17763,train
17764,g_17764,train
17765,g_17765,train
17766,g_17766,train
17767,g_17767,train
17768,g_17768,train
17769,g_17769,train
17770,g_17770,train
17771,g_17771,train
17772,g_17772,train
17773,g_17773,train
17774,g_17774,train
17775,g_17775,test
17776,g_17776,train
17777,g_17777,train
17778,g_17778,train
17779,g_17779,train
17780,g_17780,train
17781,g_17781,train
17782,g_17782,test
17783,g_17783,train
17784,g_17784,train
17785,g_17785,train
17786,g_17786,train
17787,g_17787,train
17788,g_17788,train
17789,g_17789,test
17790,g_17790,train
17791,g_17791,test
17792,g_17792,train
17793,g_17793,train
17794,g_17794,train
17795,g_17795,train
17796,g_17796,validation
17797,g_17797,validation
17798,g_17798,train
17799,g_17799,train
17800,g_17800,train
17801,g_17801,train
17802,g_17802,train
17803,g_17803,train
17804,g_17804,train
17805,g_17805,train
17806,g_17806,train
17807,g_17807,train
17808,g_17808,train
17809,g_17809,test
17810,g_17810,test
17811,g_17811,train
17812,g_17812,test
17813,g_17813,train
17814,g_17814,train
17815,g_17815,train
17816,g_17816,train
17817,g_17817,validation
17818,g_17818,train
17819,g_17819,train
17820,g_17820,train
17821,g_17821,validation
17822,g_17822,train
17823,g_17823,train
17824,g_17824,train
17825,g_17825,train
17826,g_17826,validation
17827,g_17827,train
17828,g_17828,train
17829,g_17829,train
17830,g_17830,train
17831,g_17831,train
17832,g_17832,train
17833,g_17833,train
17834,g_17834,train
17835,g_17835,train
17836,g_17836,validation
17837,g_17837,train
17838,g_17838,test
17839,g_17839,train
17840,g_17840,train
17841,g_17841,validation
17842,g_17842,train
17843,g_17843,train
17844,g_17844,test
17845,g_17845,train
17846,g_17846,train
17847,g_17847,train
17848,g_17848,train
17849,g_17849,train
17850,g_17850,train
17851,g_17851,train
17852,g_17852,train
17853,g_17853,train
17854,g_17854,train
17855,g_17855,train
17856,g_17856,train
17857,g_17857,train
17858,g_17858,train
17859,g_17859,train
17860,g_17860,train
17861,g_17861,train
17862,g_17750,validation
17863,g_17863,train
17864,g_17864,train
17865,g_17865,validation
17866,g_17866,train
17867,g_17867,validation
17868,g_17868,train
17869,g_17869,train
17870,g_17870,train
17871,g_17871,train
17872,g_17872,validation
17873,g_17873,train
17874,g_17874,train
17875,g_17875,test
17876,g_17876,train
17877,g_17877,train
17878,g_17878,validation
17879,g_17879,train
17880,g_17880,validation
17881,g_17881,train
17882,g_17882,train
17883,g_17883,train
17884,g_17884,train
17885,g_17885,train
17886,g_17886,train
17887,g_17887,train
17888,g_17888,train
17889,g_17889,train
17890,g_17890,train
17891,g_17891,train
17892,g_17892,test
17893,g_17893,train
17894,g_17894,train
17895,g_17895,train
17896,g_17896,train
17897,g_17897,train
17898,g_17898,train
17899,g_17899,train
17900,g_17900,train
17901,g_17901,train
17902,g_17902,test
17903,g_17903,train
17904,g_17904,train
17905,g_17905,train
17906,g_17906,train
17907,g_17907,train
17908,g_17908,validation
17909,g_17909,train
17910,g_17910,train
17911,g_17911,train
17913,g_17913,test
17914,g_17914,validation
17915,g_17915,train
17918,g_17918,train
17919,g_17919,train
17920,g_17920,train
17921,g_17921,train
17922,g_17922,train
17923,g_17923,validation
17924,g_17924,train
17925,g_17925,train
17926,g_17926,test
17927,g_17927,validation
17928,g_17928,train
17929,g_17929,train
17930,g_17930,train
17931,g_17931,train
17932,g_17932,train
17933,g_17933,train
17934,g_17934,train
17935,g_17935,train
17936,g_17936,test
17937,g_17937,train
17938,g_17938,train
17939,g_17939,train
17940,g_17940,train
17941,g_17941,train
17942,g_17942,train
17943,g_17943,validation
17944,g_17944,train
17945,g_17945,train
17946,g_17946,train
17947,g_17947,train
17948,g_17948,train
17949,g_17949,train
17950,g_17950,train
17951,g_17951,train
17952,g_17952,train
17953,g_17953,train
17954,g_17954,train
17955,g_17955,test
17956,g_17956,validation
17957,g_17957,train
17958,g_17958,train
17959,g_17959,train
17960,g_17960,train
17961,g_17961,test
17962,g_17962,train
17963,g_17963,train
17964,g_17964,train
17965,g_17965,train
17966,g_17966,train
17967,g_17967,train
17968,g_17968,train
17969,g_17969,train
17970,g_17970,train
17971,g_17971,train
17972,g_17972,train
17973,g_17973,train
17974,g_17974,train
17975,g_17975,train
17976,g_17976,train
17977,g_17977,train
17978,g_17978,train
17979,g_17979,train
17980,g_17980,train
17981,g_17981,train
17982,g_17982,train
17983,g_17983,train
17984,g_17984,train
17985,g_17985,train
17986,g_17986,train
17987,g_17987,train
17988,g_17988,validation
17989,g_17989,validation
17990,g_17990,train
17991,g_17991,train
17992,g_17992,train
17993,g_17993,test
17994,g_17994,train
17995,g_17995,train
17996,g_17996,train
17997,g_17997,train
17998,g_17998,train
17999,g_17999,train
18000,g_18000,train
18001,g_18001,validation
18002,g_18002,train
18003,g_18003,validation
18004,g_18004,train
18005,g_18005,train
18006,g_18006,validation
18007,g_18007,test
18008,g_18008,train
18009,g_18009,validation
18010,g_18010,train
18011,g_18011,train
18012,g_18012,train
18013,g_18013,train
18014,g_18014,train
18015,g_18015,train
18016,g_18016,validation
18017,g_18017,train
18018,g_18018,validation
18019,g_18019,validation
18020,g_18020,train
18021,g_18021,validation
18022,g_18022,train
18023,g_18023,validation
18024,g_18024,train
18025,g_18025,train
18026,g_18026,train
18027,g_18027,train
18028,g_18028,train
18029,g_18029,train
18030,g_18030,train
18031,g_18031,validation
18032,g_18032,train
18033,g_18033,train
18034,g_18034,train
18035,g_18035,test
18036,g_18036,train
18037,g_18037,train
18038,g_18038,train
18039,g_18039,train
18040,g_18040,test
18041,g_18041,validation
18042,g_18042,train
18043,g_18043,validation
18044,g_18044,train
18045,g_18045,train
18046,g_18046,train
18047,g_18047,train
18048,g_18048,train
18049,g_18049,train
18050,g_18050,train
18051,g_18051,train
18052,g_18052,train
18053,g_18053,train
18054,g_18054,train
18055,g_18055,train
18056,g_18056,test
18057,g_18057,train
18058,g_18058,train
18059,g_18059,train
18060,g_18060,train
18061,g_18061,train
18062,g_18062,train
18063,g_18063,train
18064,g_18064,train
18065,g_18065,train
18066,g_18066,train
18067,g_18067,train
18068,g_18068,train
18069,g_18069,validation
18070,g_18070,train
18071,g_18071,train
18072,g_18072,train
18073,g_18073,train
18074,g_18074,train
18075,g_18075,train
18076,g_18076,train
18077,g_18077,train
18078,g_17945,train
18079,g_18079,train
18080,g_17958,train
18081,g_18081,validation
18082,g_18082,validation
18083,g_18083,train
18084,g_18084,train
18085,g_18085,train
18086,g_18018,validation
18087,g_18087,train
18088,g_18088,train
18089,g_18089,train
18090,g_18090,test
18091,g_18091,train
18092,g_18092,train
18093,g_18093,test
18094,g_18094,train
18095,g_18095,test
18096,g_18096,train
18097,g_18097,train
18098,g_18098,train
18099,g_18099,train
18100,g_18100,validation
18101,g_18101,validation
18102,g_18102,train
18103,g_18103,train
18104,g_18104,train
18105,g_18105,train
18106,g_18106,train
18107,g_18107,test
18108,g_18108,train
18109,g_18109,train
18110,g_18110,train
18111,g_18111,train
18112,g_18112,train
18113,g_18113,train
18114,g_18114,train
18115,g_18115,train
18116,g_18116,train
18117,g_18117,test
18118,g_18118,train
18119,g_18119,train
18120,g_18120,train
18121,g_18121,train
18122,g_18122,train
18123,g_18123,train
18124,g_18124,train
18125,g_18125,train
18126,g_18126,validation
18127,g_18127,test
18128,g_18128,train
18129,g_18129,train
18130,g_18130,validation
18131,g_18131,validation
18132,g_18132,train
18133,g_18133,train
18134,g_18134,train
18135,g_18135,train
18136,g_18136,train
18137,g_18137,train
18138,g_18138,train
18139,g_18139,train
18140,g_18140,train
18141,g_18141,validation
18142,g_18142,train
18143,g_18143,train
18144,g_18144,train
18145,g_18145,train
18146,g_18146,train
18147,g_18147,train
18148,g_18148,train
18149,g_18149,train
18150,g_18150,train
18151,g_18151,train
18152,g_18152,train
18153,g_18153,train
18154,g_18154,validation
18155,g_18155,train
18156,g_18156,train
18157,g_18157,train
18158,g_18158,train
18159,g_18159,train
18160,g_18160,train
18161,g_18161,train
18162,g_18162,test
18163,g_18163,train
18164,g_18164,train
18165,g_18165,train
18166,g_18166,train
18167,g_18167,validation
18168,g_18168,train
18169,g_18169,test
18170,g_18170,test
18171,g_18171,test
18172,g_18172,test
18173,g_18173,validation
18174,g_18174,train
18175,g_18175,train
18176,g_18176,train
18177,g_18177,train
18178,g_18178,test
18179,g_18179,train
18180,g_18180,train
18181,g_18181,train
18182,g_18182,train
18183,g_18183,train
18184,g_18184,validation
18185,g_18185,train
18186,g_18186,train
18187,g_18187,test
18188,g_18188,train
18189,g_18189,train
18190,g_18190,train
18191,g_18191,train
18192,g_18192,train
18193,g_18193,train
18194,g_18194,test
18195,g_18195,train
18196,g_18196,train
18197,g_18197,train
18198,g_18198,train
18199,g_18199,validation
18200,g_18200,test
18201,g_18201,train
18202,g_18202,train
18203,g_18203,train
18204,g_18204,validation
18205,g_18205,train
18206,g_18206,train
18207,g_18207,train
18208,g_18208,train
18209,g_18209,train
18210,g_18210,train
18211,g_18211,validation
18212,g_18212,train
18213,g_18213,train
18214,g_18214,train
18215,g_18215,train
18216,g_18216,validation
18217,g_18217,train
18218,g_18218,train
18219,g_18219,train
18220,g_18220,train
18221,g_18221,train
18222,g_18222,train
18223,g_18223,train
18224,g_18224,train
18225,g_18225,train
18226,g_18226,train
18227,g_18227,train
18228,g_18228,validation
18229,g_18229,train
18230,g_18230,train
18231,g_18231,train
18232,g_18232,validation
18233,g_18233,train
18234,g_18234,train
18235,g_18235,train
18236,g_18236,train
18237,g_18237,train
18238,g_18238,train
18239,g_18239,validation
18240,g_18240,train
18241,g_18241,train
18242,g_18242,train
18243,g_18243,train
18244,g_18244,train
18245,g_18245,train
18246,g_18246,test
18247,g_18247,train
18248,g_18248,train
18249,g_18249,train
18250,g_18250,train
18251,g_18251,train
18252,g_18252,train
18253,g_18253,train
18254,g_18254,train
18255,g_18255,train
18256,g_18256,train
18257,g_18257,test
18258,g_18258,train
18259,g_18259,train
18260,g_18260,train
18261,g_18261,train
18262,g_18262,train
18263,g_18263,test
18264,g_18264,train
18265,g_18265,validation
18266,g_18266,train
18267,g_18267,train
18268,g_18268,train
18269,g_18269,train
18270,g_18270,validation
18271,g_18271,train
18272,g_18272,train
18273,g_18273,train
18274,g_18274,test
18275,g_18275,train
18276,g_18276,train
18277,g_18277,train
18278,g_18278,train
18279,g_18279,test
18280,g_18280,validation
18281,g_18281,train
18282,g_18282,train
18283,g_18283,train
18284,g_18284,train
18285,g_18285,train
18286,g_18286,train
18287,g_18287,train
18288,g_18288,train
18289,g_18289,validation
18290,g_18290,train
18291,g_18291,train
18292,g_18292,train
18293,g_18293,validation
18294,g_18294,train
18295,g_18295,validation
18296,g_18296,train
18297,g_18297,train
18298,g_18298,train
18299,g_18299,train
18300,g_18300,train
18301,g_18301,train
18302,g_18302,train
18303,g_18303,train
18304,g_18304,test
18305,g_18305,train
18306,g_18306,train
18307,g_18307,train
18308,g_18308,validation
18309,g_18309,train
18310,g_18310,train
18311,g_18311,train
18312,g_18312,validation
18313,g_18313,train
18314,g_18314,train
18315,g_18315,train
18316,g_18316,train
18317,g_18317,train
18318,g_18318,train
18319,g_18319,test
18320,g_18320,train
18321,g_18321,train
18322,g_18322,train
18324,g_18324,train
18325,g_18325,train
18326,g_18326,validation
18327,g_18327,test
18328,g_18328,train
18329,g_18329,train
18330,g_18330,train
18331,g_18331,train
18332,g_18332,train
18333,g_18333,train
18334,g_18334,train
18335,g_18335,validation
18336,g_18336,train
18337,g_18337,train
18338,g_18338,train
18339,g_18339,train
18340,g_18340,train
18341,g_18341,validation
18342,g_18342,train
18343,g_18343,train
18344,g_18344,validation
18345,g_18345,train
18346,g_18346,train
18347,g_18347,test
18348,g_18348,train
18349,g_18349,train
18350,g_18350,validation
18351,g_18351,train
18352,g_18352,train
18353,g_18353,validation
18354,g_18354,train
18355,g_18355,train
18356,g_18356,validation
18357,g_18357,validation
18358,g_18358,train
18359,g_18359,test
18360,g_18360,train
18361,g_18361,train
18362,g_18362,train
18363,g_18363,train
18364,g_18364,validation
18365,g_18365,train
18366,g_18366,test
18367,g_18367,train
18368,g_18368,train
18369,g_18369,validation
18370,g_18370,train
18371,g_18371,train
18372,g_18372,train
18373,g_18373,train
18374,g_18374,train
18375,g_18375,train
18376,g_18376,train
18377,g_18377,validation
18378,g_18378,train
18379,g_18379,train
18380,g_18380,train
18381,g_18381,train
18382,g_18382,validation
18383,g_18383,train
18384,g_18384,train
18385,g_18385,train
18386,g_18386,validation
18387,g_18387,train
18388,g_18388,train
18389,g_18389,train
18390,g_18390,train
18391,g_18391,train
18392,g_18392,train
18393,g_18393,train
18394,g_18394,validation
18395,g_18395,train
18396,g_18396,train
18397,g_18397,train
18398,g_18398,train
18399,g_18399,train
18400,g_18400,train
18401,g_18401,train
18402,g_18402,train
18403,g_18403,test
18404,g_18404,train
18405,g_18405,train
18406,g_18406,test
18407,g_18407,train
18408,g_18408,train
18409,g_18409,train
18410,g_18410,train
18411,g_18411,train
18412,g_18412,train
18413,g_18413,train
18414,g_18414,validation
18415,g_18415,train
18416,g_18416,train
18417,g_18417,train
18418,g_18418,train
18419,g_18419,train
18420,g_18420,train
18421,g_18421,test
18422,g_18422,train
18423,g_18423,train
18424,g_18424,train
18425,g_18425,test
18426,g_18426,validation
18427,g_18427,train
18428,g_18428,train
18429,g_18429,train
18430,g_18430,train
18431,g_18431,train
18432,g_18432,train
18433,g_18433,train
18434,g_18434,train
18435,g_18435,train
18436,g_18436,train
18437,g_18437,train
18438,g_18438,train
18439,g_18439,train
18440,g_18440,validation
18441,g_18441,train
18442,g_18442,train
18443,g_18443,train
18444,g_18444,train
18445,g_18445,test
18446,g_18446,train
18447,g_18447,train
18448,g_18448,train
18449,g_18449,train
18450,g_18450,train
18451,g_18451,train
18452,g_18452,train
18453,g_18453,train
18454,g_18454,train
18455,g_18455,train
18456,g_18456,train
18457,g_18457,train
18458,g_18458,train
18459,g_18459,train
18460,g_18460,train
18461,g_14682,test
18462,g_12963,train
18463,g_18463,train
18464,g_18464,test
18465,g_18465,train
18466,g_14381,train
18467,g_13334,validation
18468,g_18468,train
18469,g_18469,train
18470,g_18470,test
18471,g_18471,train
18472,g_18472,train
18473,g_18473,train
18474,g_18474,train
18475,g_18475,validation
18476,g_18476,train
18477,g_18477,train
18478,g_18478,validation
18479,g_18479,train
18480,g_18480,train
18481,g_18481,train
18482,g_18482,train
18483,g_18483,train
18484,g_18484,train
18485,g_18485,train
18486,g_18486,train
18487,g_18487,validation
18488,g_18488,test
18489,g_18489,train
18490,g_12964,validation
18491,g_18491,train
18492,g_18492,validation
18493,g_18493,train
18494,g_18494,train
18495,g_18495,train
18496,g_18496,train
18497,g_18497,train
18498,g_18498,train
18499,g_18499,train
18500,g_18500,train
18501,g_18501,train
18502,g_18502,train
18503,g_18503,validation
18504,g_18504,train
18505,g_18505,train
18506,g_18506,train
18507,g_18507,train
18508,g_18508,validation
18509,g_18509,train
18510,g_18510,train
18511,g_18511,train
18512,g_18512,train
18513,g_18513,train
18514,g_18514,train
18515,g_18515,train
18516,g_14396,train
18517,g_18517,train
18518,g_18518,train
18519,g_18519,train
18520,g_18520,train
18521,g_18521,train
18522,g_18522,train
18523,g_18523,test
18524,g_18524,train
18525,g_18525,train
18526,g_18526,train
18527,g_18527,train
18528,g_18528,train
18529,g_18529,train
18530,g_18530,validation
18531,g_18531,validation
18532,g_18532,validation
18533,g_18533,test
18534,g_18534,train
18535,g_13686,train
18536,g_18536,train
18537,g_18537,train
18538,g_18538,train
18539,g_18539,train
18540,g_18540,train
18541,g_18541,train
18542,g_13029,test
18543,g_18543,train
18544,g_18544,train
18545,g_18545,train
18546,g_18546,train
18547,g_14200,train
18548,g_18548,train
18549,g_18549,train
18550,g_18550,train
18551,g_18551,train
18552,g_18552,train
18553,g_18553,train
18554,g_13018,validation
18555,g_18555,train
18556,g_18556,test
18557,g_18557,train
18558,g_13236,train
18559,g_18559,train
18560,g_18560,train
18561,g_18561,train
18562,g_18562,validation
18563,g_18563,train
18564,g_18564,train
18565,g_18565,train
18566,g_13695,test
18567,g_18567,train
18568,g_18568,train
18569,g_18569,test
18570,g_18570,train
18571,g_18571,train
18572,g_14630,test
18573,g_18573,train
18574,g_18574,train
18575,g_13528,train
18576,g_18576,train
18577,g_13719,train
18578,g_18578,validation
18579,g_18579,train
18580,g_18580,train
18581,g_18581,test
18582,g_18582,validation
18583,g_18583,train
18584,g_14457,train
18585,g_18585,test
18586,g_18586,train
18587,g_18587,train
18588,g_18588,train
18589,g_18589,train
18590,g_18590,train
18591,g_18591,train
18592,g_13917,train
18593,g_18593,train
18594,g_18594,train
18595,g_18595,train
18596,g_13123,test
18597,g_18597,train
18598,g_18598,train
18599,g_18599,train
18600,g_13083,train
18601,g_18601,train
18602,g_18602,train
18603,g_18603,train
18604,g_18604,train
18605,g_18605,train
18606,g_18606,train
18607,g_18607,train
18608,g_18608,train
18609,g_18609,validation
18610,g_13033,train
18611,g_12834,train
18612,g_13658,train
18613,g_18613,test
18614,g_18614,train
18615,g_18615,train
18616,g_18616,test
18617,g_18617,train
18618,g_18618,train
18619,g_14261,train
18620,g_18620,train
18621,g_18621,validation
18622,g_18622,train
18623,g_18623,train
18624,g_18624,train
18625,g_14223,train
18626,g_18626,train
18627,g_18627,train
18628,g_13702,train
18629,g_18629,test
18630,g_18630,train
18631,g_18631,train
18632,g_18632,train
18633,g_18633,train
18634,g_18634,train
18635,g_18635,train
18636,g_18636,train
18637,g_18637,train
18638,g_18638,train
18639,g_18639,train
18640,g_18640,train
18641,g_18641,train
18642,g_13572,train
18643,g_18643,train
18644,g_18644,train
18645,g_18645,train
18646,g_14799,train
18647,g_18647,validation
18648,g_18648,train
18649,g_18649,train
18650,g_18650,train
18651,g_18651,train
18652,g_14877,train
18653,g_18653,train
18654,g_18654,train
18655,g_18655,train
18656,g_18656,train
18657,g_18657,train
18658,g_18658,train
18659,g_18659,validation
18660,g_13334,validation
18661,g_18661,validation
18662,g_18662,train
18663,g_18663,train
18664,g_18664,train
18665,g_18665,test
18666,g_18666,train
18667,g_18667,train
18668,g_18668,train
18669,g_18669,train
18670,g_18670,validation
18671,g_18671,train
18672,g_18672,train
18673,g_18673,train
18674,g_18674,train
18675,g_18675,train
18676,g_18676,train
18677,g_18677,test
18678,g_18678,train
18679,g_18679,train
18680,g_18680,train
18681,g_18681,test
18682,g_18682,validation
18683,g_18683,test
18684,g_18684,train
18685,g_18685,train
18686,g_18686,train
18687,g_18687,train
18688,g_18688,train
18689,g_18689,train
18690,g_18690,train
18691,g_18691,train
18692,g_18692,train
18693,g_18693,train
18694,g_18694,train
18695,g_18695,train
18696,g_18696,train
18697,g_18697,train
18698,g_18698,train
18699,g_18699,train
18700,g_18700,train
18701,g_18701,train
18702,g_18702,validation
18703,g_18703,validation
18704,g_18704,train
18705,g_18705,test
18706,g_18706,train
18707,g_18707,train
18708,g_18708,train
18709,g_18709,train
18710,g_18710,test
18711,g_18711,train
18712,g_18712,train
18713,g_18713,train
18714,g_18714,train
18715,g_18715,train
18716,g_18716,train
18717,g_3867,train
18718,g_18718,train
18719,g_18719,validation
18720,g_18720,train
18721,g_18721,test
18722,g_18722,train
18723,g_18723,train
18724,g_18724,train
18725,g_18725,train
18726,g_18726,train
18727,g_18727,train
18728,g_18728,test
18729,g_18729,train
18730,g_18730,train
18731,g_18731,validation
18732,g_18732,train
18733,g_18733,train
18734,g_18734,train
18735,g_18735,train
18736,g_18736,train
18737,g_18737,train
18738,g_18738,train
18739,g_18739,train
18740,g_18740,train
18741,g_18741,train
18742,g_18742,train
18743,g_18743,train
18744,g_18744,validation
18745,g_18745,test
18746,g_18746,validation
18747,g_18747,train
18748,g_18748,train
18749,g_18749,train
18750,g_18750,validation
18751,g_18751,train
18752,g_18752,validation
18753,g_18753,test
18754,g_18754,train
18755,g_18755,test
18756,g_18756,test
18757,g_18757,train
18758,g_18758,train
18759,g_18759,train
18760,g_18760,train
18761,g_18761,validation
18762,g_18762,train
18763,g_18763,validation
18764,g_18764,train
18765,g_18765,train
18766,g_18766,train
18767,g_18767,train
18768,g_18768,train
18769,g_18769,train
18770,g_18770,train
18771,g_18771,train
18772,g_18772,train
18773,g_18773,train
18774,g_18774,validation
18775,g_18775,train
18776,g_18776,train
18777,g_18777,train
18778,g_18778,train
18779,g_18779,validation
18780,g_18780,train
18781,g_18781,validation
18782,g_18782,train
18783,g_18783,train
18784,g_18784,train
18785,g_18785,train
18786,g_18786,train
18787,g_18787,train
18788,g_18788,validation
18789,g_18789,train
18790,g_18790,train
18791,g_18791,test
18792,g_18792,train
18793,g_18793,train
18794,g_18794,train
18795,g_18795,train
18796,g_18796,train
18797,g_18797,test
18798,g_18798,train
18799,g_18799,train
18800,g_18800,train
18801,g_18801,train
18802,g_18802,train
18803,g_18803,test
18804,g_18804,train
18805,g_18805,train
18806,g_18806,train
18807,g_18807,train
18808,g_18808,train
18809,g_18809,train
18810,g_18810,test
18811,g_18811,train
18812,g_18812,train
18813,g_18813,test
18814,g_18814,train
18815,g_18815,train
18816,g_18816,train
18817,g_18817,train
18818,g_18818,train
18819,g_18819,train
18820,g_18820,train
18821,g_18821,train
18822,g_18822,validation
18823,g_18823,train
18824,g_18824,train
18825,g_18825,train
18826,g_18826,train
18827,g_18827,train
18828,g_18828,train
18829,g_18829,train
18830,g_18830,train
18831,g_18831,train
18832,g_18832,train
18833,g_18833,train
18834,g_18834,train
18835,g_18835,train
18836,g_18836,train
18837,g_18837,train
18838,g_18838,train
18839,g_18839,train
18840,g_18840,train
18841,g_18841,train
18842,g_18842,validation
18843,g_18843,validation
18844,g_18844,train
18845,g_18845,train
18846,g_18846,train
18847,g_18847,train
18848,g_18848,train
18849,g_18849,train
18850,g_18850,train
18851,g_18851,test
18852,g_18852,train
18853,g_18853,train
18854,g_18854,train
18855,g_18855,test
18856,g_18856,train
18857,g_18857,validation
18858,g_18858,train
18859,g_18859,validation
18860,g_18860,train
18861,g_18861,validation
18862,g_18862,train
18863,g_18863,train
18864,g_18864,train
18865,g_18865,train
18866,g_18866,train
18867,g_18867,train
18868,g_18868,test
18869,g_18869,train
18870,g_18870,train
18871,g_18871,train
18872,g_18872,test
18873,g_18873,train
18874,g_18874,validation
18875,g_18875,train
18876,g_18876,train
18877,g_18877,train
18878,g_18878,train
18879,g_18879,train
18880,g_18880,train
18881,g_18881,train
18882,g_18882,train
18883,g_18883,train
18884,g_18884,train
18885,g_18885,train
18886,g_18886,test
18887,g_18887,train
18888,g_18888,train
18889,g_18889,train
18890,g_18890,train
18891,g_18891,validation
18892,g_18892,train
18893,g_18893,train
18895,g_18895,train
18896,g_18896,train
18897,g_18897,train
18898,g_18898,train
18899,g_18899,train
18900,g_18900,train
18901,g_18901,train
18902,g_18902,train
18903,g_18903,train
18904,g_18904,train
18905,g_18905,train
18906,g_18906,train
18907,g_18907,train
18908,g_18908,train
18909,g_18909,validation
18910,g_18910,validation
18911,g_18911,test
18912,g_18912,train
18913,g_18913,train
18914,g_18914,train
18915,g_18915,train
18916,g_18916,train
18917,g_18917,train
18918,g_18918,train
18919,g_18919,test
18920,g_18920,train
18921,g_18921,train
18922,g_18922,train
18923,g_18923,test
18924,g_18924,train
18925,g_18925,validation
18926,g_18926,train
18927,g_18927,train
18928,g_18928,train
18929,g_18929,train
18930,g_18930,test
18931,g_18931,test
18932,g_18932,train
18933,g_18933,train
18934,g_18934,train
18935,g_18935,train
18936,g_18936,test
18937,g_18937,train
18938,g_18938,train
18939,g_18939,train
18940,g_18940,train
18941,g_18941,test
18942,g_18942,train
18943,g_18943,train
18944,g_18944,train
18945,g_18945,train
18946,g_18946,train
18947,g_18947,train
18948,g_18948,train
18949,g_18949,train
18950,g_18950,test
18951,g_18951,train
18952,g_18952,train
18953,g_18953,train
18954,g_18954,train
18955,g_18955,train
18956,g_18956,train
18957,g_18957,train
18958,g_18958,train
18959,g_18959,train
18960,g_18960,train
18961,g_18961,train
18962,g_18962,train
18963,g_18963,train
18964,g_18964,train
18965,g_18965,train
18966,g_18966,train
18967,g_18967,train
18968,g_18968,validation
18969,g_18969,train
18970,g_18970,train
18971,g_18971,train
18972,g_18972,train
18973,g_18973,train
18974,g_18974,test
18975,g_18975,test
18976,g_18976,train
18977,g_18977,test
18978,g_18978,train
18979,g_18979,test
18980,g_18980,train
18981,g_18981,train
18982,g_18982,train
18983,g_18983,train
18984,g_18984,train
18985,g_18985,train
18986,g_18986,test
18987,g_18987,train
18988,g_18988,train
18989,g_18989,validation
18990,g_18990,train
18991,g_18991,train
18992,g_18992,train
18993,g_18993,train
18994,g_18994,train
18995,g_18995,train
18996,g_18996,train
18997,g_18997,train
18998,g_18998,train
18999,g_18999,train
19000,g_19000,train
19001,g_19001,train
19002,g_19002,train
19003,g_19003,train
19004,g_19004,train
19005,g_19005,train
19006,g_19006,train
19007,g_19007,train
19008,g_19008,test
19009,g_19009,train
19010,g_19010,train
19011,g_19011,train
19012,g_19012,test
19013,g_19013,train
19014,g_19014,train
19015,g_19015,train
19016,g_19016,train
19017,g_19017,train
19018,g_19018,train
19019,g_19019,train
19020,g_19020,test
19021,g_19021,train
19022,g_19022,train
19023,g_19023,train
19024,g_19024,validation
19025,g_19025,train
19026,g_19026,validation
19027,g_19027,train
19028,g_19028,train
19029,g_19029,validation
19030,g_19030,test
19031,g_19031,test
19032,g_19032,train
19033,g_19033,test
19034,g_19034,train
19035,g_19035,test
19036,g_19036,validation
19037,g_19037,train
19038,g_19038,train
19039,g_19039,train
19040,g_19040,test
19041,g_19041,train
19042,g_19042,train
19043,g_19043,test
19044,g_19044,train
19045,g_19045,train
19046,g_19046,train
19047,g_19047,train
19048,g_19048,train
19049,g_19049,train
19050,g_19050,train
19051,g_19051,train
19052,g_19052,train
19053,g_19053,train
19054,g_19054,train
19055,g_19055,train
19056,g_19056,train
19057,g_19057,train
19058,g_19058,train
19059,g_19059,train
19060,g_19060,train
19061,g_19061,train
19062,g_19062,test
19063,g_2980,validation
19064,g_19064,test
19065,g_19065,train
19066,g_19066,test
19067,g_19067,validation
19068,g_19068,test
19069,g_19069,train
19070,g_19070,train
19071,g_19071,train
19072,g_19072,train
19073,g_19073,test
19074,g_19074,train
19075,g_19075,train
19076,g_19076,test
19077,g_19077,train
19078,g_19078,train
19079,g_19079,test
19080,g_19080,train
19081,g_19081,train
19082,g_19082,train
19083,g_19083,train
19084,g_19084,train
19085,g_19085,train
19086,g_19086,train
19087,g_19087,train
19088,g_19088,train
19089,g_19089,train
19090,g_19090,train
19091,g_19091,train
19092,g_19092,train
19093,g_19093,train
19094,g_19094,validation
19095,g_19095,train
19096,g_19096,train
19097,g_19097,train
19098,g_19098,test
19099,g_19099,validation
19100,g_19100,train
19101,g_19101,test
19102,g_19102,train
19103,g_19103,train
19104,g_19104,validation
19105,g_19105,train
19106,g_19106,train
19107,g_19107,train
19108,g_19108,train
19109,g_19109,train
19111,g_19111,train
19112,g_19011,train
19113,g_19113,train
19114,g_19114,train
19115,g_18943,train
19116,g_19116,train
19117,g_18944,train
19118,g_19118,train
19119,g_19119,train
19122,g_19122,train
19123,g_19123,train
19124,g_19124,train
19127,g_19127,train
19128,g_19128,train
19129,g_19129,test
19130,g_18954,train
19131,g_19131,train
19132,g_19132,train
19133,g_19133,train
19136,g_19136,train
19137,g_19137,train
19138,g_18958,train
19141,g_19141,test
19142,g_19142,train
19143,g_19143,train
19144,g_19144,validation
19145,g_19145,train
19146,g_18963,train
19147,g_19147,train
19148,g_19148,train
19149,g_18966,train
19152,g_19152,test
19153,g_19153,test
19154,g_18970,train
19155,g_19155,train
19156,g_19156,train
19157,g_19157,train
19158,g_19158,train
19160,g_19160,train
19161,g_19161,train
19162,g_19162,test
19164,g_19164,validation
19166,g_19166,validation
19167,g_19167,train
19168,g_19168,train
19170,g_19170,train
19171,g_19171,train
19172,g_19172,train
19173,g_18980,train
19174,g_19174,train
19175,g_19175,train
19176,g_19176,train
19177,g_18982,train
19178,g_19178,train
19180,g_18984,train
19181,g_19181,train
19182,g_19182,train
19183,g_19183,train
19184,g_19184,train
19186,g_19186,train
19187,g_19187,validation
19188,g_19188,train
19189,g_19189,train
19190,g_19190,test
19191,g_19191,test
19192,g_19192,train
19193,g_19193,train
19194,g_18988,train
19195,g_19195,validation
19196,g_19196,train
19197,g_18990,train
19198,g_19198,test
19199,g_19199,train
19200,g_18994,train
19201,g_19201,train
19203,g_19203,train
19204,g_19204,train
19205,g_19205,train
19206,g_19206,train
19207,g_19207,validation
19208,g_19208,train
19209,g_19209,train
19212,g_19212,train
19213,g_19213,test
19214,g_19214,test
19215,g_19215,test
19216,g_19216,train
19217,g_19217,train
19219,g_19219,train
19220,g_19220,train
19221,g_19221,train
19222,g_19222,train
19223,g_19223,train
19224,g_19224,validation
19225,g_19225,train
19226,g_19226,train
19228,g_19228,test
19229,g_19229,train
19230,g_19012,test
19232,g_19232,train
19233,g_19233,train
19234,g_19234,train
19235,g_19235,train
19236,g_19236,train
19237,g_19237,train
19238,g_19238,validation
19239,g_19239,train
19240,g_19240,train
19241,g_19241,train
19242,g_19242,validation
19243,g_19243,train
19244,g_19017,train
19245,g_19245,train
19246,g_19246,train
19247,g_19247,validation
19248,g_19248,validation
19249,g_19249,train
19250,g_19250,train
19251,g_19251,test
19252,g_19023,train
19253,g_19253,train
19254,g_19254,train
19255,g_19024,validation
19256,g_19256,train
19259,g_19259,test
19260,g_19260,test
19261,g_19261,train
19262,g_19262,train
19263,g_19028,train
19264,g_19264,train
19265,g_19265,train
19266,g_19266,validation
19267,g_19267,test
19268,g_19031,test
19270,g_19270,train
19272,g_19272,train
19273,g_19273,train
19274,g_19274,validation
19275,g_19275,train
19276,g_19276,train
19277,g_19277,train
19278,g_19278,train
19279,g_19279,train
19280,g_19037,train
19281,g_19281,train
19282,g_19282,train
19283,g_19283,train
19285,g_19285,test
19286,g_19286,train
19287,g_19287,train
19291,g_19291,train
19293,g_19293,train
19294,g_19294,train
19296,g_19296,train
19298,g_19298,validation
19299,g_19299,test
19300,g_19049,train
19301,g_19301,train
19302,g_19302,train
19303,g_19303,validation
19304,g_19304,train
19305,g_19305,train
19306,g_19306,train
19307,g_19051,train
19308,g_19308,train
19309,g_19309,train
19310,g_19310,train
19311,g_19311,train
19312,g_19312,train
19314,g_19314,train
19315,g_19315,train
19316,g_19055,train
19318,g_19318,train
19320,g_19320,train
19322,g_19322,train
19323,g_19323,train
19324,g_19324,train
19325,g_19325,validation
19326,g_19326,train
19327,g_19327,train
19328,g_19062,test
19329,g_19329,train
19330,g_19330,train
19331,g_19331,train
19332,g_19332,train
19336,g_19068,test
19337,g_19337,train
19338,g_19338,train
19340,g_19340,train
19341,g_19071,train
19342,g_19342,test
19343,g_19343,train
19344,g_19344,train
19345,g_19345,train
19347,g_19347,test
19348,g_19348,validation
19349,g_19349,train
19350,g_19350,train
19351,g_19351,train
19352,g_19352,train
19353,g_19353,train
19354,g_19354,train
19355,g_19355,train
19356,g_19356,train
19357,g_19357,train
19358,g_19358,train
19359,g_19359,train
19360,g_19360,train
19362,g_19362,train
19363,g_19079,test
19364,g_19364,train
19366,g_19366,validation
19368,g_19368,train
19369,g_19369,train
19370,g_19370,validation
19371,g_19371,train
19372,g_19372,test
19373,g_19373,train
19374,g_19084,train
19376,g_19086,train
19377,g_19377,train
19378,g_19378,train
19379,g_19379,train
19380,g_19380,validation
19382,g_19382,validation
19383,g_19090,train
19384,g_19384,test
19385,g_19385,train
19386,g_19386,train
19387,g_19387,train
19389,g_19095,train
19390,g_19096,train
19392,g_19392,train
19393,g_19393,train
19394,g_19394,train
19395,g_19395,train
19396,g_19396,train
19397,g_19397,train
19398,g_19398,train
19400,g_19400,train
19401,g_19401,train
19402,g_19402,validation
19403,g_19403,train
19404,g_19404,train
19405,g_19104,validation
19406,g_19406,train
19408,g_19408,validation
19409,g_19409,train
19410,g_19410,train
19411,g_19411,train
19412,g_19108,train
19413,g_19413,train
19414,g_19414,train
19415,g_19415,train
19417,g_19417,train
19418,g_19113,train
19419,g_19419,train
19420,g_19420,train
